Society_ID,T_Offset,Society,Year,V_Mean,V_Min,B_Mean,Lambda2,s_min,Regime_v11
Society_A,T+0,Russia,1800,7.9625,2.9,0.1928,1.1862,-0.1872,LOCAL_NODE_FAILURE
Society_A,T+1,Russia,1801,7.575,4.4,0.1921,1.2105,-0.1915,LOCAL_NODE_FAILURE
Society_A,T+10,Russia,1810,7.6375,3.5,0.1882,1.1787,-0.3326,LOCAL_NODE_FAILURE
Society_A,T+100,Russia,1900,9.2125,4.3,0.2219,1.3811,-0.2022,LOCAL_NODE_FAILURE
Society_A,T+101,Russia,1901,9.225,4.7,0.223,1.3894,-0.1142,STRAINED
Society_A,T+102,Russia,1902,9.0375,3.1,0.2166,1.3273,-0.3283,LOCAL_NODE_FAILURE
Society_A,T+103,Russia,1903,9.0,3.9,0.2147,1.3418,-0.3192,LOCAL_NODE_FAILURE
Society_A,T+104,Russia,1904,5.65,3.1,0.1535,0.9645,-0.9984,PHANTOM_TYPE_II
Society_A,T+105,Russia,1905,2.45,0.0,0.1074,0.7042,-1.0349,SYSTEMIC_CRISIS
Society_A,T+106,Russia,1906,9.1375,7.7,0.2176,1.3364,0.0454,STRAINED
Society_A,T+107,Russia,1907,8.9625,6.6,0.2137,1.3112,-0.0749,STRAINED
Society_A,T+108,Russia,1908,8.8,6.8,0.2063,1.2576,-0.04,STRAINED
Society_A,T+109,Russia,1909,8.8125,7.4,0.2056,1.2638,0.1152,STRAINED
Society_A,T+11,Russia,1811,7.8875,3.5,0.1946,1.2266,-0.2517,LOCAL_NODE_FAILURE
Society_A,T+110,Russia,1910,8.65,7.1,0.21,1.3198,0.0354,STRAINED
Society_A,T+111,Russia,1911,8.9125,7.4,0.2152,1.3258,0.0416,STRAINED
Society_A,T+112,Russia,1912,8.5875,6.8,0.2035,1.2549,0.0368,STRAINED
Society_A,T+113,Russia,1913,9.0,7.4,0.215,1.2906,0.127,STRAINED
Society_A,T+114,Russia,1914,8.7125,6.4,0.2009,1.2718,-0.1555,STRAINED
Society_A,T+115,Russia,1915,5.7375,3.2,0.1474,0.9502,-0.7776,PHANTOM_TYPE_II
Society_A,T+116,Russia,1916,3.725,-0.2,0.1212,0.7296,-0.7603,SYSTEMIC_CRISIS
Society_A,T+117,Russia,1917,-1.825,-4.1,0.0622,0.3697,-0.9504,FREEZE_COLLAPSE
Society_A,T+118,Russia,1918,-0.3875,-3.5,0.0807,0.4305,-1.4062,FREEZE_COLLAPSE
Society_A,T+119,Russia,1919,0.6875,-3.5,0.0902,0.476,-1.2902,SYSTEMIC_CRISIS
Society_A,T+12,Russia,1812,5.1125,-1.7,0.1364,0.7849,-0.812,SYSTEMIC_CRISIS
Society_A,T+120,Russia,1920,1.65,-3.4,0.0988,0.5226,-0.7539,SYSTEMIC_CRISIS
Society_A,T+121,Russia,1921,2.95,-0.5,0.118,0.718,-1.3133,SYSTEMIC_CRISIS
Society_A,T+122,Russia,1922,7.2,4.0,0.1872,1.1347,-0.3696,LOCAL_NODE_FAILURE
Society_A,T+123,Russia,1923,7.225,5.0,0.1822,1.107,-0.2318,STRAINED
Society_A,T+124,Russia,1924,6.6375,4.2,0.1727,1.0629,-0.5914,LOCAL_NODE_FAILURE
Society_A,T+125,Russia,1925,7.575,4.1,0.1935,1.2059,-0.2912,LOCAL_NODE_FAILURE
Society_A,T+126,Russia,1926,7.15,3.3,0.1811,1.0954,-0.3466,LOCAL_NODE_FAILURE
Society_A,T+127,Russia,1927,7.6,5.1,0.1986,1.2434,-0.49,STRAINED
Society_A,T+128,Russia,1928,6.1875,-0.9,0.1614,0.8516,-0.8026,LOCAL_NODE_FAILURE
Society_A,T+129,Russia,1929,5.65,-2.1,0.1526,0.7012,-1.152,SYSTEMIC_CRISIS
Society_A,T+13,Russia,1813,7.3625,3.2,0.1748,1.1064,-0.5292,LOCAL_NODE_FAILURE
Society_A,T+130,Russia,1930,5.2625,-4.3,0.1474,0.618,-1.0368,SYSTEMIC_CRISIS
Society_A,T+131,Russia,1931,4.65,-4.6,0.1335,0.5293,-0.936,SYSTEMIC_CRISIS
Society_A,T+132,Russia,1932,4.45,-4.1,0.1308,0.5678,-1.156,SYSTEMIC_CRISIS
Society_A,T+133,Russia,1933,7.9875,2.4,0.1795,0.9339,-0.4613,LOCAL_NODE_FAILURE
Society_A,T+134,Russia,1934,8.5375,3.3,0.1871,1.075,-0.5262,LOCAL_NODE_FAILURE
Society_A,T+135,Russia,1935,8.5625,2.3,0.1952,1.0037,-0.3672,LOCAL_NODE_FAILURE
Society_A,T+136,Russia,1936,7.425,1.7,0.177,0.958,-0.7696,LOCAL_NODE_FAILURE
Society_A,T+137,Russia,1937,4.425,1.2,0.1318,0.766,-1.794,PHANTOM_TYPE_II
Society_A,T+138,Russia,1938,4.775,1.5,0.1429,0.8162,-1.026,PHANTOM_TYPE_II
Society_A,T+139,Russia,1939,9.1125,6.1,0.2085,1.2562,-0.1997,STRAINED
Society_A,T+14,Russia,1814,8.5875,5.2,0.2025,1.2482,-0.204,STRAINED
Society_A,T+140,Russia,1940,9.4125,6.9,0.2177,1.2905,-0.2268,STRAINED
Society_A,T+141,Russia,1941,5.3,1.8,0.1356,0.8725,-1.1904,PHANTOM_TYPE_II
Society_A,T+142,Russia,1942,5.3,1.0,0.1364,0.8473,-1.392,PHANTOM_TYPE_II
Society_A,T+143,Russia,1943,8.6,5.8,0.1897,1.1453,-0.7424,STRAINED
Society_A,T+144,Russia,1944,10.125,4.0,0.2129,1.2761,-0.1814,LOCAL_NODE_FAILURE
Society_A,T+145,Russia,1945,10.8625,6.7,0.2493,1.4482,-0.2808,STRAINED
Society_A,T+146,Russia,1946,10.1875,6.1,0.2307,1.3564,-0.132,STRAINED
Society_A,T+147,Russia,1947,8.2125,3.1,0.19,1.0879,-0.504,LOCAL_NODE_FAILURE
Society_A,T+148,Russia,1948,9.9875,6.4,0.2214,1.2921,-0.1835,STRAINED
Society_A,T+149,Russia,1949,10.2875,6.3,0.2304,1.3358,-0.2184,STRAINED
Society_A,T+15,Russia,1815,7.9875,2.9,0.1987,1.2166,-0.312,LOCAL_NODE_FAILURE
Society_A,T+150,Russia,1950,9.875,5.1,0.2215,1.3249,-0.3629,STRAINED
Society_A,T+151,Russia,1951,10.025,5.3,0.2236,1.3225,-0.2678,STRAINED
Society_A,T+152,Russia,1952,10.4125,6.6,0.2279,1.3276,-0.0816,STRAINED
Society_A,T+153,Russia,1953,9.75,5.7,0.2192,1.3403,-0.1398,STRAINED
Society_A,T+154,Russia,1954,10.2,6.8,0.2338,1.3796,-0.0374,STRAINED
Society_A,T+155,Russia,1955,10.95,6.9,0.2525,1.5075,-0.0395,STABLE_ADAPTIVE
Society_A,T+156,Russia,1956,11.1625,6.3,0.2517,1.5248,-0.035,STABLE_ADAPTIVE
Society_A,T+157,Russia,1957,12.075,8.6,0.2765,1.6493,0.32,STABLE_ADAPTIVE
Society_A,T+158,Russia,1958,12.0375,7.3,0.2761,1.5933,0.0806,STABLE_ADAPTIVE
Society_A,T+159,Russia,1959,11.6375,7.3,0.2639,1.5301,0.1094,STABLE_ADAPTIVE
Society_A,T+16,Russia,1816,8.025,3.9,0.1955,1.2217,-0.2432,LOCAL_NODE_FAILURE
Society_A,T+160,Russia,1960,12.3125,8.1,0.2812,1.6609,0.21,STABLE_ADAPTIVE
Society_A,T+161,Russia,1961,11.525,8.2,0.2624,1.5571,0.1613,STABLE_ADAPTIVE
Society_A,T+162,Russia,1962,11.3,8.4,0.2374,1.4603,0.0868,STRAINED
Society_A,T+163,Russia,1963,10.1875,6.0,0.2412,1.3568,-0.162,STRAINED
Society_A,T+164,Russia,1964,10.3,6.8,0.2372,1.4087,-0.0957,STRAINED
Society_A,T+165,Russia,1965,10.9625,7.3,0.2584,1.508,0.076,STABLE_ADAPTIVE
Society_A,T+166,Russia,1966,11.5,8.4,0.2736,1.5903,0.2496,STABLE_ADAPTIVE
Society_A,T+167,Russia,1967,11.325,8.3,0.266,1.6091,0.1411,STABLE_ADAPTIVE
Society_A,T+168,Russia,1968,10.75,8.2,0.2448,1.4374,-0.0696,STRAINED
Society_A,T+169,Russia,1969,11.1875,7.1,0.2642,1.5132,0.1049,STABLE_ADAPTIVE
Society_A,T+17,Russia,1817,8.025,3.2,0.1978,1.2235,-0.1958,LOCAL_NODE_FAILURE
Society_A,T+170,Russia,1970,11.225,8.3,0.2626,1.542,0.3146,STABLE_ADAPTIVE
Society_A,T+171,Russia,1971,10.425,7.1,0.2507,1.5198,0.0,STABLE_ADAPTIVE
Society_A,T+172,Russia,1972,10.3875,7.2,0.2458,1.4684,-0.0499,STRAINED
Society_A,T+173,Russia,1973,10.65,8.0,0.259,1.5147,0.208,STABLE_ADAPTIVE
Society_A,T+174,Russia,1974,10.5,7.5,0.2496,1.4852,0.114,STRAINED
Society_A,T+175,Russia,1975,10.4125,7.1,0.245,1.4782,-0.048,STRAINED
Society_A,T+176,Russia,1976,10.275,7.4,0.2488,1.5214,-0.1082,STRAINED
Society_A,T+177,Russia,1977,10.175,6.7,0.2422,1.4792,-0.0883,STRAINED
Society_A,T+178,Russia,1978,10.3625,6.8,0.2511,1.521,-0.088,STABLE_ADAPTIVE
Society_A,T+179,Russia,1979,10.0375,7.6,0.2327,1.4328,0.0499,STRAINED
Society_A,T+18,Russia,1818,8.0875,3.3,0.1978,1.2117,-0.247,LOCAL_NODE_FAILURE
Society_A,T+180,Russia,1980,8.6875,6.9,0.2045,1.2861,-0.096,STRAINED
Society_A,T+181,Russia,1981,8.925,7.3,0.2164,1.3479,-0.1123,STRAINED
Society_A,T+182,Russia,1982,8.9,7.6,0.216,1.3628,-0.0562,STRAINED
Society_A,T+183,Russia,1983,8.8375,6.9,0.2074,1.2944,-0.096,STRAINED
Society_A,T+184,Russia,1984,9.0,7.0,0.2162,1.3536,-0.062,STRAINED
Society_A,T+185,Russia,1985,10.125,7.3,0.2315,1.3993,-0.0518,STRAINED
Society_A,T+186,Russia,1986,9.4875,6.5,0.2167,1.3344,-0.4262,STRAINED
Society_A,T+187,Russia,1987,10.075,6.9,0.2379,1.4588,-0.096,STRAINED
Society_A,T+188,Russia,1988,8.5,6.4,0.2011,1.2062,-0.4867,STRAINED
Society_A,T+189,Russia,1989,7.775,5.2,0.1899,1.1523,-1.2144,LOCAL_NODE_FAILURE
Society_A,T+19,Russia,1819,8.25,3.5,0.2032,1.2554,-0.24,LOCAL_NODE_FAILURE
Society_A,T+190,Russia,1990,5.225,2.4,0.1469,0.8745,-0.9485,PHANTOM_TYPE_II
Society_A,T+191,Russia,1991,2.2,-1.6,0.1081,0.6521,-1.4414,SYSTEMIC_CRISIS
Society_A,T+192,Russia,1992,0.9125,-1.7,0.0866,0.5456,-0.884,SYSTEMIC_CRISIS
Society_A,T+193,Russia,1993,1.25,-0.6,0.0888,0.5673,-0.7616,SYSTEMIC_CRISIS
Society_A,T+194,Russia,1994,0.9875,-1.7,0.0908,0.5644,-0.9072,SYSTEMIC_CRISIS
Society_A,T+195,Russia,1995,2.0625,-0.1,0.0962,0.6018,-0.6019,SYSTEMIC_CRISIS
Society_A,T+196,Russia,1996,1.4125,-1.9,0.0876,0.5564,-0.6989,SYSTEMIC_CRISIS
Society_A,T+197,Russia,1997,3.9125,3.1,0.1233,0.7843,-0.6221,LOCAL_NODE_FAILURE
Society_A,T+198,Russia,1998,1.375,-1.9,0.0938,0.5818,-0.8758,SYSTEMIC_CRISIS
Society_A,T+199,Russia,1999,3.2875,2.2,0.1205,0.7343,-0.9439,PHANTOM_TYPE_II
Society_A,T+2,Russia,1802,7.675,3.6,0.1902,1.1767,-0.2352,LOCAL_NODE_FAILURE
Society_A,T+20,Russia,1820,7.95,3.5,0.1953,1.215,-0.2052,LOCAL_NODE_FAILURE
Society_A,T+200,Russia,2000,8.3125,7.3,0.2033,1.2537,0.0,STRAINED
Society_A,T+201,Russia,2001,8.2375,6.1,0.1937,1.2054,-0.2995,STRAINED
Society_A,T+202,Russia,2002,8.1,6.4,0.1948,1.2359,-0.2381,STRAINED
Society_A,T+203,Russia,2003,8.45,6.8,0.2007,1.2378,-0.2592,STRAINED
Society_A,T+204,Russia,2004,11.3625,7.8,0.264,1.5528,0.0552,STABLE_ADAPTIVE
Society_A,T+205,Russia,2005,11.8625,8.0,0.2771,1.6396,-0.0605,STABLE_ADAPTIVE
Society_A,T+206,Russia,2006,11.5875,7.2,0.2689,1.5329,-0.168,STABLE_ADAPTIVE
Society_A,T+207,Russia,2007,11.725,8.7,0.2681,1.6367,0.1253,STABLE_ADAPTIVE
Society_A,T+208,Russia,2008,10.825,8.6,0.2434,1.4296,0.0719,STRAINED
Society_A,T+209,Russia,2009,9.45,5.9,0.2153,1.2849,-0.322,STRAINED
Society_A,T+21,Russia,1821,8.1375,4.2,0.2059,1.2947,-0.2534,LOCAL_NODE_FAILURE
Society_A,T+210,Russia,2010,11.45,10.5,0.264,1.6323,0.6055,STABLE_ADAPTIVE
Society_A,T+211,Russia,2011,11.525,10.2,0.268,1.64,0.553,STABLE_ADAPTIVE
Society_A,T+212,Russia,2012,10.8875,7.6,0.2523,1.5156,-0.112,STABLE_ADAPTIVE
Society_A,T+213,Russia,2013,11.8375,9.4,0.2739,1.6918,0.384,STABLE_ADAPTIVE
Society_A,T+214,Russia,2014,10.9875,8.8,0.2438,1.4847,0.0624,STRAINED
Society_A,T+215,Russia,2015,9.3625,6.0,0.2091,1.2543,-0.4666,STRAINED
Society_A,T+216,Russia,2016,9.0875,4.5,0.2057,1.1807,-0.75,LOCAL_NODE_FAILURE
Society_A,T+217,Russia,2017,11.15,8.9,0.2548,1.5655,-0.0691,STABLE_ADAPTIVE
Society_A,T+218,Russia,2018,11.0625,8.0,0.2503,1.519,0.0493,STABLE_ADAPTIVE
Society_A,T+219,Russia,2019,11.175,8.1,0.2566,1.5852,-0.1426,STABLE_ADAPTIVE
Society_A,T+22,Russia,1822,8.0375,3.6,0.2024,1.2447,-0.2016,LOCAL_NODE_FAILURE
Society_A,T+220,Russia,2020,8.775,5.6,0.1993,1.2344,-0.5702,STRAINED
Society_A,T+221,Russia,2021,11.275,8.3,0.258,1.5885,0.0,STABLE_ADAPTIVE
Society_A,T+222,Russia,2022,7.1125,5.0,0.1637,1.0413,-0.9504,LOCAL_NODE_FAILURE
Society_A,T+223,Russia,2023,7.3375,4.2,0.1713,1.1006,-1.2168,LOCAL_NODE_FAILURE
Society_A,T+224,Russia,2024,7.475,5.3,0.1715,1.1046,-0.8064,LOCAL_NODE_FAILURE
Society_A,T+225,Russia,2025,8.5375,5.7,0.1827,1.1309,-0.406,STRAINED
Society_A,T+226,Russia,2026,8.75,7.1,0.1905,1.172,-0.3379,STRAINED
Society_A,T+23,Russia,1823,7.7625,3.6,0.1912,1.1733,-0.2016,LOCAL_NODE_FAILURE
Society_A,T+24,Russia,1824,8.05,4.2,0.2024,1.2561,-0.2534,LOCAL_NODE_FAILURE
Society_A,T+25,Russia,1825,6.3125,3.7,0.1603,1.0389,-0.3864,LOCAL_NODE_FAILURE
Society_A,T+26,Russia,1826,8.6375,3.3,0.2212,1.3561,-0.3864,LOCAL_NODE_FAILURE
Society_A,T+27,Russia,1827,8.65,2.5,0.2188,1.3248,-0.2912,LOCAL_NODE_FAILURE
Society_A,T+28,Russia,1828,8.8875,3.7,0.2183,1.2934,-0.1512,LOCAL_NODE_FAILURE
Society_A,T+29,Russia,1829,9.25,3.2,0.2295,1.3928,-0.1958,LOCAL_NODE_FAILURE
Society_A,T+3,Russia,1803,7.625,2.7,0.1905,1.1781,-0.336,LOCAL_NODE_FAILURE
Society_A,T+30,Russia,1830,8.6375,3.1,0.2196,1.315,-0.288,LOCAL_NODE_FAILURE
Society_A,T+31,Russia,1831,8.4875,3.3,0.2111,1.2944,-0.1944,LOCAL_NODE_FAILURE
Society_A,T+32,Russia,1832,8.95,3.8,0.2238,1.3731,-0.3098,LOCAL_NODE_FAILURE
Society_A,T+33,Russia,1833,8.8125,2.8,0.2162,1.2964,-0.1728,LOCAL_NODE_FAILURE
Society_A,T+34,Russia,1834,8.775,2.8,0.2214,1.3245,-0.2554,LOCAL_NODE_FAILURE
Society_A,T+35,Russia,1835,8.9875,3.5,0.2209,1.3556,-0.24,LOCAL_NODE_FAILURE
Society_A,T+36,Russia,1836,8.6625,4.2,0.2168,1.3295,-0.1792,LOCAL_NODE_FAILURE
Society_A,T+37,Russia,1837,8.6375,3.1,0.2143,1.2963,-0.2508,LOCAL_NODE_FAILURE
Society_A,T+38,Russia,1838,8.475,3.9,0.2142,1.3103,-0.2392,LOCAL_NODE_FAILURE
Society_A,T+39,Russia,1839,8.725,3.4,0.2172,1.3112,-0.224,LOCAL_NODE_FAILURE
Society_A,T+4,Russia,1804,7.8,3.7,0.1893,1.1929,-0.216,LOCAL_NODE_FAILURE
Society_A,T+40,Russia,1840,8.5125,3.9,0.2137,1.3192,-0.2268,LOCAL_NODE_FAILURE
Society_A,T+41,Russia,1841,8.75,3.7,0.216,1.3227,-0.2288,LOCAL_NODE_FAILURE
Society_A,T+42,Russia,1842,8.525,3.2,0.215,1.2915,-0.2128,LOCAL_NODE_FAILURE
Society_A,T+43,Russia,1843,8.5625,3.5,0.2155,1.3227,-0.2052,LOCAL_NODE_FAILURE
Society_A,T+44,Russia,1844,8.475,3.2,0.2154,1.2934,-0.2822,LOCAL_NODE_FAILURE
Society_A,T+45,Russia,1845,8.8375,3.5,0.2222,1.348,-0.3168,LOCAL_NODE_FAILURE
Society_A,T+46,Russia,1846,8.65,3.7,0.2182,1.3477,-0.272,LOCAL_NODE_FAILURE
Society_A,T+47,Russia,1847,8.85,3.9,0.2146,1.3238,-0.2268,LOCAL_NODE_FAILURE
Society_A,T+48,Russia,1848,8.7875,3.3,0.2157,1.3383,-0.2842,LOCAL_NODE_FAILURE
Society_A,T+49,Russia,1849,8.6625,2.9,0.2182,1.3118,-0.2376,LOCAL_NODE_FAILURE
Society_A,T+5,Russia,1805,7.4125,4.2,0.1825,1.1631,-0.2722,LOCAL_NODE_FAILURE
Society_A,T+50,Russia,1850,8.425,2.5,0.211,1.2753,-0.3192,LOCAL_NODE_FAILURE
Society_A,T+51,Russia,1851,8.675,3.4,0.2133,1.3064,-0.224,LOCAL_NODE_FAILURE
Society_A,T+52,Russia,1852,8.9,3.7,0.2218,1.3605,-0.359,LOCAL_NODE_FAILURE
Society_A,T+53,Russia,1853,7.3125,3.3,0.181,1.156,-0.2341,LOCAL_NODE_FAILURE
Society_A,T+54,Russia,1854,5.375,1.8,0.1514,0.9729,-0.7344,PHANTOM_TYPE_II
Society_A,T+55,Russia,1855,4.5375,0.7,0.1344,0.8684,-0.8064,PHANTOM_TYPE_II
Society_A,T+56,Russia,1856,6.075,3.1,0.1579,1.0503,-0.576,LOCAL_NODE_FAILURE
Society_A,T+57,Russia,1857,7.7,4.5,0.1983,1.2249,-0.3264,LOCAL_NODE_FAILURE
Society_A,T+58,Russia,1858,7.8875,3.2,0.1967,1.153,-0.1814,LOCAL_NODE_FAILURE
Society_A,T+59,Russia,1859,7.6875,3.6,0.1929,1.2116,-0.2352,LOCAL_NODE_FAILURE
Society_A,T+6,Russia,1806,6.8875,3.9,0.1718,1.1378,-0.4032,LOCAL_NODE_FAILURE
Society_A,T+60,Russia,1860,7.825,3.9,0.1943,1.1891,-0.1456,LOCAL_NODE_FAILURE
Society_A,T+61,Russia,1861,7.175,5.0,0.1834,1.1247,-0.2944,STRAINED
Society_A,T+62,Russia,1862,8.0625,5.5,0.205,1.2503,-0.4536,STRAINED
Society_A,T+63,Russia,1863,8.4,6.1,0.2082,1.2285,-0.1296,STRAINED
Society_A,T+64,Russia,1864,8.15,5.6,0.2135,1.2716,-0.3328,STRAINED
Society_A,T+65,Russia,1865,8.3125,5.8,0.215,1.3206,-0.2534,STRAINED
Society_A,T+66,Russia,1866,8.4625,6.2,0.2116,1.2936,-0.1152,STRAINED
Society_A,T+67,Russia,1867,8.325,6.0,0.2063,1.2984,-0.1104,STRAINED
Society_A,T+68,Russia,1868,8.4,5.3,0.2098,1.2972,-0.2554,STRAINED
Society_A,T+69,Russia,1869,8.3625,5.5,0.2048,1.2649,-0.1748,STRAINED
Society_A,T+7,Russia,1807,7.3,3.3,0.1807,1.1534,-0.208,LOCAL_NODE_FAILURE
Society_A,T+70,Russia,1870,8.4,6.0,0.2107,1.279,-0.0704,STRAINED
Society_A,T+71,Russia,1871,8.5,6.6,0.2135,1.3022,-0.0749,STRAINED
Society_A,T+72,Russia,1872,8.25,5.8,0.2098,1.2782,-0.2912,STRAINED
Society_A,T+73,Russia,1873,8.4125,6.1,0.2131,1.2656,-0.12,STRAINED
Society_A,T+74,Russia,1874,8.6,6.1,0.2094,1.23,-0.081,STRAINED
Society_A,T+75,Russia,1875,8.5875,5.6,0.2184,1.2707,-0.1728,STRAINED
Society_A,T+76,Russia,1876,8.1375,6.2,0.2094,1.2731,-0.2746,STRAINED
Society_A,T+77,Russia,1877,7.9375,4.9,0.1939,1.2103,-0.3283,STRAINED
Society_A,T+78,Russia,1878,8.5875,6.0,0.2103,1.2873,-0.1536,STRAINED
Society_A,T+79,Russia,1879,8.0875,6.1,0.2088,1.2386,-0.2621,STRAINED
Society_A,T+8,Russia,1808,7.775,3.4,0.1944,1.2124,-0.3456,LOCAL_NODE_FAILURE
Society_A,T+80,Russia,1880,8.4125,5.3,0.207,1.2947,-0.2098,STRAINED
Society_A,T+81,Russia,1881,6.075,5.4,0.1577,0.9843,-0.5184,STRAINED
Society_A,T+82,Russia,1882,8.6375,3.4,0.2163,1.2949,-0.3648,LOCAL_NODE_FAILURE
Society_A,T+83,Russia,1883,8.4875,3.5,0.2179,1.2637,-0.3177,LOCAL_NODE_FAILURE
Society_A,T+84,Russia,1884,9.025,3.8,0.2232,1.3364,-0.337,LOCAL_NODE_FAILURE
Society_A,T+85,Russia,1885,8.7,3.9,0.2192,1.3043,-0.3511,LOCAL_NODE_FAILURE
Society_A,T+86,Russia,1886,8.725,3.6,0.219,1.3248,-0.3485,LOCAL_NODE_FAILURE
Society_A,T+87,Russia,1887,8.8,3.5,0.2182,1.2993,-0.3177,LOCAL_NODE_FAILURE
Society_A,T+88,Russia,1888,8.8125,4.7,0.2262,1.371,-0.4659,STRAINED
Society_A,T+89,Russia,1889,8.8625,4.4,0.224,1.3442,-0.336,LOCAL_NODE_FAILURE
Society_A,T+9,Russia,1809,7.85,3.6,0.1928,1.2034,-0.247,LOCAL_NODE_FAILURE
Society_A,T+90,Russia,1890,8.65,3.9,0.2216,1.3293,-0.2722,LOCAL_NODE_FAILURE
Society_A,T+91,Russia,1891,8.7,3.6,0.216,1.2756,-0.2765,LOCAL_NODE_FAILURE
Society_A,T+92,Russia,1892,9.075,3.8,0.2272,1.3642,-0.4224,LOCAL_NODE_FAILURE
Society_A,T+93,Russia,1893,8.425,2.7,0.2119,1.2886,-0.4536,LOCAL_NODE_FAILURE
Society_A,T+94,Russia,1894,8.6875,2.9,0.2197,1.2682,-0.456,LOCAL_NODE_FAILURE
Society_A,T+95,Russia,1895,9.175,3.8,0.2243,1.3841,-0.4576,LOCAL_NODE_FAILURE
Society_A,T+96,Russia,1896,9.175,3.7,0.2236,1.3844,-0.3024,LOCAL_NODE_FAILURE
Society_A,T+97,Russia,1897,8.9625,4.6,0.2158,1.3486,-0.2688,STRAINED
Society_A,T+98,Russia,1898,9.2375,4.0,0.2274,1.4213,-0.3696,LOCAL_NODE_FAILURE
Society_A,T+99,Russia,1899,8.9375,3.2,0.2121,1.3202,-0.2851,LOCAL_NODE_FAILURE
Society_B,T+0,Germany,1880,13.3125,8.5,0.3101,1.9034,0.3226,STABLE_ADAPTIVE
Society_B,T+1,Germany,1881,13.0375,8.2,0.2995,1.8638,0.22,STABLE_ADAPTIVE
Society_B,T+10,Germany,1890,12.425,8.5,0.2865,1.821,0.2042,STABLE_ADAPTIVE
Society_B,T+100,Germany,1980,12.0375,9.4,0.2724,1.7346,0.1934,STABLE_ADAPTIVE
Society_B,T+101,Germany,1981,11.8125,8.9,0.2568,1.6114,0.0648,STABLE_ADAPTIVE
Society_B,T+102,Germany,1982,12.0,9.2,0.2734,1.7447,0.3786,STABLE_ADAPTIVE
Society_B,T+103,Germany,1983,13.925,11.2,0.3264,2.0699,0.8064,STABLE_ADAPTIVE
Society_B,T+104,Germany,1984,13.9,9.2,0.321,2.0118,0.2413,STABLE_ADAPTIVE
Society_B,T+105,Germany,1985,13.9625,10.0,0.3267,2.0382,0.4608,STABLE_ADAPTIVE
Society_B,T+106,Germany,1986,13.875,9.9,0.3203,1.9855,0.4802,STABLE_ADAPTIVE
Society_B,T+107,Germany,1987,13.9625,9.8,0.3253,2.0358,0.4454,STABLE_ADAPTIVE
Society_B,T+108,Germany,1988,13.8,9.9,0.3219,2.0254,0.372,STABLE_ADAPTIVE
Society_B,T+109,Germany,1989,14.1125,13.1,0.3209,2.0236,1.344,STABLE_ADAPTIVE
Society_B,T+11,Germany,1891,13.0,7.5,0.299,1.8599,0.2006,STABLE_ADAPTIVE
Society_B,T+110,Germany,1990,11.925,8.5,0.2501,1.5242,-0.062,STABLE_ADAPTIVE
Society_B,T+111,Germany,1991,11.425,7.5,0.2408,1.5165,0.0,STRAINED
Society_B,T+112,Germany,1992,10.0375,5.1,0.2251,1.4155,-0.6,STRAINED
Society_B,T+113,Germany,1993,10.3875,5.4,0.2305,1.451,-0.4576,STRAINED
Society_B,T+114,Germany,1994,11.9125,7.6,0.2635,1.6412,0.0922,STABLE_ADAPTIVE
Society_B,T+115,Germany,1995,12.1375,8.5,0.2698,1.691,0.0605,STABLE_ADAPTIVE
Society_B,T+116,Germany,1996,12.2,8.0,0.2742,1.6867,0.0541,STABLE_ADAPTIVE
Society_B,T+117,Germany,1997,12.2625,7.2,0.2764,1.6965,-0.048,STABLE_ADAPTIVE
Society_B,T+118,Germany,1998,12.55,7.5,0.2838,1.7584,-0.052,STABLE_ADAPTIVE
Society_B,T+119,Germany,1999,13.0375,7.1,0.2998,1.8562,-0.0497,STABLE_ADAPTIVE
Society_B,T+12,Germany,1892,12.775,7.8,0.293,1.8368,0.2208,STABLE_ADAPTIVE
Society_B,T+120,Germany,2000,11.65,7.0,0.2627,1.6203,-0.2163,STABLE_ADAPTIVE
Society_B,T+121,Germany,2001,12.0875,6.9,0.2699,1.6754,-0.1987,STABLE_ADAPTIVE
Society_B,T+122,Germany,2002,11.9625,5.9,0.2672,1.6592,-0.336,STABLE_ADAPTIVE
Society_B,T+123,Germany,2003,11.7625,4.2,0.2588,1.5696,-0.5491,LOCAL_NODE_FAILURE
Society_B,T+124,Germany,2004,11.6,4.5,0.2515,1.5323,-0.528,LOCAL_NODE_FAILURE
Society_B,T+125,Germany,2005,13.6,8.4,0.312,1.9279,0.24,STABLE_ADAPTIVE
Society_B,T+126,Germany,2006,13.75,8.3,0.3129,1.9548,0.265,STABLE_ADAPTIVE
Society_B,T+127,Germany,2007,13.25,9.3,0.3072,1.9384,0.432,STABLE_ADAPTIVE
Society_B,T+128,Germany,2008,11.925,7.6,0.259,1.5725,0.1747,STABLE_ADAPTIVE
Society_B,T+129,Germany,2009,10.8875,7.3,0.2368,1.474,-0.181,STRAINED
Society_B,T+13,Germany,1893,12.7125,7.6,0.2892,1.7963,0.1728,STABLE_ADAPTIVE
Society_B,T+130,Germany,2010,13.1625,11.5,0.2919,1.838,0.8976,STABLE_ADAPTIVE
Society_B,T+131,Germany,2011,13.3875,10.3,0.2989,1.8817,0.496,STABLE_ADAPTIVE
Society_B,T+132,Germany,2012,13.15,10.0,0.2918,1.8323,0.5011,STABLE_ADAPTIVE
Society_B,T+133,Germany,2013,13.4625,10.9,0.2975,1.8547,0.72,STABLE_ADAPTIVE
Society_B,T+134,Germany,2014,13.3375,10.2,0.2981,1.8428,0.5184,STABLE_ADAPTIVE
Society_B,T+135,Germany,2015,11.8375,8.4,0.251,1.5351,0.0739,STABLE_ADAPTIVE
Society_B,T+136,Germany,2016,12.0875,9.5,0.2541,1.5464,0.348,STABLE_ADAPTIVE
Society_B,T+137,Germany,2017,12.4,9.4,0.2671,1.6061,0.2598,STABLE_ADAPTIVE
Society_B,T+138,Germany,2018,13.2375,10.7,0.2954,1.7879,0.6653,STABLE_ADAPTIVE
Society_B,T+139,Germany,2019,12.325,9.9,0.2804,1.7554,0.4608,STABLE_ADAPTIVE
Society_B,T+14,Germany,1894,12.675,8.0,0.2892,1.8076,0.1664,STABLE_ADAPTIVE
Society_B,T+140,Germany,2020,10.0375,5.5,0.2132,1.3219,-0.5184,STRAINED
Society_B,T+141,Germany,2021,11.1,7.0,0.2332,1.4284,-0.096,STRAINED
Society_B,T+142,Germany,2022,8.225,5.1,0.1843,1.1412,-0.756,LOCAL_NODE_FAILURE
Society_B,T+143,Germany,2023,7.8375,6.0,0.1786,1.1225,-0.784,LOCAL_NODE_FAILURE
Society_B,T+144,Germany,2024,7.2125,4.4,0.1675,1.0418,-0.7728,LOCAL_NODE_FAILURE
Society_B,T+145,Germany,2025,8.6125,6.8,0.1952,1.246,-0.2592,STRAINED
Society_B,T+146,Germany,2026,8.5875,5.2,0.1956,1.2301,-0.5808,STRAINED
Society_B,T+15,Germany,1895,12.7625,7.1,0.2899,1.7879,0.0773,STABLE_ADAPTIVE
Society_B,T+16,Germany,1896,12.55,8.0,0.2849,1.7964,0.2304,STABLE_ADAPTIVE
Society_B,T+17,Germany,1897,12.975,7.9,0.2956,1.8315,0.19,STABLE_ADAPTIVE
Society_B,T+18,Germany,1898,12.9,7.8,0.2954,1.8458,0.16,STABLE_ADAPTIVE
Society_B,T+19,Germany,1899,12.675,8.1,0.289,1.8083,0.1747,STABLE_ADAPTIVE
Society_B,T+2,Germany,1882,13.125,7.6,0.302,1.8637,0.1728,STABLE_ADAPTIVE
Society_B,T+20,Germany,1900,12.7125,7.3,0.2912,1.8361,0.076,STABLE_ADAPTIVE
Society_B,T+21,Germany,1901,12.575,7.3,0.2824,1.7537,0.1094,STABLE_ADAPTIVE
Society_B,T+22,Germany,1902,13.05,7.6,0.2974,1.8542,0.12,STABLE_ADAPTIVE
Society_B,T+23,Germany,1903,12.7125,9.0,0.2914,1.831,0.4224,STABLE_ADAPTIVE
Society_B,T+24,Germany,1904,12.875,8.1,0.2936,1.8134,0.228,STABLE_ADAPTIVE
Society_B,T+25,Germany,1905,12.95,8.0,0.2916,1.8372,0.2,STABLE_ADAPTIVE
Society_B,T+26,Germany,1906,12.8625,7.6,0.2942,1.8109,0.1987,STABLE_ADAPTIVE
Society_B,T+27,Germany,1907,13.1,7.7,0.2982,1.8444,0.152,STABLE_ADAPTIVE
Society_B,T+28,Germany,1908,13.05,7.4,0.2989,1.8292,0.1214,STABLE_ADAPTIVE
Society_B,T+29,Germany,1909,12.9875,8.7,0.2968,1.8687,0.342,STABLE_ADAPTIVE
Society_B,T+3,Germany,1883,13.375,8.3,0.309,1.932,0.252,STABLE_ADAPTIVE
Society_B,T+30,Germany,1910,13.0375,7.7,0.2975,1.843,0.0874,STABLE_ADAPTIVE
Society_B,T+31,Germany,1911,12.9875,8.5,0.286,1.8062,0.257,STABLE_ADAPTIVE
Society_B,T+32,Germany,1912,12.9625,8.6,0.296,1.8534,0.2912,STABLE_ADAPTIVE
Society_B,T+33,Germany,1913,12.925,7.8,0.2966,1.8781,0.1248,STABLE_ADAPTIVE
Society_B,T+34,Germany,1914,12.575,10.2,0.2657,1.6458,0.4536,STABLE_ADAPTIVE
Society_B,T+35,Germany,1915,10.3875,5.7,0.2235,1.3752,-0.3974,STRAINED
Society_B,T+36,Germany,1916,8.45,3.5,0.1812,1.1352,-0.4939,LOCAL_NODE_FAILURE
Society_B,T+37,Germany,1917,5.8,0.3,0.1422,0.8696,-0.672,LOCAL_NODE_FAILURE
Society_B,T+38,Germany,1918,1.7,-2.2,0.0938,0.5998,-0.8525,SYSTEMIC_CRISIS
Society_B,T+39,Germany,1919,2.575,-2.2,0.1051,0.6589,-0.9152,SYSTEMIC_CRISIS
Society_B,T+4,Germany,1884,13.2125,7.6,0.2982,1.839,0.184,STABLE_ADAPTIVE
Society_B,T+40,Germany,1920,2.9375,-0.5,0.1134,0.7072,-0.8832,SYSTEMIC_CRISIS
Society_B,T+41,Germany,1921,2.4875,-0.2,0.1056,0.6653,-0.8618,SYSTEMIC_CRISIS
Society_B,T+42,Germany,1922,1.8875,-1.8,0.0979,0.5435,-0.7987,SYSTEMIC_CRISIS
Society_B,T+43,Germany,1923,-1.1,-5.0,0.067,0.3555,-1.0322,FREEZE_COLLAPSE
Society_B,T+44,Germany,1924,6.0875,3.0,0.1655,1.0529,-0.4224,LOCAL_NODE_FAILURE
Society_B,T+45,Germany,1925,9.8,5.9,0.2342,1.5013,-0.0774,STRAINED
Society_B,T+46,Germany,1926,10.0875,5.6,0.2364,1.5149,-0.2288,STRAINED
Society_B,T+47,Germany,1927,10.6125,5.5,0.2507,1.5909,-0.0289,STABLE_ADAPTIVE
Society_B,T+48,Germany,1928,10.575,5.3,0.2518,1.5509,0.0243,STABLE_ADAPTIVE
Society_B,T+49,Germany,1929,7.5125,3.2,0.1771,1.0923,-0.3942,LOCAL_NODE_FAILURE
Society_B,T+5,Germany,1885,13.4,8.4,0.3099,1.9149,0.2957,STABLE_ADAPTIVE
Society_B,T+50,Germany,1930,5.225,1.2,0.1443,0.9034,-0.887,PHANTOM_TYPE_II
Society_B,T+51,Germany,1931,3.3875,-0.9,0.1182,0.7077,-0.909,SYSTEMIC_CRISIS
Society_B,T+52,Germany,1932,1.6,-2.4,0.0983,0.6129,-0.7286,SYSTEMIC_CRISIS
Society_B,T+53,Germany,1933,9.6875,7.5,0.2227,1.3444,-0.1901,STRAINED
Society_B,T+54,Germany,1934,12.0875,6.2,0.2749,1.4926,-0.1958,STABLE_ADAPTIVE
Society_B,T+55,Germany,1935,13.75,6.4,0.3168,1.6689,-0.3427,STABLE_ADAPTIVE
Society_B,T+56,Germany,1936,14.9,10.1,0.349,2.0461,0.2683,STABLE_ADAPTIVE
Society_B,T+57,Germany,1937,14.8,10.6,0.3399,2.019,0.3712,STABLE_ADAPTIVE
Society_B,T+58,Germany,1938,14.1,7.0,0.32,1.6814,0.0456,STABLE_ADAPTIVE
Society_B,T+59,Germany,1939,14.05,10.7,0.3051,1.8637,0.5897,STABLE_ADAPTIVE
Society_B,T+6,Germany,1886,13.15,7.6,0.3012,1.846,0.088,STABLE_ADAPTIVE
Society_B,T+60,Germany,1940,15.075,9.2,0.3423,1.9361,0.152,STABLE_ADAPTIVE
Society_B,T+61,Germany,1941,13.0375,9.4,0.268,1.6351,0.16,STABLE_ADAPTIVE
Society_B,T+62,Germany,1942,10.9875,7.5,0.2258,1.3995,-0.444,STRAINED
Society_B,T+63,Germany,1943,8.2,3.7,0.1742,1.0775,-0.457,LOCAL_NODE_FAILURE
Society_B,T+64,Germany,1944,5.3375,1.4,0.1382,0.8512,-1.5456,PHANTOM_TYPE_II
Society_B,T+65,Germany,1945,-4.525,-6.0,0.042,0.2649,-0.5184,FREEZE_COLLAPSE
Society_B,T+66,Germany,1946,-0.5125,-2.4,0.078,0.48,-0.535,SYSTEMIC_CRISIS
Society_B,T+67,Germany,1947,1.3375,-0.8,0.0948,0.6236,-0.6365,SYSTEMIC_CRISIS
Society_B,T+68,Germany,1948,5.0875,2.7,0.149,0.9397,-0.4453,LOCAL_NODE_FAILURE
Society_B,T+69,Germany,1949,7.9,2.5,0.1987,1.2219,-0.3276,LOCAL_NODE_FAILURE
Society_B,T+7,Germany,1887,13.1875,7.2,0.3042,1.8735,0.0374,STABLE_ADAPTIVE
Society_B,T+70,Germany,1950,8.625,2.7,0.2159,1.3114,-0.1814,LOCAL_NODE_FAILURE
Society_B,T+71,Germany,1951,10.1,3.8,0.2404,1.4589,-0.0346,LOCAL_NODE_FAILURE
Society_B,T+72,Germany,1952,11.175,5.8,0.2646,1.664,0.0518,STABLE_ADAPTIVE
Society_B,T+73,Germany,1953,11.4875,6.2,0.2806,1.7578,-0.0774,STABLE_ADAPTIVE
Society_B,T+74,Germany,1954,12.1125,5.6,0.2882,1.7552,0.0259,STABLE_ADAPTIVE
Society_B,T+75,Germany,1955,12.9125,9.3,0.3126,1.9567,0.4858,STABLE_ADAPTIVE
Society_B,T+76,Germany,1956,13.675,11.6,0.3182,2.0012,0.9651,STABLE_ADAPTIVE
Society_B,T+77,Germany,1957,13.7625,11.6,0.328,2.0507,0.9523,STABLE_ADAPTIVE
Society_B,T+78,Germany,1958,13.85,11.0,0.3215,2.0326,0.7795,STABLE_ADAPTIVE
Society_B,T+79,Germany,1959,13.6,10.9,0.319,2.0085,0.7862,STABLE_ADAPTIVE
Society_B,T+8,Germany,1888,12.7,8.4,0.2909,1.8254,0.1949,STABLE_ADAPTIVE
Society_B,T+80,Germany,1960,13.7875,11.6,0.3271,2.0638,0.8602,STABLE_ADAPTIVE
Society_B,T+81,Germany,1961,13.1875,10.9,0.3017,1.887,0.682,STABLE_ADAPTIVE
Society_B,T+82,Germany,1962,13.5375,11.8,0.3133,1.963,1.008,STABLE_ADAPTIVE
Society_B,T+83,Germany,1963,13.75,11.7,0.3195,2.0049,1.0022,STABLE_ADAPTIVE
Society_B,T+84,Germany,1964,13.5875,11.0,0.3191,1.974,0.8154,STABLE_ADAPTIVE
Society_B,T+85,Germany,1965,13.775,12.0,0.3172,1.9591,1.0032,STABLE_ADAPTIVE
Society_B,T+86,Germany,1966,12.8875,10.4,0.2986,1.8834,0.6406,STABLE_ADAPTIVE
Society_B,T+87,Germany,1967,12.5375,10.8,0.2841,1.8062,0.6448,STABLE_ADAPTIVE
Society_B,T+88,Germany,1968,12.825,9.3,0.3046,1.848,0.24,STABLE_ADAPTIVE
Society_B,T+89,Germany,1969,13.675,11.7,0.3229,2.0293,0.858,STABLE_ADAPTIVE
Society_B,T+9,Germany,1889,12.8125,7.3,0.2882,1.8112,0.1915,STABLE_ADAPTIVE
Society_B,T+90,Germany,1970,14.2875,12.7,0.3365,2.1091,1.175,STABLE_ADAPTIVE
Society_B,T+91,Germany,1971,14.0625,12.4,0.3306,2.0679,1.1315,STABLE_ADAPTIVE
Society_B,T+92,Germany,1972,13.925,11.5,0.3232,2.057,0.9072,STABLE_ADAPTIVE
Society_B,T+93,Germany,1973,13.2,11.7,0.298,1.9131,0.7589,STABLE_ADAPTIVE
Society_B,T+94,Germany,1974,13.05,10.9,0.2952,1.8721,0.615,STABLE_ADAPTIVE
Society_B,T+95,Germany,1975,12.7875,9.7,0.2965,1.8499,0.36,STABLE_ADAPTIVE
Society_B,T+96,Germany,1976,12.675,9.7,0.2901,1.8188,0.2678,STABLE_ADAPTIVE
Society_B,T+97,Germany,1977,12.9,9.7,0.2942,1.8702,0.36,STABLE_ADAPTIVE
Society_B,T+98,Germany,1978,13.0,9.8,0.29,1.8603,0.4222,STABLE_ADAPTIVE
Society_B,T+99,Germany,1979,13.0125,9.5,0.2878,1.8385,0.3,STABLE_ADAPTIVE
Society_C,T+0,Australia,1875,9.0875,6.0,0.2261,1.4531,-0.0384,STRAINED
Society_C,T+1,Australia,1876,9.0875,6.0,0.2261,1.4531,-0.0384,STRAINED
Society_C,T+10,Australia,1885,9.3375,6.0,0.2293,1.4661,-0.0384,STRAINED
Society_C,T+100,Australia,1975,7.8375,4.0,0.1891,1.1928,-0.728,LOCAL_NODE_FAILURE
Society_C,T+101,Australia,1976,8.275,6.0,0.201,1.2675,-0.2,STRAINED
Society_C,T+102,Australia,1977,7.9,6.0,0.1944,1.2374,-0.25,STRAINED
Society_C,T+103,Australia,1978,7.9,6.0,0.1944,1.2374,-0.25,STRAINED
Society_C,T+104,Australia,1979,7.775,6.0,0.1909,1.2212,-0.25,STRAINED
Society_C,T+105,Australia,1980,7.9,6.0,0.1944,1.2374,-0.25,STRAINED
Society_C,T+106,Australia,1981,7.9,6.0,0.1944,1.2374,-0.25,STRAINED
Society_C,T+107,Australia,1982,7.4,4.0,0.1878,1.2006,-0.6,LOCAL_NODE_FAILURE
Society_C,T+108,Australia,1983,12.775,10.1,0.3066,1.8726,0.522,STABLE_ADAPTIVE
Society_C,T+109,Australia,1984,12.5875,10.1,0.3018,1.8534,0.522,STABLE_ADAPTIVE
Society_C,T+11,Australia,1886,9.3375,6.0,0.2293,1.4661,-0.0384,STRAINED
Society_C,T+110,Australia,1985,12.15,10.1,0.2892,1.806,0.522,STABLE_ADAPTIVE
Society_C,T+111,Australia,1986,12.15,10.1,0.2892,1.806,0.522,STABLE_ADAPTIVE
Society_C,T+112,Australia,1987,11.65,9.4,0.2701,1.604,0.0744,STABLE_ADAPTIVE
Society_C,T+113,Australia,1988,12.4,10.1,0.2999,1.8829,0.522,STABLE_ADAPTIVE
Society_C,T+114,Australia,1989,11.9,9.1,0.2786,1.7543,0.232,STABLE_ADAPTIVE
Society_C,T+115,Australia,1990,5.275,0.0,0.1507,0.938,-0.988,PHANTOM_TYPE_II
Society_C,T+116,Australia,1991,5.275,0.0,0.1512,0.9121,-1.092,PHANTOM_TYPE_II
Society_C,T+117,Australia,1992,6.025,2.0,0.1583,0.9836,-0.72,LOCAL_NODE_FAILURE
Society_C,T+118,Australia,1993,9.4,6.5,0.2209,1.3694,-0.25,STRAINED
Society_C,T+119,Australia,1994,10.0875,6.5,0.2346,1.4213,-0.25,STRAINED
Society_C,T+12,Australia,1887,9.7125,6.0,0.2379,1.5232,-0.0384,STRAINED
Society_C,T+120,Australia,1995,9.4,6.5,0.2209,1.3694,-0.25,STRAINED
Society_C,T+121,Australia,1996,10.9,7.5,0.257,1.6358,0.0,STABLE_ADAPTIVE
Society_C,T+122,Australia,1997,10.775,7.5,0.2538,1.621,0.0,STABLE_ADAPTIVE
Society_C,T+123,Australia,1998,10.4,7.5,0.2446,1.5778,0.0,STRAINED
Society_C,T+124,Australia,1999,10.775,6.5,0.2498,1.5891,-0.25,STRAINED
Society_C,T+125,Australia,2000,11.775,7.5,0.2787,1.7501,0.0,STABLE_ADAPTIVE
Society_C,T+126,Australia,2001,10.525,6.5,0.2454,1.5684,-0.25,STRAINED
Society_C,T+127,Australia,2002,9.7125,6.5,0.2318,1.4149,-0.25,STRAINED
Society_C,T+128,Australia,2003,9.3375,5.5,0.225,1.3329,-0.5,STRAINED
Society_C,T+129,Australia,2004,9.7125,6.5,0.2318,1.4149,-0.25,STRAINED
Society_C,T+13,Australia,1888,9.3375,6.0,0.2293,1.4661,-0.0384,STRAINED
Society_C,T+130,Australia,2005,9.4625,5.5,0.2279,1.3947,-0.5,STRAINED
Society_C,T+131,Australia,2006,9.3375,5.5,0.2238,1.3771,-0.5,STRAINED
Society_C,T+132,Australia,2007,10.4625,6.5,0.25,1.5358,-0.25,STABLE_ADAPTIVE
Society_C,T+133,Australia,2008,7.6375,5.0,0.1883,1.1426,-0.9984,LOCAL_NODE_FAILURE
Society_C,T+134,Australia,2009,8.3875,5.5,0.2058,1.2796,-0.5,STRAINED
Society_C,T+135,Australia,2010,7.8875,1.5,0.1935,1.1125,-0.6,LOCAL_NODE_FAILURE
Society_C,T+136,Australia,2011,7.8875,3.5,0.1962,1.1878,-0.6,LOCAL_NODE_FAILURE
Society_C,T+137,Australia,2012,8.2625,4.5,0.2018,1.2522,-0.75,LOCAL_NODE_FAILURE
Society_C,T+138,Australia,2013,8.2625,4.5,0.2018,1.2522,-0.75,LOCAL_NODE_FAILURE
Society_C,T+139,Australia,2014,7.0375,2.1,0.1842,1.1016,-0.936,LOCAL_NODE_FAILURE
Society_C,T+14,Australia,1889,9.3375,6.0,0.2293,1.4661,-0.0384,STRAINED
Society_C,T+140,Australia,2015,7.1625,1.1,0.184,1.0936,-0.588,LOCAL_NODE_FAILURE
Society_C,T+141,Australia,2016,7.2875,2.1,0.1869,1.1383,-0.798,LOCAL_NODE_FAILURE
Society_C,T+142,Australia,2017,7.2875,3.1,0.1868,1.15,-0.608,LOCAL_NODE_FAILURE
Society_C,T+143,Australia,2018,7.0625,0.3,0.182,1.0533,-0.7,LOCAL_NODE_FAILURE
Society_C,T+144,Australia,2019,6.525,3.6,0.1693,1.0367,-0.7488,LOCAL_NODE_FAILURE
Society_C,T+145,Australia,2020,5.7,3.0,0.1548,0.998,-1.4136,PHANTOM_TYPE_II
Society_C,T+146,Australia,2021,6.7,4.9,0.1696,1.0675,-0.65,STRAINED
Society_C,T+147,Australia,2022,7.3375,5.6,0.1826,1.1314,-0.3328,STRAINED
Society_C,T+148,Australia,2023,8.275,6.1,0.1969,1.2222,-0.416,STRAINED
Society_C,T+149,Australia,2024,8.4,6.9,0.196,1.2437,-0.15,STRAINED
Society_C,T+15,Australia,1890,3.65,0.5,0.1259,0.7369,-0.6552,LOCAL_NODE_FAILURE
Society_C,T+150,Australia,2025,9.15,6.9,0.2144,1.3217,-0.15,STRAINED
Society_C,T+151,Australia,2026,8.9,6.9,0.2102,1.305,-0.15,STRAINED
Society_C,T+16,Australia,1891,3.65,-1.5,0.1231,0.7058,-0.6144,SYSTEMIC_CRISIS
Society_C,T+17,Australia,1892,3.525,-1.5,0.1237,0.6943,-0.6552,SYSTEMIC_CRISIS
Society_C,T+18,Australia,1893,3.15,-1.5,0.1194,0.6537,-0.6144,SYSTEMIC_CRISIS
Society_C,T+19,Australia,1894,8.2125,6.0,0.2094,1.2908,-0.0416,STRAINED
Society_C,T+2,Australia,1877,9.0875,6.0,0.2261,1.4531,-0.0384,STRAINED
Society_C,T+20,Australia,1895,8.2125,6.0,0.2094,1.2908,-0.0416,STRAINED
Society_C,T+21,Australia,1896,8.2125,6.0,0.2094,1.2908,-0.0416,STRAINED
Society_C,T+22,Australia,1897,8.5875,6.0,0.2196,1.333,-0.0416,STRAINED
Society_C,T+23,Australia,1898,8.5875,6.0,0.2196,1.333,-0.0416,STRAINED
Society_C,T+24,Australia,1899,8.4,6.0,0.2114,1.2932,-0.0416,STRAINED
Society_C,T+25,Australia,1900,8.7125,6.0,0.2196,1.333,-0.0416,STRAINED
Society_C,T+26,Australia,1901,10.5875,8.5,0.2622,1.612,0.208,STABLE_ADAPTIVE
Society_C,T+27,Australia,1902,10.65,8.5,0.2668,1.6269,0.208,STABLE_ADAPTIVE
Society_C,T+28,Australia,1903,10.65,8.5,0.2668,1.6269,0.208,STABLE_ADAPTIVE
Society_C,T+29,Australia,1904,10.65,8.5,0.2668,1.6269,0.208,STABLE_ADAPTIVE
Society_C,T+3,Australia,1878,9.0875,6.0,0.2261,1.4531,-0.0384,STRAINED
Society_C,T+30,Australia,1905,10.65,8.5,0.2668,1.6269,0.208,STABLE_ADAPTIVE
Society_C,T+31,Australia,1906,10.65,8.5,0.2668,1.6269,0.208,STABLE_ADAPTIVE
Society_C,T+32,Australia,1907,10.65,8.5,0.2668,1.6269,0.208,STABLE_ADAPTIVE
Society_C,T+33,Australia,1908,10.65,8.5,0.2668,1.6269,0.208,STABLE_ADAPTIVE
Society_C,T+34,Australia,1909,10.65,8.5,0.2668,1.6269,0.208,STABLE_ADAPTIVE
Society_C,T+35,Australia,1910,10.65,8.5,0.2668,1.6269,0.208,STABLE_ADAPTIVE
Society_C,T+36,Australia,1911,10.65,8.5,0.2668,1.6269,0.208,STABLE_ADAPTIVE
Society_C,T+37,Australia,1912,10.65,8.5,0.2668,1.6269,0.208,STABLE_ADAPTIVE
Society_C,T+38,Australia,1913,10.65,8.5,0.2668,1.6269,0.208,STABLE_ADAPTIVE
Society_C,T+39,Australia,1914,7.65,5.5,0.1784,1.1255,-0.5,STRAINED
Society_C,T+4,Australia,1879,9.0875,6.0,0.2261,1.4531,-0.0384,STRAINED
Society_C,T+40,Australia,1915,7.65,5.5,0.1784,1.1255,-0.5,STRAINED
Society_C,T+41,Australia,1916,7.15,3.5,0.1672,1.0364,-1.0,LOCAL_NODE_FAILURE
Society_C,T+42,Australia,1917,7.15,3.5,0.1672,1.0364,-1.0,LOCAL_NODE_FAILURE
Society_C,T+43,Australia,1918,7.65,5.5,0.1784,1.1255,-0.5,STRAINED
Society_C,T+44,Australia,1919,7.525,4.0,0.1946,1.2124,-0.32,LOCAL_NODE_FAILURE
Society_C,T+45,Australia,1920,7.525,5.5,0.1972,1.2356,-0.5,STRAINED
Society_C,T+46,Australia,1921,8.025,6.0,0.2046,1.2669,-0.0416,STRAINED
Society_C,T+47,Australia,1922,8.025,6.0,0.2046,1.2669,-0.0416,STRAINED
Society_C,T+48,Australia,1923,8.025,6.0,0.2046,1.2669,-0.0416,STRAINED
Society_C,T+49,Australia,1924,8.025,6.0,0.2046,1.2669,-0.0416,STRAINED
Society_C,T+5,Australia,1880,9.0875,6.0,0.2261,1.4531,-0.0384,STRAINED
Society_C,T+50,Australia,1925,8.025,6.0,0.2046,1.2669,-0.0416,STRAINED
Society_C,T+51,Australia,1926,8.025,6.0,0.2046,1.2669,-0.0416,STRAINED
Society_C,T+52,Australia,1927,8.025,6.0,0.2046,1.2669,-0.0416,STRAINED
Society_C,T+53,Australia,1928,7.65,5.0,0.1943,1.2141,-0.25,STRAINED
Society_C,T+54,Australia,1929,-0.025,-3.6,0.0858,0.5048,-0.7168,FREEZE_COLLAPSE
Society_C,T+55,Australia,1930,-0.0,-3.6,0.0859,0.5274,-0.72,FREEZE_COLLAPSE
Society_C,T+56,Australia,1931,-0.375,-4.5,0.0803,0.4451,-0.5555,FREEZE_COLLAPSE
Society_C,T+57,Australia,1932,0.425,-2.5,0.0867,0.5318,-0.63,SYSTEMIC_CRISIS
Society_C,T+58,Australia,1933,1.15,-1.7,0.0925,0.5561,-0.558,SYSTEMIC_CRISIS
Society_C,T+59,Australia,1934,7.2125,5.0,0.181,1.1558,-0.16,STRAINED
Society_C,T+6,Australia,1881,9.0875,6.0,0.2261,1.4531,-0.0384,STRAINED
Society_C,T+60,Australia,1935,7.2125,5.0,0.181,1.1558,-0.16,STRAINED
Society_C,T+61,Australia,1936,7.2125,5.0,0.181,1.1558,-0.16,STRAINED
Society_C,T+62,Australia,1937,7.2125,5.0,0.181,1.1558,-0.16,STRAINED
Society_C,T+63,Australia,1938,7.2125,5.0,0.181,1.1558,-0.16,STRAINED
Society_C,T+64,Australia,1939,8.2125,7.5,0.1954,1.2262,-0.3,STRAINED
Society_C,T+65,Australia,1940,8.2125,7.5,0.1954,1.2262,-0.3,STRAINED
Society_C,T+66,Australia,1941,8.2125,7.5,0.1954,1.2262,-0.3,STRAINED
Society_C,T+67,Australia,1942,7.8375,4.5,0.1685,1.0477,-0.4,LOCAL_NODE_FAILURE
Society_C,T+68,Australia,1943,8.0875,6.5,0.1768,1.1129,-0.25,STRAINED
Society_C,T+69,Australia,1944,11.8375,9.5,0.2678,1.6239,0.468,STABLE_ADAPTIVE
Society_C,T+7,Australia,1882,9.0875,6.0,0.2261,1.4531,-0.0384,STRAINED
Society_C,T+70,Australia,1945,11.775,9.5,0.2674,1.6238,0.468,STABLE_ADAPTIVE
Society_C,T+71,Australia,1946,10.7125,8.5,0.2586,1.5927,0.208,STABLE_ADAPTIVE
Society_C,T+72,Australia,1947,10.5875,8.5,0.2542,1.5709,0.0,STABLE_ADAPTIVE
Society_C,T+73,Australia,1948,10.4625,7.5,0.2507,1.4921,-0.052,STABLE_ADAPTIVE
Society_C,T+74,Australia,1949,10.4625,8.5,0.2494,1.5516,0.0,STRAINED
Society_C,T+75,Australia,1950,12.3125,9.5,0.2951,1.8552,0.3,STABLE_ADAPTIVE
Society_C,T+76,Australia,1951,12.0625,8.5,0.2851,1.7954,0.0,STABLE_ADAPTIVE
Society_C,T+77,Australia,1952,12.1875,8.5,0.2904,1.8174,0.0,STABLE_ADAPTIVE
Society_C,T+78,Australia,1953,12.3125,9.5,0.2951,1.8552,0.3,STABLE_ADAPTIVE
Society_C,T+79,Australia,1954,12.4375,10.5,0.3001,1.8859,0.6,STABLE_ADAPTIVE
Society_C,T+8,Australia,1883,9.0875,6.0,0.2261,1.4531,-0.0384,STRAINED
Society_C,T+80,Australia,1955,12.4375,10.5,0.3001,1.8859,0.6,STABLE_ADAPTIVE
Society_C,T+81,Australia,1956,12.4375,10.5,0.3001,1.8859,0.6,STABLE_ADAPTIVE
Society_C,T+82,Australia,1957,12.4375,10.5,0.3001,1.8859,0.6,STABLE_ADAPTIVE
Society_C,T+83,Australia,1958,12.4375,10.5,0.3001,1.8859,0.6,STABLE_ADAPTIVE
Society_C,T+84,Australia,1959,12.4375,10.5,0.3001,1.8859,0.6,STABLE_ADAPTIVE
Society_C,T+85,Australia,1960,12.0625,9.9,0.2891,1.8366,0.42,STABLE_ADAPTIVE
Society_C,T+86,Australia,1961,11.6875,9.9,0.2838,1.8121,0.42,STABLE_ADAPTIVE
Society_C,T+87,Australia,1962,12.4375,10.5,0.3001,1.8859,0.6,STABLE_ADAPTIVE
Society_C,T+88,Australia,1963,12.4375,10.5,0.3001,1.8859,0.6,STABLE_ADAPTIVE
Society_C,T+89,Australia,1964,12.4375,10.5,0.3001,1.8859,0.6,STABLE_ADAPTIVE
Society_C,T+9,Australia,1884,9.0875,6.0,0.2261,1.4531,-0.0384,STRAINED
Society_C,T+90,Australia,1965,12.4375,10.5,0.3001,1.8859,0.6,STABLE_ADAPTIVE
Society_C,T+91,Australia,1966,8.7125,5.5,0.2055,1.2616,-0.5,STRAINED
Society_C,T+92,Australia,1967,8.9625,6.5,0.2124,1.2966,-0.25,STRAINED
Society_C,T+93,Australia,1968,8.9625,6.5,0.2124,1.2966,-0.25,STRAINED
Society_C,T+94,Australia,1969,8.7125,5.5,0.2061,1.2135,-0.5,STRAINED
Society_C,T+95,Australia,1970,8.7125,5.5,0.2061,1.2135,-0.5,STRAINED
Society_C,T+96,Australia,1971,8.8375,5.5,0.2089,1.2786,-0.5,STRAINED
Society_C,T+97,Australia,1972,9.3375,7.0,0.2253,1.3966,-0.052,STRAINED
Society_C,T+98,Australia,1973,9.7125,7.0,0.2279,1.4089,-0.052,STRAINED
Society_C,T+99,Australia,1974,8.0875,4.8,0.1969,1.267,-0.728,STRAINED
Society_D,T+0,Poland,1875,3.75,-1.0,0.1366,0.8774,-0.5616,SYSTEMIC_CRISIS
Society_D,T+1,Poland,1876,3.75,-1.0,0.1366,0.8774,-0.5616,SYSTEMIC_CRISIS
Society_D,T+10,Poland,1885,4.025,-1.0,0.1376,0.8833,-0.5616,SYSTEMIC_CRISIS
Society_D,T+100,Poland,1975,7.875,7.0,0.1933,1.2071,0.0,STRAINED
Society_D,T+101,Poland,1976,7.15,6.0,0.1803,1.1128,-0.25,STRAINED
Society_D,T+102,Poland,1977,7.75,7.0,0.1933,1.2071,0.0,STRAINED
Society_D,T+103,Poland,1978,7.9125,7.0,0.1942,1.2144,0.0,STRAINED
Society_D,T+104,Poland,1979,7.75,6.5,0.188,1.1919,-0.25,STRAINED
Society_D,T+105,Poland,1980,6.9375,4.5,0.1677,1.059,-0.72,LOCAL_NODE_FAILURE
Society_D,T+106,Poland,1981,5.3125,2.5,0.1401,0.86,-1.08,PHANTOM_TYPE_II
Society_D,T+107,Poland,1982,5.75,3.5,0.1506,0.8977,-0.6,LOCAL_NODE_FAILURE
Society_D,T+108,Poland,1983,6.375,4.5,0.1638,0.994,-0.4,LOCAL_NODE_FAILURE
Society_D,T+109,Poland,1984,7.05,5.9,0.1765,1.0883,-0.3,STRAINED
Society_D,T+11,Poland,1886,4.15,-1.0,0.1401,0.8957,-0.54,SYSTEMIC_CRISIS
Society_D,T+110,Poland,1985,7.05,5.5,0.1762,1.0879,-0.324,STRAINED
Society_D,T+111,Poland,1986,6.875,5.5,0.1746,1.084,-0.36,STRAINED
Society_D,T+112,Poland,1987,5.9625,3.5,0.1565,0.9654,-0.6,LOCAL_NODE_FAILURE
Society_D,T+113,Poland,1988,5.825,3.5,0.1543,0.9172,-0.6,LOCAL_NODE_FAILURE
Society_D,T+114,Poland,1989,6.3125,3.5,0.1636,0.9845,-0.72,LOCAL_NODE_FAILURE
Society_D,T+115,Poland,1990,4.925,2.5,0.1463,0.8728,-0.9,PHANTOM_TYPE_II
Society_D,T+116,Poland,1991,4.875,2.5,0.1454,0.8688,-0.9,PHANTOM_TYPE_II
Society_D,T+117,Poland,1992,5.525,2.5,0.153,0.9396,-0.8,PHANTOM_TYPE_II
Society_D,T+118,Poland,1993,6.85,4.3,0.1749,1.0726,-0.5,LOCAL_NODE_FAILURE
Society_D,T+119,Poland,1994,7.675,6.3,0.1887,1.178,-0.25,STRAINED
Society_D,T+12,Poland,1887,4.15,-1.0,0.1401,0.8957,-0.54,SYSTEMIC_CRISIS
Society_D,T+120,Poland,1995,8.8,6.5,0.209,1.3099,-0.25,STRAINED
Society_D,T+121,Poland,1996,9.175,7.5,0.2143,1.3357,0.0,STRAINED
Society_D,T+122,Poland,1997,9.2375,7.5,0.2155,1.3408,0.0,STRAINED
Society_D,T+123,Poland,1998,9.2375,7.5,0.2154,1.341,0.0,STRAINED
Society_D,T+124,Poland,1999,9.2375,7.5,0.2154,1.341,0.0,STRAINED
Society_D,T+125,Poland,2000,9.375,7.5,0.2167,1.3461,0.0,STRAINED
Society_D,T+126,Poland,2001,9.375,7.5,0.2167,1.3461,0.0,STRAINED
Society_D,T+127,Poland,2002,9.375,7.5,0.2167,1.3461,0.0,STRAINED
Society_D,T+128,Poland,2003,9.575,7.5,0.2201,1.3598,0.0,STRAINED
Society_D,T+129,Poland,2004,10.525,8.1,0.2449,1.5306,0.15,STRAINED
Society_D,T+13,Poland,1888,4.15,-1.0,0.1401,0.8957,-0.54,SYSTEMIC_CRISIS
Society_D,T+130,Poland,2005,10.475,8.1,0.2441,1.5259,0.15,STRAINED
Society_D,T+131,Poland,2006,10.275,8.1,0.2366,1.4374,0.15,STRAINED
Society_D,T+132,Poland,2007,10.675,9.5,0.2446,1.542,0.36,STRAINED
Society_D,T+133,Poland,2008,10.35,8.5,0.2346,1.4312,0.25,STRAINED
Society_D,T+134,Poland,2009,10.625,8.5,0.2437,1.5199,0.25,STRAINED
Society_D,T+135,Poland,2010,10.475,8.5,0.2385,1.4885,0.25,STRAINED
Society_D,T+136,Poland,2011,10.65,9.5,0.2443,1.5262,0.432,STRAINED
Society_D,T+137,Poland,2012,10.775,9.5,0.2472,1.5705,0.432,STRAINED
Society_D,T+138,Poland,2013,10.775,9.5,0.2472,1.5705,0.432,STRAINED
Society_D,T+139,Poland,2014,10.625,9.5,0.2426,1.5331,0.36,STRAINED
Society_D,T+14,Poland,1889,4.15,-1.0,0.1401,0.8957,-0.54,SYSTEMIC_CRISIS
Society_D,T+140,Poland,2015,10.375,8.5,0.2351,1.4942,0.25,STRAINED
Society_D,T+141,Poland,2016,9.625,8.0,0.2161,1.3271,0.0,STRAINED
Society_D,T+142,Poland,2017,9.625,8.0,0.2161,1.3271,0.0,STRAINED
Society_D,T+143,Poland,2018,9.5,8.0,0.2121,1.309,0.0,STRAINED
Society_D,T+144,Poland,2019,9.5,8.0,0.2121,1.309,0.0,STRAINED
Society_D,T+145,Poland,2020,8.125,6.5,0.185,1.1513,-0.3,STRAINED
Society_D,T+146,Poland,2021,9.125,8.0,0.2013,1.2523,0.0,STRAINED
Society_D,T+147,Poland,2022,8.9,7.0,0.1936,1.1875,-0.3,STRAINED
Society_D,T+148,Poland,2023,9.875,8.0,0.2184,1.3446,0.0,STRAINED
Society_D,T+149,Poland,2024,10.2875,8.5,0.2292,1.3974,0.25,STRAINED
Society_D,T+15,Poland,1890,4.4,-1.0,0.1431,0.9046,-0.5,SYSTEMIC_CRISIS
Society_D,T+150,Poland,2025,10.2875,8.5,0.2292,1.3974,0.25,STRAINED
Society_D,T+151,Poland,2026,10.2875,8.5,0.2292,1.3974,0.25,STRAINED
Society_D,T+16,Poland,1891,4.4,-1.0,0.1431,0.9046,-0.5,SYSTEMIC_CRISIS
Society_D,T+17,Poland,1892,4.4,-1.0,0.1431,0.9046,-0.5,SYSTEMIC_CRISIS
Society_D,T+18,Poland,1893,4.4,-1.0,0.1431,0.9046,-0.5,SYSTEMIC_CRISIS
Society_D,T+19,Poland,1894,4.4,-1.0,0.1431,0.9046,-0.5,SYSTEMIC_CRISIS
Society_D,T+2,Poland,1877,3.75,-1.0,0.1366,0.8774,-0.5616,SYSTEMIC_CRISIS
Society_D,T+20,Poland,1895,4.45,-1.0,0.1441,0.9083,-0.5,SYSTEMIC_CRISIS
Society_D,T+21,Poland,1896,4.45,-1.0,0.1441,0.9083,-0.5,SYSTEMIC_CRISIS
Society_D,T+22,Poland,1897,4.45,-1.0,0.1441,0.9083,-0.5,SYSTEMIC_CRISIS
Society_D,T+23,Poland,1898,4.45,-1.0,0.1441,0.9083,-0.5,SYSTEMIC_CRISIS
Society_D,T+24,Poland,1899,4.45,-1.0,0.1441,0.9083,-0.5,SYSTEMIC_CRISIS
Society_D,T+25,Poland,1900,4.65,-1.0,0.1464,0.9165,-0.5,SYSTEMIC_CRISIS
Society_D,T+26,Poland,1901,4.65,-1.0,0.1464,0.9165,-0.5,SYSTEMIC_CRISIS
Society_D,T+27,Poland,1902,4.65,-1.0,0.1464,0.9165,-0.5,SYSTEMIC_CRISIS
Society_D,T+28,Poland,1903,4.65,-1.0,0.1464,0.9165,-0.5,SYSTEMIC_CRISIS
Society_D,T+29,Poland,1904,4.65,-1.0,0.1464,0.9165,-0.5,SYSTEMIC_CRISIS
Society_D,T+3,Poland,1878,3.75,-1.0,0.1366,0.8774,-0.5616,SYSTEMIC_CRISIS
Society_D,T+30,Poland,1905,3.8375,-1.9,0.1318,0.8228,-1.008,SYSTEMIC_CRISIS
Society_D,T+31,Poland,1906,4.725,-1.0,0.1488,0.9269,-0.828,SYSTEMIC_CRISIS
Society_D,T+32,Poland,1907,4.725,-1.0,0.1488,0.9269,-0.828,SYSTEMIC_CRISIS
Society_D,T+33,Poland,1908,4.725,-1.0,0.1488,0.9269,-0.828,SYSTEMIC_CRISIS
Society_D,T+34,Poland,1909,4.725,-1.0,0.1488,0.9269,-0.828,SYSTEMIC_CRISIS
Society_D,T+35,Poland,1910,4.725,-1.0,0.1488,0.9269,-0.828,SYSTEMIC_CRISIS
Society_D,T+36,Poland,1911,4.725,-1.0,0.1488,0.9269,-0.828,SYSTEMIC_CRISIS
Society_D,T+37,Poland,1912,4.9125,1.0,0.1524,0.9686,-0.9,PHANTOM_TYPE_II
Society_D,T+38,Poland,1913,5.0875,1.5,0.1539,0.9795,-0.8,PHANTOM_TYPE_II
Society_D,T+39,Poland,1914,2.975,-0.0,0.1194,0.7657,-0.972,SYSTEMIC_CRISIS
Society_D,T+4,Poland,1879,3.75,-1.0,0.1366,0.8774,-0.5616,SYSTEMIC_CRISIS
Society_D,T+40,Poland,1915,1.25,-1.0,0.0981,0.6295,-1.26,SYSTEMIC_CRISIS
Society_D,T+41,Poland,1916,1.3875,-1.0,0.1,0.6376,-1.488,SYSTEMIC_CRISIS
Society_D,T+42,Poland,1917,3.4625,0.5,0.1307,0.8369,-1.4,PHANTOM_TYPE_II
Society_D,T+43,Poland,1918,4.3125,1.5,0.1439,0.9004,-1.92,PHANTOM_TYPE_II
Society_D,T+44,Poland,1919,5.6625,3.5,0.1571,0.9818,-0.84,PHANTOM_TYPE_II
Society_D,T+45,Poland,1920,5.325,2.5,0.1438,0.8834,-1.0,PHANTOM_TYPE_II
Society_D,T+46,Poland,1921,7.6,4.5,0.1886,1.1757,-0.42,LOCAL_NODE_FAILURE
Society_D,T+47,Poland,1922,7.775,4.5,0.2001,1.223,-0.5,LOCAL_NODE_FAILURE
Society_D,T+48,Poland,1923,7.0625,4.5,0.1858,1.1627,-0.5,LOCAL_NODE_FAILURE
Society_D,T+49,Poland,1924,7.5625,5.5,0.1953,1.2419,-0.3,STRAINED
Society_D,T+5,Poland,1880,4.025,-1.0,0.1376,0.8833,-0.5616,SYSTEMIC_CRISIS
Society_D,T+50,Poland,1925,7.8125,5.5,0.199,1.2585,-0.2,STRAINED
Society_D,T+51,Poland,1926,7.6875,5.5,0.1953,1.2419,-0.3,STRAINED
Society_D,T+52,Poland,1927,7.9875,5.5,0.2019,1.271,-0.2,STRAINED
Society_D,T+53,Poland,1928,8.1125,6.5,0.2019,1.271,0.0,STRAINED
Society_D,T+54,Poland,1929,7.5625,4.5,0.1922,1.1881,-0.4,LOCAL_NODE_FAILURE
Society_D,T+55,Poland,1930,7.3625,4.5,0.1865,1.1647,-0.4,LOCAL_NODE_FAILURE
Society_D,T+56,Poland,1931,6.3125,3.5,0.1689,1.0042,-0.6,LOCAL_NODE_FAILURE
Society_D,T+57,Poland,1932,6.3125,3.5,0.1689,1.0042,-0.6,LOCAL_NODE_FAILURE
Society_D,T+58,Poland,1933,6.8625,4.5,0.1788,1.0941,-0.4,LOCAL_NODE_FAILURE
Society_D,T+59,Poland,1934,7.4125,4.5,0.19,1.1814,-0.4,LOCAL_NODE_FAILURE
Society_D,T+6,Poland,1881,4.025,-1.0,0.1376,0.8833,-0.5616,SYSTEMIC_CRISIS
Society_D,T+60,Poland,1935,7.6375,5.5,0.1952,1.189,-0.2,STRAINED
Society_D,T+61,Poland,1936,7.5625,5.5,0.1922,1.2098,-0.3,STRAINED
Society_D,T+62,Poland,1937,7.0625,4.5,0.1799,1.0988,-0.4,LOCAL_NODE_FAILURE
Society_D,T+63,Poland,1938,6.2375,3.9,0.1597,0.9862,-0.6,LOCAL_NODE_FAILURE
Society_D,T+64,Poland,1939,1.025,-1.5,0.0903,0.5484,-1.68,SYSTEMIC_CRISIS
Society_D,T+65,Poland,1940,-1.1875,-4.0,0.0766,0.4416,-2.1,FREEZE_COLLAPSE
Society_D,T+66,Poland,1941,-1.1875,-4.0,0.0766,0.4416,-2.1,FREEZE_COLLAPSE
Society_D,T+67,Poland,1942,-1.0625,-4.0,0.078,0.4458,-2.1,FREEZE_COLLAPSE
Society_D,T+68,Poland,1943,-0.75,-4.0,0.0802,0.4524,-2.1,FREEZE_COLLAPSE
Society_D,T+69,Poland,1944,-0.5125,-4.0,0.0816,0.4565,-2.4,FREEZE_COLLAPSE
Society_D,T+7,Poland,1882,4.025,-1.0,0.1376,0.8833,-0.5616,SYSTEMIC_CRISIS
Society_D,T+70,Poland,1945,-1.6125,-4.0,0.0769,0.4424,-2.24,FREEZE_COLLAPSE
Society_D,T+71,Poland,1946,2.4875,0.0,0.1188,0.7343,-1.2,SYSTEMIC_CRISIS
Society_D,T+72,Poland,1947,4.65,3.5,0.1444,0.8938,-0.9,PHANTOM_TYPE_II
Society_D,T+73,Poland,1948,5.65,4.5,0.1648,1.0265,-0.6,LOCAL_NODE_FAILURE
Society_D,T+74,Poland,1949,6.7,5.4,0.1864,1.1484,-0.5,STRAINED
Society_D,T+75,Poland,1950,7.55,6.4,0.195,1.2055,-0.24,STRAINED
Society_D,T+76,Poland,1951,7.55,6.4,0.195,1.2055,-0.24,STRAINED
Society_D,T+77,Poland,1952,7.55,6.4,0.195,1.2055,-0.24,STRAINED
Society_D,T+78,Poland,1953,7.625,6.8,0.195,1.2055,-0.144,STRAINED
Society_D,T+79,Poland,1954,7.6,6.8,0.195,1.2055,-0.144,STRAINED
Society_D,T+8,Poland,1883,4.025,-1.0,0.1376,0.8833,-0.5616,SYSTEMIC_CRISIS
Society_D,T+80,Poland,1955,7.6875,7.0,0.1954,1.2075,0.0,STRAINED
Society_D,T+81,Poland,1956,6.6375,5.5,0.1682,1.0581,-0.6,STRAINED
Society_D,T+82,Poland,1957,7.6875,7.0,0.1953,1.2159,0.0,STRAINED
Society_D,T+83,Poland,1958,7.625,7.0,0.1933,1.2071,0.0,STRAINED
Society_D,T+84,Poland,1959,7.625,7.0,0.1933,1.2071,0.0,STRAINED
Society_D,T+85,Poland,1960,7.625,7.0,0.1933,1.2071,0.0,STRAINED
Society_D,T+86,Poland,1961,7.625,7.0,0.1933,1.2071,0.0,STRAINED
Society_D,T+87,Poland,1962,7.625,7.0,0.1933,1.2071,0.0,STRAINED
Society_D,T+88,Poland,1963,7.625,7.0,0.1933,1.2071,0.0,STRAINED
Society_D,T+89,Poland,1964,7.625,7.0,0.1933,1.2071,0.0,STRAINED
Society_D,T+9,Poland,1884,4.025,-1.0,0.1376,0.8833,-0.5616,SYSTEMIC_CRISIS
Society_D,T+90,Poland,1965,7.625,7.0,0.1933,1.2071,0.0,STRAINED
Society_D,T+91,Poland,1966,7.625,7.0,0.1933,1.2071,0.0,STRAINED
Society_D,T+92,Poland,1967,7.5,7.0,0.191,1.1929,0.0,STRAINED
Society_D,T+93,Poland,1968,7.075,6.5,0.1799,1.1311,-0.3,STRAINED
Society_D,T+94,Poland,1969,7.625,7.0,0.1933,1.2071,0.0,STRAINED
Society_D,T+95,Poland,1970,7.125,5.5,0.1788,1.1202,-0.5,STRAINED
Society_D,T+96,Poland,1971,7.775,7.0,0.1933,1.2071,0.0,STRAINED
Society_D,T+97,Poland,1972,7.775,7.0,0.1933,1.2071,0.0,STRAINED
Society_D,T+98,Poland,1973,7.875,7.0,0.1933,1.2071,0.0,STRAINED
Society_D,T+99,Poland,1974,7.875,7.0,0.1933,1.2071,0.0,STRAINED
Society_E,T+0,Chile,1875,9.9375,4.7,0.2561,1.5885,-0.096,STRAINED
Society_E,T+1,Chile,1876,9.925,4.7,0.2551,1.582,-0.0684,STRAINED
Society_E,T+10,Chile,1885,11.9625,5.3,0.2814,1.6656,0.0,STABLE_ADAPTIVE
Society_E,T+100,Chile,1975,5.2125,-0.2,0.1348,0.7596,-0.4032,SYSTEMIC_CRISIS
Society_E,T+101,Chile,1976,7.1375,1.1,0.1705,0.9219,-0.288,LOCAL_NODE_FAILURE
Society_E,T+102,Chile,1977,7.2625,1.0,0.1707,0.9278,-0.24,LOCAL_NODE_FAILURE
Society_E,T+103,Chile,1978,7.8875,1.2,0.1811,0.9579,-0.2458,LOCAL_NODE_FAILURE
Society_E,T+104,Chile,1979,9.6625,2.6,0.2218,1.1435,-0.192,LOCAL_NODE_FAILURE
Society_E,T+105,Chile,1980,10.125,3.5,0.2338,1.2439,-0.152,LOCAL_NODE_FAILURE
Society_E,T+106,Chile,1981,9.9875,3.6,0.2275,1.2396,-0.168,LOCAL_NODE_FAILURE
Society_E,T+107,Chile,1982,4.65,-2.2,0.131,0.7486,-0.8,SYSTEMIC_CRISIS
Society_E,T+108,Chile,1983,4.9125,-0.0,0.1341,0.8282,-0.6566,SYSTEMIC_CRISIS
Society_E,T+109,Chile,1984,6.975,2.3,0.1705,1.0542,-0.384,LOCAL_NODE_FAILURE
Society_E,T+11,Chile,1886,12.1125,5.4,0.2856,1.7013,-0.0256,STABLE_ADAPTIVE
Society_E,T+110,Chile,1985,7.9375,2.6,0.1867,1.14,-0.3528,LOCAL_NODE_FAILURE
Society_E,T+111,Chile,1986,7.6875,2.7,0.1809,1.1194,-0.336,LOCAL_NODE_FAILURE
Society_E,T+112,Chile,1987,8.9,3.7,0.2028,1.2629,-0.216,LOCAL_NODE_FAILURE
Society_E,T+113,Chile,1988,9.95,7.2,0.2242,1.4498,-0.07,STRAINED
Society_E,T+114,Chile,1989,11.6125,7.6,0.2715,1.7482,0.12,STABLE_ADAPTIVE
Society_E,T+115,Chile,1990,12.1875,7.1,0.2892,1.8308,0.0,STABLE_ADAPTIVE
Society_E,T+116,Chile,1991,12.9625,8.3,0.3073,1.9618,0.252,STABLE_ADAPTIVE
Society_E,T+117,Chile,1992,13.1,8.5,0.3116,1.9903,0.2766,STABLE_ADAPTIVE
Society_E,T+118,Chile,1993,13.175,8.6,0.3083,1.954,0.2995,STABLE_ADAPTIVE
Society_E,T+119,Chile,1994,12.9875,8.2,0.307,1.9532,0.24,STABLE_ADAPTIVE
Society_E,T+12,Chile,1887,12.1125,5.7,0.2869,1.7152,0.024,STABLE_ADAPTIVE
Society_E,T+120,Chile,1995,13.0375,8.2,0.3085,1.9622,0.24,STABLE_ADAPTIVE
Society_E,T+121,Chile,1996,13.1375,8.1,0.3093,1.9567,0.2554,STABLE_ADAPTIVE
Society_E,T+122,Chile,1997,13.0875,9.0,0.31,1.9685,0.4,STABLE_ADAPTIVE
Society_E,T+123,Chile,1998,12.325,7.2,0.2835,1.8059,0.04,STABLE_ADAPTIVE
Society_E,T+124,Chile,1999,12.3125,7.0,0.2821,1.7785,0.0,STABLE_ADAPTIVE
Society_E,T+125,Chile,2000,13.2,8.9,0.3138,1.9912,0.378,STABLE_ADAPTIVE
Society_E,T+126,Chile,2001,13.2,9.5,0.3129,1.9874,0.506,STABLE_ADAPTIVE
Society_E,T+127,Chile,2002,13.4125,9.4,0.3178,2.0168,0.484,STABLE_ADAPTIVE
Society_E,T+128,Chile,2003,13.5375,9.0,0.3193,2.0262,0.396,STABLE_ADAPTIVE
Society_E,T+129,Chile,2004,13.625,8.9,0.3192,2.0225,0.378,STABLE_ADAPTIVE
Society_E,T+13,Chile,1888,11.8,5.4,0.2768,1.6463,0.0,STABLE_ADAPTIVE
Society_E,T+130,Chile,2005,13.4125,9.0,0.3146,2.0062,0.396,STABLE_ADAPTIVE
Society_E,T+131,Chile,2006,13.125,9.2,0.299,1.8766,0.44,STABLE_ADAPTIVE
Society_E,T+132,Chile,2007,13.4375,9.4,0.3133,1.9778,0.484,STABLE_ADAPTIVE
Society_E,T+133,Chile,2008,12.4875,9.1,0.2835,1.7963,0.3931,STABLE_ADAPTIVE
Society_E,T+134,Chile,2009,12.25,8.0,0.2753,1.7445,0.2,STABLE_ADAPTIVE
Society_E,T+135,Chile,2010,11.6,8.2,0.2562,1.64,0.24,STABLE_ADAPTIVE
Society_E,T+136,Chile,2011,11.725,8.6,0.2599,1.6276,0.2995,STABLE_ADAPTIVE
Society_E,T+137,Chile,2012,12.5875,8.5,0.2888,1.8256,0.25,STABLE_ADAPTIVE
Society_E,T+138,Chile,2013,12.775,8.8,0.2988,1.8897,0.336,STABLE_ADAPTIVE
Society_E,T+139,Chile,2014,12.7125,9.4,0.2947,1.8319,0.468,STABLE_ADAPTIVE
Society_E,T+14,Chile,1889,11.475,5.7,0.2646,1.6242,0.024,STABLE_ADAPTIVE
Society_E,T+140,Chile,2015,11.9875,8.2,0.27,1.7011,0.192,STABLE_ADAPTIVE
Society_E,T+141,Chile,2016,11.575,8.4,0.2656,1.6406,0.2496,STABLE_ADAPTIVE
Society_E,T+142,Chile,2017,12.075,8.2,0.2754,1.7422,0.2304,STABLE_ADAPTIVE
Society_E,T+143,Chile,2018,12.75,8.8,0.2988,1.9067,0.336,STABLE_ADAPTIVE
Society_E,T+144,Chile,2019,7.7125,5.1,0.1661,1.0763,-0.672,STRAINED
Society_E,T+145,Chile,2020,8.65,5.2,0.189,1.2109,-0.624,STRAINED
Society_E,T+146,Chile,2021,9.8875,6.4,0.2237,1.4498,-0.312,STRAINED
Society_E,T+147,Chile,2022,9.25,6.2,0.2106,1.3659,-0.384,STRAINED
Society_E,T+148,Chile,2023,9.4625,6.6,0.2169,1.4028,-0.4032,STRAINED
Society_E,T+149,Chile,2024,10.5875,7.6,0.2415,1.5502,0.0,STRAINED
Society_E,T+15,Chile,1890,9.6875,4.9,0.2108,1.3297,-0.1008,STRAINED
Society_E,T+150,Chile,2025,10.9625,7.8,0.2468,1.5851,0.0998,STRAINED
Society_E,T+151,Chile,2026,11.15,8.4,0.2502,1.6183,0.208,STABLE_ADAPTIVE
Society_E,T+16,Chile,1891,4.05,0.4,0.1108,0.7223,-0.5472,LOCAL_NODE_FAILURE
Society_E,T+17,Chile,1892,9.3875,4.3,0.2248,1.4073,-0.144,LOCAL_NODE_FAILURE
Society_E,T+18,Chile,1893,10.15,4.3,0.2483,1.5285,-0.144,LOCAL_NODE_FAILURE
Society_E,T+19,Chile,1894,10.4,4.0,0.2573,1.5562,-0.1702,LOCAL_NODE_FAILURE
Society_E,T+2,Chile,1877,9.825,4.4,0.2524,1.5641,-0.1536,LOCAL_NODE_FAILURE
Society_E,T+20,Chile,1895,10.3875,4.4,0.2549,1.5471,-0.0851,LOCAL_NODE_FAILURE
Society_E,T+21,Chile,1896,10.5125,4.7,0.2581,1.589,-0.126,STABLE_ADAPTIVE
Society_E,T+22,Chile,1897,10.35,4.8,0.2554,1.5713,-0.0941,STABLE_ADAPTIVE
Society_E,T+23,Chile,1898,10.4625,4.5,0.2547,1.5663,-0.12,LOCAL_NODE_FAILURE
Society_E,T+24,Chile,1899,10.5375,4.6,0.2599,1.5996,-0.128,STABLE_ADAPTIVE
Society_E,T+25,Chile,1900,10.3,2.8,0.2468,1.453,-0.2554,LOCAL_NODE_FAILURE
Society_E,T+26,Chile,1901,10.4,3.5,0.2482,1.4816,-0.2052,LOCAL_NODE_FAILURE
Society_E,T+27,Chile,1902,10.45,3.2,0.2536,1.4934,-0.2464,LOCAL_NODE_FAILURE
Society_E,T+28,Chile,1903,10.325,3.2,0.2468,1.4743,-0.2675,LOCAL_NODE_FAILURE
Society_E,T+29,Chile,1904,10.6,4.0,0.257,1.5561,-0.2048,LOCAL_NODE_FAILURE
Society_E,T+3,Chile,1878,9.625,5.1,0.2425,1.5429,-0.0756,STRAINED
Society_E,T+30,Chile,1905,10.1625,3.0,0.2392,1.414,-0.2688,LOCAL_NODE_FAILURE
Society_E,T+31,Chile,1906,10.35,3.5,0.2476,1.4999,-0.24,LOCAL_NODE_FAILURE
Society_E,T+32,Chile,1907,8.2375,-0.0,0.1909,1.0385,-0.3696,LOCAL_NODE_FAILURE
Society_E,T+33,Chile,1908,10.2375,3.4,0.2437,1.47,-0.224,LOCAL_NODE_FAILURE
Society_E,T+34,Chile,1909,10.2125,3.2,0.2446,1.4436,-0.2128,LOCAL_NODE_FAILURE
Society_E,T+35,Chile,1910,10.4875,3.7,0.2522,1.5146,-0.216,LOCAL_NODE_FAILURE
Society_E,T+36,Chile,1911,10.35,3.6,0.2507,1.5246,-0.256,LOCAL_NODE_FAILURE
Society_E,T+37,Chile,1912,10.4,3.2,0.2513,1.5133,-0.3072,LOCAL_NODE_FAILURE
Society_E,T+38,Chile,1913,10.5,4.0,0.2528,1.5494,-0.2189,LOCAL_NODE_FAILURE
Society_E,T+39,Chile,1914,9.525,3.9,0.2315,1.447,-0.264,LOCAL_NODE_FAILURE
Society_E,T+4,Chile,1879,9.0625,5.2,0.2171,1.3835,-0.2038,STRAINED
Society_E,T+40,Chile,1915,9.375,3.4,0.2268,1.3791,-0.2432,LOCAL_NODE_FAILURE
Society_E,T+41,Chile,1916,9.525,3.0,0.2325,1.3922,-0.2688,LOCAL_NODE_FAILURE
Society_E,T+42,Chile,1917,9.2,3.2,0.2224,1.3829,-0.3494,LOCAL_NODE_FAILURE
Society_E,T+43,Chile,1918,8.6125,3.3,0.208,1.3003,-0.264,LOCAL_NODE_FAILURE
Society_E,T+44,Chile,1919,7.95,2.3,0.1922,1.2028,-0.4624,LOCAL_NODE_FAILURE
Society_E,T+45,Chile,1920,8.05,3.1,0.1941,1.23,-0.4256,LOCAL_NODE_FAILURE
Society_E,T+46,Chile,1921,8.1125,2.5,0.194,1.1996,-0.36,LOCAL_NODE_FAILURE
Society_E,T+47,Chile,1922,7.45,2.3,0.1793,1.135,-0.384,LOCAL_NODE_FAILURE
Society_E,T+48,Chile,1923,7.3,2.3,0.1768,1.1174,-0.4134,LOCAL_NODE_FAILURE
Society_E,T+49,Chile,1924,6.2875,3.3,0.156,1.0016,-0.5208,LOCAL_NODE_FAILURE
Society_E,T+5,Chile,1880,9.5,5.1,0.2214,1.3968,-0.1728,STRAINED
Society_E,T+50,Chile,1925,8.025,4.0,0.1968,1.2815,-0.3696,LOCAL_NODE_FAILURE
Society_E,T+51,Chile,1926,8.55,4.5,0.208,1.3303,-0.2554,LOCAL_NODE_FAILURE
Society_E,T+52,Chile,1927,8.375,4.7,0.1986,1.1982,-0.096,STRAINED
Society_E,T+53,Chile,1928,9.325,5.2,0.2224,1.3243,-0.0224,STRAINED
Society_E,T+54,Chile,1929,10.1625,5.8,0.2323,1.3926,0.0256,STRAINED
Society_E,T+55,Chile,1930,6.9625,2.2,0.1723,1.0561,-0.5184,LOCAL_NODE_FAILURE
Society_E,T+56,Chile,1931,2.6,-1.8,0.1086,0.6664,-0.768,SYSTEMIC_CRISIS
Society_E,T+57,Chile,1932,3.0125,-0.2,0.1146,0.7376,-0.7114,SYSTEMIC_CRISIS
Society_E,T+58,Chile,1933,7.4625,2.7,0.1918,1.1715,-0.2371,LOCAL_NODE_FAILURE
Society_E,T+59,Chile,1934,7.7125,3.0,0.1984,1.2245,-0.2341,LOCAL_NODE_FAILURE
Society_E,T+6,Chile,1881,9.775,5.3,0.225,1.4142,-0.18,STRAINED
Society_E,T+60,Chile,1935,9.05,3.6,0.2276,1.3887,-0.2016,LOCAL_NODE_FAILURE
Society_E,T+61,Chile,1936,8.9875,4.0,0.2215,1.3503,-0.1568,LOCAL_NODE_FAILURE
Society_E,T+62,Chile,1937,9.925,5.7,0.2414,1.5154,0.0,STRAINED
Society_E,T+63,Chile,1938,9.875,7.2,0.2451,1.5288,0.04,STRAINED
Society_E,T+64,Chile,1939,9.925,7.1,0.24,1.5269,0.0,STRAINED
Society_E,T+65,Chile,1940,10.425,6.9,0.2539,1.6333,0.0365,STABLE_ADAPTIVE
Society_E,T+66,Chile,1941,10.45,7.0,0.2512,1.6091,0.0,STABLE_ADAPTIVE
Society_E,T+67,Chile,1942,10.4875,7.2,0.2517,1.6184,0.0,STABLE_ADAPTIVE
Society_E,T+68,Chile,1943,10.4875,6.7,0.2517,1.6163,0.0,STABLE_ADAPTIVE
Society_E,T+69,Chile,1944,10.5625,7.3,0.2534,1.6189,0.042,STABLE_ADAPTIVE
Society_E,T+7,Chile,1882,10.475,6.6,0.2447,1.5332,0.028,STRAINED
Society_E,T+70,Chile,1945,10.75,6.9,0.2552,1.6374,0.0,STABLE_ADAPTIVE
Society_E,T+71,Chile,1946,10.5875,7.5,0.256,1.6369,0.0437,STABLE_ADAPTIVE
Society_E,T+72,Chile,1947,10.125,6.2,0.2381,1.509,0.0,STRAINED
Society_E,T+73,Chile,1948,9.175,4.7,0.2153,1.328,-0.1824,STRAINED
Society_E,T+74,Chile,1949,9.5375,5.8,0.2248,1.3909,-0.0672,STRAINED
Society_E,T+75,Chile,1950,10.3,6.1,0.246,1.5515,0.0,STRAINED
Society_E,T+76,Chile,1951,10.2625,6.2,0.2447,1.5483,0.032,STRAINED
Society_E,T+77,Chile,1952,9.7875,6.1,0.2344,1.4838,0.0304,STRAINED
Society_E,T+78,Chile,1953,8.3625,5.4,0.2037,1.2429,-0.1997,STRAINED
Society_E,T+79,Chile,1954,8.35,5.2,0.2035,1.2462,-0.1997,STRAINED
Society_E,T+8,Chile,1883,11.7,7.0,0.284,1.7608,0.064,STABLE_ADAPTIVE
Society_E,T+80,Chile,1955,8.2875,5.4,0.2048,1.2532,-0.3,STRAINED
Society_E,T+81,Chile,1956,8.2125,5.1,0.2041,1.2371,-0.3,STRAINED
Society_E,T+82,Chile,1957,8.3125,4.6,0.2045,1.2231,-0.287,STRAINED
Society_E,T+83,Chile,1958,9.225,6.2,0.2256,1.3818,0.0,STRAINED
Society_E,T+84,Chile,1959,10.8375,7.4,0.2621,1.6639,0.0416,STABLE_ADAPTIVE
Society_E,T+85,Chile,1960,10.6,7.1,0.2485,1.5826,0.038,STRAINED
Society_E,T+86,Chile,1961,10.7625,6.7,0.2604,1.6532,-0.038,STABLE_ADAPTIVE
Society_E,T+87,Chile,1962,10.7375,6.9,0.2573,1.6224,0.0,STABLE_ADAPTIVE
Society_E,T+88,Chile,1963,10.95,6.9,0.2623,1.6477,0.0,STABLE_ADAPTIVE
Society_E,T+89,Chile,1964,11.25,7.0,0.2663,1.6714,0.036,STABLE_ADAPTIVE
Society_E,T+9,Chile,1884,11.875,5.3,0.2773,1.6448,0.0,STABLE_ADAPTIVE
Society_E,T+90,Chile,1965,11.2875,7.1,0.2663,1.5681,-0.046,STABLE_ADAPTIVE
Society_E,T+91,Chile,1966,11.2625,7.3,0.2641,1.5956,0.0,STABLE_ADAPTIVE
Society_E,T+92,Chile,1967,11.05,6.9,0.2618,1.5922,-0.092,STABLE_ADAPTIVE
Society_E,T+93,Chile,1968,10.4625,7.4,0.2422,1.4729,0.044,STRAINED
Society_E,T+94,Chile,1969,10.425,6.7,0.2383,1.462,-0.084,STRAINED
Society_E,T+95,Chile,1970,8.8,5.2,0.201,1.1594,-0.432,STRAINED
Society_E,T+96,Chile,1971,8.35,3.8,0.1938,1.0629,-0.5568,LOCAL_NODE_FAILURE
Society_E,T+97,Chile,1972,5.0375,1.1,0.1376,0.8188,-0.9984,PHANTOM_TYPE_II
Society_E,T+98,Chile,1973,2.525,-0.4,0.0972,0.6123,-0.8624,SYSTEMIC_CRISIS
Society_E,T+99,Chile,1974,4.3125,-0.3,0.1188,0.6739,-0.456,SYSTEMIC_CRISIS
Society_F,T+0,United Kingdom,1880,14.95,7.0,0.3514,2.1113,0.0,STABLE_ADAPTIVE
Society_F,T+1,United Kingdom,1881,14.95,7.0,0.3514,2.1113,0.0,STABLE_ADAPTIVE
Society_F,T+10,United Kingdom,1890,14.825,6.0,0.3467,2.0112,-0.2,STABLE_ADAPTIVE
Society_F,T+100,United Kingdom,1980,8.85,-0.5,0.1962,1.0294,-0.5,LOCAL_NODE_FAILURE
Society_F,T+101,United Kingdom,1981,8.6,-0.5,0.1924,1.0178,-0.5,LOCAL_NODE_FAILURE
Society_F,T+102,United Kingdom,1982,10.7375,2.5,0.2295,1.2933,-0.36,LOCAL_NODE_FAILURE
Society_F,T+103,United Kingdom,1983,11.2125,2.5,0.2494,1.3561,-0.36,LOCAL_NODE_FAILURE
Society_F,T+104,United Kingdom,1984,10.5875,-0.5,0.239,1.1504,-0.45,LOCAL_NODE_FAILURE
Society_F,T+105,United Kingdom,1985,11.525,2.5,0.2516,1.3628,-0.36,LOCAL_NODE_FAILURE
Society_F,T+106,United Kingdom,1986,12.0625,3.5,0.2694,1.4996,-0.24,LOCAL_NODE_FAILURE
Society_F,T+107,United Kingdom,1987,13.0625,3.5,0.2866,1.5566,-0.24,LOCAL_NODE_FAILURE
Society_F,T+108,United Kingdom,1988,13.5625,6.5,0.3001,1.7863,0.0,STABLE_ADAPTIVE
Society_F,T+109,United Kingdom,1989,13.6875,7.5,0.3043,1.8754,0.15,STABLE_ADAPTIVE
Society_F,T+11,United Kingdom,1891,14.825,6.0,0.3467,2.0112,-0.2,STABLE_ADAPTIVE
Society_F,T+110,United Kingdom,1990,12.3125,5.5,0.27,1.6653,-0.15,STABLE_ADAPTIVE
Society_F,T+111,United Kingdom,1991,11.5625,5.5,0.2566,1.618,-0.15,STABLE_ADAPTIVE
Society_F,T+112,United Kingdom,1992,10.0,3.5,0.2157,1.3118,-0.35,LOCAL_NODE_FAILURE
Society_F,T+113,United Kingdom,1993,10.8125,3.5,0.2357,1.3769,-0.24,LOCAL_NODE_FAILURE
Society_F,T+114,United Kingdom,1994,12.6875,5.5,0.2878,1.7364,-0.15,STABLE_ADAPTIVE
Society_F,T+115,United Kingdom,1995,12.8125,5.5,0.2916,1.7489,-0.15,STABLE_ADAPTIVE
Society_F,T+116,United Kingdom,1996,12.8125,5.5,0.2916,1.7489,-0.15,STABLE_ADAPTIVE
Society_F,T+117,United Kingdom,1997,13.8625,9.0,0.318,2.0204,0.24,STABLE_ADAPTIVE
Society_F,T+118,United Kingdom,1998,14.1125,10.0,0.3231,2.0679,0.48,STABLE_ADAPTIVE
Society_F,T+119,United Kingdom,1999,14.1125,10.0,0.3231,2.0679,0.48,STABLE_ADAPTIVE
Society_F,T+12,United Kingdom,1892,14.45,6.0,0.3365,1.9787,-0.2,STABLE_ADAPTIVE
Society_F,T+120,United Kingdom,2000,14.1125,10.0,0.3231,2.0679,0.48,STABLE_ADAPTIVE
Society_F,T+121,United Kingdom,2001,13.275,9.0,0.2975,1.9053,0.24,STABLE_ADAPTIVE
Society_F,T+122,United Kingdom,2002,13.9,10.0,0.3138,1.9919,0.48,STABLE_ADAPTIVE
Society_F,T+123,United Kingdom,2003,12.5875,10.0,0.2797,1.7463,0.42,STABLE_ADAPTIVE
Society_F,T+124,United Kingdom,2004,12.7125,10.0,0.2845,1.7692,0.48,STABLE_ADAPTIVE
Society_F,T+125,United Kingdom,2005,12.7125,10.0,0.2845,1.7692,0.48,STABLE_ADAPTIVE
Society_F,T+126,United Kingdom,2006,13.2125,10.0,0.3042,1.8476,0.48,STABLE_ADAPTIVE
Society_F,T+127,United Kingdom,2007,13.7125,10.0,0.3172,2.0074,0.48,STABLE_ADAPTIVE
Society_F,T+128,United Kingdom,2008,9.8125,5.8,0.2152,1.2613,-0.66,STRAINED
Society_F,T+129,United Kingdom,2009,9.025,4.5,0.2032,1.2072,-0.6,LOCAL_NODE_FAILURE
Society_F,T+13,United Kingdom,1893,14.3,6.0,0.3325,1.9652,-0.2,STABLE_ADAPTIVE
Society_F,T+130,United Kingdom,2010,10.775,6.0,0.2402,1.4984,-0.2,STRAINED
Society_F,T+131,United Kingdom,2011,10.4,4.0,0.2285,1.387,-0.32,LOCAL_NODE_FAILURE
Society_F,T+132,United Kingdom,2012,11.15,6.0,0.2466,1.5445,-0.2,STRAINED
Society_F,T+133,United Kingdom,2013,11.525,6.0,0.2548,1.6152,-0.2,STABLE_ADAPTIVE
Society_F,T+134,United Kingdom,2014,12.15,7.0,0.2717,1.7178,0.0,STABLE_ADAPTIVE
Society_F,T+135,United Kingdom,2015,12.15,7.0,0.2701,1.7124,0.0,STABLE_ADAPTIVE
Society_F,T+136,United Kingdom,2016,10.9,7.0,0.2393,1.5256,-0.35,STRAINED
Society_F,T+137,United Kingdom,2017,10.15,5.5,0.2208,1.3972,-1.05,LOCAL_NODE_FAILURE
Society_F,T+138,United Kingdom,2018,9.875,3.3,0.2145,1.3199,-1.064,LOCAL_NODE_FAILURE
Society_F,T+139,United Kingdom,2019,9.35,3.1,0.2036,1.2251,-1.232,LOCAL_NODE_FAILURE
Society_F,T+14,United Kingdom,1894,14.825,6.0,0.3467,2.0112,-0.2,STABLE_ADAPTIVE
Society_F,T+140,United Kingdom,2020,7.2125,2.5,0.1589,1.0112,-0.84,LOCAL_NODE_FAILURE
Society_F,T+141,United Kingdom,2021,9.275,5.0,0.1967,1.2556,-0.4,STRAINED
Society_F,T+142,United Kingdom,2022,8.775,4.0,0.1916,1.2175,-1.05,LOCAL_NODE_FAILURE
Society_F,T+143,United Kingdom,2023,9.025,4.0,0.195,1.2311,-0.35,LOCAL_NODE_FAILURE
Society_F,T+144,United Kingdom,2024,9.9,6.0,0.2174,1.3624,-0.2,STRAINED
Society_F,T+145,United Kingdom,2025,10.65,7.0,0.2351,1.5179,0.0,STRAINED
Society_F,T+146,United Kingdom,2026,10.65,7.0,0.2351,1.5179,0.0,STRAINED
Society_F,T+15,United Kingdom,1895,14.95,7.0,0.3514,2.1113,0.0,STABLE_ADAPTIVE
Society_F,T+16,United Kingdom,1896,14.95,7.0,0.3514,2.1113,0.0,STABLE_ADAPTIVE
Society_F,T+17,United Kingdom,1897,14.95,7.0,0.3514,2.1113,0.0,STABLE_ADAPTIVE
Society_F,T+18,United Kingdom,1898,14.95,7.0,0.3514,2.1113,0.0,STABLE_ADAPTIVE
Society_F,T+19,United Kingdom,1899,14.7,7.0,0.3377,2.0639,0.0,STABLE_ADAPTIVE
Society_F,T+2,United Kingdom,1882,14.95,7.0,0.3514,2.1113,0.0,STABLE_ADAPTIVE
Society_F,T+20,United Kingdom,1900,14.575,7.0,0.3314,2.0417,0.0,STABLE_ADAPTIVE
Society_F,T+21,United Kingdom,1901,14.7,7.0,0.3382,2.0656,0.0,STABLE_ADAPTIVE
Society_F,T+22,United Kingdom,1902,14.825,7.0,0.3446,2.0878,0.0,STABLE_ADAPTIVE
Society_F,T+23,United Kingdom,1903,14.95,7.0,0.3514,2.1113,0.0,STABLE_ADAPTIVE
Society_F,T+24,United Kingdom,1904,14.95,7.0,0.3514,2.1113,0.0,STABLE_ADAPTIVE
Society_F,T+25,United Kingdom,1905,14.95,7.0,0.3514,2.1113,0.0,STABLE_ADAPTIVE
Society_F,T+26,United Kingdom,1906,14.925,7.0,0.3507,2.1063,0.0,STABLE_ADAPTIVE
Society_F,T+27,United Kingdom,1907,14.925,7.0,0.3507,2.1063,0.0,STABLE_ADAPTIVE
Society_F,T+28,United Kingdom,1908,14.7,6.0,0.3405,1.9916,-0.2,STABLE_ADAPTIVE
Society_F,T+29,United Kingdom,1909,14.25,6.0,0.3263,1.9146,-0.2,STABLE_ADAPTIVE
Society_F,T+3,United Kingdom,1883,14.95,7.0,0.3514,2.1113,0.0,STABLE_ADAPTIVE
Society_F,T+30,United Kingdom,1910,13.875,6.0,0.323,1.9035,-0.2,STABLE_ADAPTIVE
Society_F,T+31,United Kingdom,1911,13.75,5.0,0.3187,1.8111,-0.4,STABLE_ADAPTIVE
Society_F,T+32,United Kingdom,1912,13.75,5.0,0.3187,1.8111,-0.4,STABLE_ADAPTIVE
Society_F,T+33,United Kingdom,1913,14.825,7.0,0.3451,2.0893,0.0,STABLE_ADAPTIVE
Society_F,T+34,United Kingdom,1914,12.725,7.0,0.2596,1.6372,0.0,STABLE_ADAPTIVE
Society_F,T+35,United Kingdom,1915,11.725,7.0,0.2218,1.4091,0.0,STRAINED
Society_F,T+36,United Kingdom,1916,11.5125,6.0,0.2158,1.3467,-0.2,STRAINED
Society_F,T+37,United Kingdom,1917,10.1625,5.0,0.1996,1.2263,-0.49,STRAINED
Society_F,T+38,United Kingdom,1918,11.9125,7.0,0.2279,1.4323,0.0,STRAINED
Society_F,T+39,United Kingdom,1919,11.9375,5.0,0.254,1.5836,-0.4,STABLE_ADAPTIVE
Society_F,T+4,United Kingdom,1884,15.075,8.0,0.3514,2.1113,0.2,STABLE_ADAPTIVE
Society_F,T+40,United Kingdom,1920,11.75,5.0,0.2538,1.5829,-0.4,STABLE_ADAPTIVE
Society_F,T+41,United Kingdom,1921,10.6,1.5,0.2323,1.3032,-0.48,LOCAL_NODE_FAILURE
Society_F,T+42,United Kingdom,1922,11.975,3.5,0.2645,1.4891,-0.24,LOCAL_NODE_FAILURE
Society_F,T+43,United Kingdom,1923,12.1,3.5,0.2694,1.5047,-0.24,LOCAL_NODE_FAILURE
Society_F,T+44,United Kingdom,1924,12.6,5.5,0.2868,1.749,-0.15,STABLE_ADAPTIVE
Society_F,T+45,United Kingdom,1925,12.975,5.5,0.2995,1.7917,-0.15,STABLE_ADAPTIVE
Society_F,T+46,United Kingdom,1926,9.7625,0.5,0.2188,1.1856,-0.6,LOCAL_NODE_FAILURE
Society_F,T+47,United Kingdom,1927,12.7,5.5,0.2934,1.7716,-0.15,STABLE_ADAPTIVE
Society_F,T+48,United Kingdom,1928,12.95,5.5,0.2984,1.7878,-0.15,STABLE_ADAPTIVE
Society_F,T+49,United Kingdom,1929,12.825,5.5,0.2928,1.769,-0.15,STABLE_ADAPTIVE
Society_F,T+5,United Kingdom,1885,14.575,7.0,0.3412,2.0756,0.0,STABLE_ADAPTIVE
Society_F,T+50,United Kingdom,1930,10.95,2.5,0.2455,1.4229,-0.36,LOCAL_NODE_FAILURE
Society_F,T+51,United Kingdom,1931,8.5875,0.5,0.1973,1.0948,-0.4,LOCAL_NODE_FAILURE
Society_F,T+52,United Kingdom,1932,9.7625,0.5,0.2216,1.1732,-0.36,LOCAL_NODE_FAILURE
Society_F,T+53,United Kingdom,1933,10.6375,0.5,0.2424,1.2328,-0.36,LOCAL_NODE_FAILURE
Society_F,T+54,United Kingdom,1934,11.8875,2.5,0.2742,1.5198,-0.36,LOCAL_NODE_FAILURE
Society_F,T+55,United Kingdom,1935,12.0125,3.5,0.2689,1.5029,-0.24,LOCAL_NODE_FAILURE
Society_F,T+56,United Kingdom,1936,11.6375,3.5,0.2573,1.4658,-0.24,LOCAL_NODE_FAILURE
Society_F,T+57,United Kingdom,1937,12.8875,5.5,0.2951,1.7768,-0.15,STABLE_ADAPTIVE
Society_F,T+58,United Kingdom,1938,12.3875,6.5,0.2773,1.7694,0.0,STABLE_ADAPTIVE
Society_F,T+59,United Kingdom,1939,12.35,7.0,0.257,1.6266,0.0,STABLE_ADAPTIVE
Society_F,T+6,United Kingdom,1886,14.075,7.0,0.3314,2.0403,0.0,STABLE_ADAPTIVE
Society_F,T+60,United Kingdom,1940,11.4,7.5,0.2066,1.3314,-0.3,STRAINED
Society_F,T+61,United Kingdom,1941,11.525,8.5,0.2066,1.3314,0.0,STRAINED
Society_F,T+62,United Kingdom,1942,11.4875,8.5,0.2058,1.3277,0.0,STRAINED
Society_F,T+63,United Kingdom,1943,11.475,8.5,0.2055,1.3245,0.0,STRAINED
Society_F,T+64,United Kingdom,1944,12.35,9.5,0.2283,1.4537,0.3,STRAINED
Society_F,T+65,United Kingdom,1945,12.5375,8.5,0.2518,1.6016,0.0,STABLE_ADAPTIVE
Society_F,T+66,United Kingdom,1946,13.05,9.5,0.2829,1.8304,0.3,STABLE_ADAPTIVE
Society_F,T+67,United Kingdom,1947,12.55,9.5,0.273,1.7673,0.3,STABLE_ADAPTIVE
Society_F,T+68,United Kingdom,1948,12.75,9.5,0.2831,1.8147,0.3,STABLE_ADAPTIVE
Society_F,T+69,United Kingdom,1949,13.0,9.5,0.2913,1.8687,0.3,STABLE_ADAPTIVE
Society_F,T+7,United Kingdom,1887,14.95,7.0,0.3514,2.1113,0.0,STABLE_ADAPTIVE
Society_F,T+70,United Kingdom,1950,13.375,10.5,0.3074,1.9482,0.6,STABLE_ADAPTIVE
Society_F,T+71,United Kingdom,1951,13.5,10.5,0.3121,2.014,0.6,STABLE_ADAPTIVE
Society_F,T+72,United Kingdom,1952,14.0,10.5,0.3355,2.1303,0.6,STABLE_ADAPTIVE
Society_F,T+73,United Kingdom,1953,14.0,10.5,0.3355,2.1303,0.6,STABLE_ADAPTIVE
Society_F,T+74,United Kingdom,1954,14.0,10.5,0.3355,2.1303,0.6,STABLE_ADAPTIVE
Society_F,T+75,United Kingdom,1955,14.0,10.5,0.3355,2.1303,0.6,STABLE_ADAPTIVE
Society_F,T+76,United Kingdom,1956,13.375,10.5,0.3093,1.9732,0.6,STABLE_ADAPTIVE
Society_F,T+77,United Kingdom,1957,13.75,10.5,0.3234,2.076,0.6,STABLE_ADAPTIVE
Society_F,T+78,United Kingdom,1958,13.125,8.5,0.2994,1.9329,0.25,STABLE_ADAPTIVE
Society_F,T+79,United Kingdom,1959,13.875,10.5,0.3293,2.1032,0.6,STABLE_ADAPTIVE
Society_F,T+8,United Kingdom,1888,14.95,7.0,0.3514,2.1113,0.0,STABLE_ADAPTIVE
Society_F,T+80,United Kingdom,1960,13.875,10.5,0.3293,2.1032,0.6,STABLE_ADAPTIVE
Society_F,T+81,United Kingdom,1961,13.875,10.5,0.3293,2.1032,0.6,STABLE_ADAPTIVE
Society_F,T+82,United Kingdom,1962,13.875,10.5,0.3293,2.1032,0.6,STABLE_ADAPTIVE
Society_F,T+83,United Kingdom,1963,13.625,10.5,0.32,2.0545,0.6,STABLE_ADAPTIVE
Society_F,T+84,United Kingdom,1964,13.875,10.5,0.3293,2.1032,0.6,STABLE_ADAPTIVE
Society_F,T+85,United Kingdom,1965,13.875,10.5,0.3293,2.1032,0.6,STABLE_ADAPTIVE
Society_F,T+86,United Kingdom,1966,12.6875,8.0,0.2855,1.7878,0.2,STABLE_ADAPTIVE
Society_F,T+87,United Kingdom,1967,12.1875,7.0,0.2806,1.7674,0.0,STABLE_ADAPTIVE
Society_F,T+88,United Kingdom,1968,12.1875,7.0,0.2782,1.7344,0.0,STABLE_ADAPTIVE
Society_F,T+89,United Kingdom,1969,11.9375,7.0,0.2693,1.7,0.0,STABLE_ADAPTIVE
Society_F,T+9,United Kingdom,1889,14.95,7.0,0.3514,2.1113,0.0,STABLE_ADAPTIVE
Society_F,T+90,United Kingdom,1970,11.6875,6.0,0.2605,1.6371,-0.2,STABLE_ADAPTIVE
Society_F,T+91,United Kingdom,1971,11.1875,6.0,0.2478,1.5884,-0.2,STRAINED
Society_F,T+92,United Kingdom,1972,9.6875,3.5,0.2114,1.3023,-0.24,LOCAL_NODE_FAILURE
Society_F,T+93,United Kingdom,1973,10.625,6.0,0.2384,1.5408,-0.2,STRAINED
Society_F,T+94,United Kingdom,1974,8.6875,2.5,0.1887,1.1535,-0.5,LOCAL_NODE_FAILURE
Society_F,T+95,United Kingdom,1975,8.1875,1.5,0.1824,1.1296,-0.75,LOCAL_NODE_FAILURE
Society_F,T+96,United Kingdom,1976,8.1875,1.5,0.1824,1.1296,-0.75,LOCAL_NODE_FAILURE
Society_F,T+97,United Kingdom,1977,8.1875,1.5,0.1824,1.1296,-0.75,LOCAL_NODE_FAILURE
Society_F,T+98,United Kingdom,1978,8.0625,1.5,0.1824,1.1296,-0.75,LOCAL_NODE_FAILURE
Society_F,T+99,United Kingdom,1979,8.475,0.5,0.1868,1.0824,-0.75,LOCAL_NODE_FAILURE
Society_G,T+0,Norway,1880,9.125,5.6,0.2224,1.4345,-0.0384,STRAINED
Society_G,T+1,Norway,1881,9.125,5.6,0.2224,1.4345,-0.0384,STRAINED
Society_G,T+10,Norway,1890,9.4375,5.6,0.2305,1.4729,-0.0384,STRAINED
Society_G,T+100,Norway,1980,13.95,10.1,0.3333,2.1139,0.522,STABLE_ADAPTIVE
Society_G,T+101,Norway,1981,13.825,10.1,0.3295,2.096,0.522,STABLE_ADAPTIVE
Society_G,T+102,Norway,1982,13.95,10.1,0.3333,2.1139,0.522,STABLE_ADAPTIVE
Society_G,T+103,Norway,1983,13.95,10.1,0.3333,2.1139,0.522,STABLE_ADAPTIVE
Society_G,T+104,Norway,1984,13.95,10.1,0.3333,2.1139,0.522,STABLE_ADAPTIVE
Society_G,T+105,Norway,1985,13.95,10.1,0.3333,2.1139,0.522,STABLE_ADAPTIVE
Society_G,T+106,Norway,1986,7.8125,3.5,0.1917,1.0768,-1.0788,LOCAL_NODE_FAILURE
Society_G,T+107,Norway,1987,8.8125,6.1,0.2072,1.2517,-0.288,STRAINED
Society_G,T+108,Norway,1988,8.0625,3.5,0.196,1.0959,-0.6,LOCAL_NODE_FAILURE
Society_G,T+109,Norway,1989,7.5625,2.5,0.1874,1.0071,-0.8,LOCAL_NODE_FAILURE
Society_G,T+11,Norway,1891,9.4375,5.6,0.2305,1.4729,-0.0384,STRAINED
Society_G,T+110,Norway,1990,7.6875,3.1,0.1897,1.0703,-0.608,LOCAL_NODE_FAILURE
Society_G,T+111,Norway,1991,8.5625,5.5,0.2009,1.1687,-0.5,STRAINED
Society_G,T+112,Norway,1992,8.8125,6.1,0.2072,1.2517,-0.288,STRAINED
Society_G,T+113,Norway,1993,13.8375,8.1,0.3335,2.0956,0.192,STABLE_ADAPTIVE
Society_G,T+114,Norway,1994,12.9625,8.1,0.3103,1.9627,0.192,STABLE_ADAPTIVE
Society_G,T+115,Norway,1995,13.3375,8.1,0.3208,2.045,0.192,STABLE_ADAPTIVE
Society_G,T+116,Norway,1996,13.65,8.1,0.3228,2.062,0.192,STABLE_ADAPTIVE
Society_G,T+117,Norway,1997,13.3375,8.1,0.3208,2.045,0.192,STABLE_ADAPTIVE
Society_G,T+118,Norway,1998,13.0875,8.1,0.3159,1.993,0.192,STABLE_ADAPTIVE
Society_G,T+119,Norway,1999,13.3375,8.1,0.3208,2.045,0.192,STABLE_ADAPTIVE
Society_G,T+12,Norway,1892,9.4375,5.6,0.2305,1.4729,-0.0384,STRAINED
Society_G,T+120,Norway,2000,13.3375,8.1,0.3208,2.045,0.192,STABLE_ADAPTIVE
Society_G,T+121,Norway,2001,12.9,6.1,0.2988,1.812,-0.288,STABLE_ADAPTIVE
Society_G,T+122,Norway,2002,13.025,7.1,0.3032,1.8692,-0.048,STABLE_ADAPTIVE
Society_G,T+123,Norway,2003,13.025,7.1,0.3032,1.8692,-0.048,STABLE_ADAPTIVE
Society_G,T+124,Norway,2004,13.025,7.1,0.3032,1.8692,-0.048,STABLE_ADAPTIVE
Society_G,T+125,Norway,2005,13.025,7.1,0.3032,1.8692,-0.048,STABLE_ADAPTIVE
Society_G,T+126,Norway,2006,13.025,7.1,0.3032,1.8692,-0.048,STABLE_ADAPTIVE
Society_G,T+127,Norway,2007,13.025,7.1,0.3032,1.8692,-0.048,STABLE_ADAPTIVE
Society_G,T+128,Norway,2008,13.025,7.1,0.3032,1.8692,-0.048,STABLE_ADAPTIVE
Society_G,T+129,Norway,2009,13.025,7.1,0.3032,1.8692,-0.048,STABLE_ADAPTIVE
Society_G,T+13,Norway,1893,9.4375,5.6,0.2305,1.4729,-0.0384,STRAINED
Society_G,T+130,Norway,2010,13.025,7.1,0.3032,1.8692,-0.048,STABLE_ADAPTIVE
Society_G,T+131,Norway,2011,12.025,4.1,0.2752,1.5501,-0.768,LOCAL_NODE_FAILURE
Society_G,T+132,Norway,2012,13.025,7.1,0.3048,1.8139,-0.048,STABLE_ADAPTIVE
Society_G,T+133,Norway,2013,13.025,7.1,0.3032,1.8692,-0.048,STABLE_ADAPTIVE
Society_G,T+134,Norway,2014,10.4,6.9,0.2386,1.4718,-0.2976,STRAINED
Society_G,T+135,Norway,2015,10.15,3.9,0.2323,1.4532,-0.52,LOCAL_NODE_FAILURE
Society_G,T+136,Norway,2016,11.4,7.1,0.2554,1.5966,-0.048,STABLE_ADAPTIVE
Society_G,T+137,Norway,2017,12.15,7.1,0.28,1.7668,-0.048,STABLE_ADAPTIVE
Society_G,T+138,Norway,2018,12.15,7.1,0.28,1.7668,-0.048,STABLE_ADAPTIVE
Society_G,T+139,Norway,2019,12.15,7.1,0.28,1.7668,-0.048,STABLE_ADAPTIVE
Society_G,T+14,Norway,1894,9.4375,5.6,0.2305,1.4729,-0.0384,STRAINED
Society_G,T+140,Norway,2020,11.025,7.1,0.2508,1.6391,-0.36,STABLE_ADAPTIVE
Society_G,T+141,Norway,2021,11.9,7.1,0.2701,1.7235,-0.048,STABLE_ADAPTIVE
Society_G,T+142,Norway,2022,12.2125,6.1,0.2784,1.7269,-0.288,STABLE_ADAPTIVE
Society_G,T+143,Norway,2023,11.9,6.1,0.2705,1.6982,-0.288,STABLE_ADAPTIVE
Society_G,T+144,Norway,2024,12.275,8.1,0.28,1.7668,0.192,STABLE_ADAPTIVE
Society_G,T+145,Norway,2025,12.15,7.1,0.28,1.7668,-0.048,STABLE_ADAPTIVE
Society_G,T+146,Norway,2026,12.15,7.1,0.28,1.7668,-0.048,STABLE_ADAPTIVE
Society_G,T+15,Norway,1895,9.0625,4.6,0.2189,1.4121,-0.648,STRAINED
Society_G,T+16,Norway,1896,9.3125,5.6,0.2263,1.4555,-0.288,STRAINED
Society_G,T+17,Norway,1897,9.4375,5.6,0.2305,1.4729,-0.0384,STRAINED
Society_G,T+18,Norway,1898,9.4375,5.6,0.2305,1.4729,-0.0384,STRAINED
Society_G,T+19,Norway,1899,9.1875,4.6,0.2228,1.4287,-0.288,STRAINED
Society_G,T+2,Norway,1882,9.125,5.6,0.2224,1.4345,-0.0384,STRAINED
Society_G,T+20,Norway,1900,9.3125,5.6,0.2263,1.4555,-0.288,STRAINED
Society_G,T+21,Norway,1901,9.4375,5.6,0.2305,1.4729,-0.0384,STRAINED
Society_G,T+22,Norway,1902,9.4375,5.6,0.2305,1.4729,-0.0384,STRAINED
Society_G,T+23,Norway,1903,9.4375,5.6,0.2305,1.4729,-0.0384,STRAINED
Society_G,T+24,Norway,1904,9.4375,5.6,0.2305,1.4729,-0.0384,STRAINED
Society_G,T+25,Norway,1905,12.9625,10.1,0.3308,2.0619,0.522,STABLE_ADAPTIVE
Society_G,T+26,Norway,1906,12.4,9.1,0.3065,1.9357,0.3,STABLE_ADAPTIVE
Society_G,T+27,Norway,1907,12.7125,9.1,0.3193,1.985,0.3,STABLE_ADAPTIVE
Society_G,T+28,Norway,1908,12.4,9.1,0.3065,1.9357,0.3,STABLE_ADAPTIVE
Society_G,T+29,Norway,1909,12.65,9.1,0.3145,1.9687,0.3,STABLE_ADAPTIVE
Society_G,T+3,Norway,1883,9.125,5.6,0.2224,1.4345,-0.0384,STRAINED
Society_G,T+30,Norway,1910,12.4,9.1,0.3065,1.9357,0.3,STABLE_ADAPTIVE
Society_G,T+31,Norway,1911,12.4,9.1,0.3065,1.9357,0.3,STABLE_ADAPTIVE
Society_G,T+32,Norway,1912,12.4,9.1,0.3065,1.9357,0.3,STABLE_ADAPTIVE
Society_G,T+33,Norway,1913,12.5875,9.1,0.3086,1.9495,0.3,STABLE_ADAPTIVE
Society_G,T+34,Norway,1914,7.2125,3.8,0.1805,1.1842,-0.988,LOCAL_NODE_FAILURE
Society_G,T+35,Norway,1915,7.0875,2.8,0.1805,1.1842,-1.248,LOCAL_NODE_FAILURE
Society_G,T+36,Norway,1916,7.0875,2.8,0.1805,1.1835,-1.248,LOCAL_NODE_FAILURE
Society_G,T+37,Norway,1917,6.9625,1.8,0.1778,1.1574,-1.508,LOCAL_NODE_FAILURE
Society_G,T+38,Norway,1918,7.3375,3.8,0.1836,1.2001,-0.988,LOCAL_NODE_FAILURE
Society_G,T+39,Norway,1919,7.4625,5.4,0.1929,1.1844,-0.468,STRAINED
Society_G,T+4,Norway,1884,9.5625,5.6,0.2322,1.475,-0.0384,STRAINED
Society_G,T+40,Norway,1920,7.4625,5.5,0.1922,1.2304,-0.5,STRAINED
Society_G,T+41,Norway,1921,6.9625,4.4,0.181,1.0841,-0.3744,LOCAL_NODE_FAILURE
Society_G,T+42,Norway,1922,7.2125,4.4,0.1873,1.1068,-0.3024,LOCAL_NODE_FAILURE
Society_G,T+43,Norway,1923,7.9625,5.6,0.1992,1.2611,-0.0304,STRAINED
Society_G,T+44,Norway,1924,7.9625,5.6,0.1992,1.2611,-0.0304,STRAINED
Society_G,T+45,Norway,1925,8.2125,5.6,0.2031,1.2762,-0.0304,STRAINED
Society_G,T+46,Norway,1926,8.2125,5.6,0.2022,1.3155,-0.0304,STRAINED
Society_G,T+47,Norway,1927,7.9625,5.6,0.1992,1.2611,-0.0304,STRAINED
Society_G,T+48,Norway,1928,7.9625,5.6,0.1992,1.2611,-0.0304,STRAINED
Society_G,T+49,Norway,1929,2.375,-2.8,0.1124,0.6495,-0.6451,SYSTEMIC_CRISIS
Society_G,T+5,Norway,1885,9.4375,5.6,0.2305,1.4729,-0.0384,STRAINED
Society_G,T+50,Norway,1930,2.375,-2.8,0.1122,0.6751,-0.6451,SYSTEMIC_CRISIS
Society_G,T+51,Norway,1931,1.875,-3.5,0.1056,0.5759,-0.576,SYSTEMIC_CRISIS
Society_G,T+52,Norway,1932,2.75,-0.8,0.1138,0.6879,-0.4659,SYSTEMIC_CRISIS
Society_G,T+53,Norway,1933,3.375,-0.5,0.1195,0.712,-0.45,SYSTEMIC_CRISIS
Society_G,T+54,Norway,1934,9.15,4.6,0.2244,1.3834,-0.1824,STRAINED
Society_G,T+55,Norway,1935,9.7125,4.6,0.243,1.4493,-0.1824,STRAINED
Society_G,T+56,Norway,1936,9.775,4.6,0.2369,1.4288,-0.1824,STRAINED
Society_G,T+57,Norway,1937,9.15,4.6,0.2244,1.3834,-0.1824,STRAINED
Society_G,T+58,Norway,1938,9.025,3.6,0.2211,1.3503,-0.3344,LOCAL_NODE_FAILURE
Society_G,T+59,Norway,1939,8.775,2.6,0.2138,1.2904,-0.4864,LOCAL_NODE_FAILURE
Society_G,T+6,Norway,1886,9.4375,5.6,0.2305,1.4729,-0.0384,STRAINED
Society_G,T+60,Norway,1940,0.1,-6.0,0.0747,0.3951,-0.4704,SYSTEMIC_CRISIS
Society_G,T+61,Norway,1941,2.2125,-4.4,0.1044,0.5756,-0.6048,SYSTEMIC_CRISIS
Society_G,T+62,Norway,1942,2.525,-4.4,0.1095,0.5896,-0.6048,SYSTEMIC_CRISIS
Society_G,T+63,Norway,1943,2.0875,-4.4,0.1025,0.5696,-0.64,SYSTEMIC_CRISIS
Society_G,T+64,Norway,1944,2.4625,-2.7,0.1086,0.6468,-0.6048,SYSTEMIC_CRISIS
Society_G,T+65,Norway,1945,13.15,10.9,0.3265,2.0269,0.682,STABLE_ADAPTIVE
Society_G,T+66,Norway,1946,11.9625,8.1,0.2947,1.8792,0.192,STABLE_ADAPTIVE
Society_G,T+67,Norway,1947,11.9625,8.1,0.2947,1.8792,0.192,STABLE_ADAPTIVE
Society_G,T+68,Norway,1948,12.4625,8.1,0.3063,1.9258,0.192,STABLE_ADAPTIVE
Society_G,T+69,Norway,1949,12.2125,10.1,0.304,1.9344,0.522,STABLE_ADAPTIVE
Society_G,T+7,Norway,1887,9.4375,5.6,0.2305,1.4729,-0.0384,STRAINED
Society_G,T+70,Norway,1950,12.8125,9.1,0.3105,1.9444,0.232,STABLE_ADAPTIVE
Society_G,T+71,Norway,1951,12.8125,9.1,0.3105,1.9444,0.232,STABLE_ADAPTIVE
Society_G,T+72,Norway,1952,12.9375,10.1,0.3155,1.981,0.522,STABLE_ADAPTIVE
Society_G,T+73,Norway,1953,12.9375,10.1,0.3155,1.981,0.522,STABLE_ADAPTIVE
Society_G,T+74,Norway,1954,12.9375,10.1,0.3155,1.981,0.522,STABLE_ADAPTIVE
Society_G,T+75,Norway,1955,13.1875,10.1,0.3155,1.981,0.522,STABLE_ADAPTIVE
Society_G,T+76,Norway,1956,12.9375,10.1,0.3155,1.981,0.522,STABLE_ADAPTIVE
Society_G,T+77,Norway,1957,12.9375,10.1,0.3155,1.981,0.522,STABLE_ADAPTIVE
Society_G,T+78,Norway,1958,12.9375,10.1,0.3155,1.981,0.522,STABLE_ADAPTIVE
Society_G,T+79,Norway,1959,12.9375,10.1,0.3155,1.981,0.522,STABLE_ADAPTIVE
Society_G,T+8,Norway,1888,9.4375,5.6,0.2305,1.4729,-0.0384,STRAINED
Society_G,T+80,Norway,1960,12.9375,10.1,0.3155,1.981,0.522,STABLE_ADAPTIVE
Society_G,T+81,Norway,1961,12.9375,10.1,0.3155,1.981,0.522,STABLE_ADAPTIVE
Society_G,T+82,Norway,1962,12.9375,10.1,0.3155,1.981,0.522,STABLE_ADAPTIVE
Society_G,T+83,Norway,1963,12.9375,10.1,0.3155,1.981,0.522,STABLE_ADAPTIVE
Society_G,T+84,Norway,1964,12.9375,10.1,0.3155,1.981,0.522,STABLE_ADAPTIVE
Society_G,T+85,Norway,1965,12.0875,10.0,0.292,1.8603,0.522,STABLE_ADAPTIVE
Society_G,T+86,Norway,1966,12.2125,10.1,0.2959,1.8804,0.522,STABLE_ADAPTIVE
Society_G,T+87,Norway,1967,12.2125,10.1,0.2959,1.8804,0.522,STABLE_ADAPTIVE
Society_G,T+88,Norway,1968,12.2125,10.1,0.2959,1.8804,0.522,STABLE_ADAPTIVE
Society_G,T+89,Norway,1969,12.525,10.1,0.298,1.9089,0.522,STABLE_ADAPTIVE
Society_G,T+9,Norway,1889,9.4375,5.6,0.2305,1.4729,-0.0384,STRAINED
Society_G,T+90,Norway,1970,12.4,10.1,0.298,1.9089,0.522,STABLE_ADAPTIVE
Society_G,T+91,Norway,1971,12.2125,10.1,0.2959,1.8804,0.522,STABLE_ADAPTIVE
Society_G,T+92,Norway,1972,8.9625,2.5,0.2207,1.2734,-0.8,LOCAL_NODE_FAILURE
Society_G,T+93,Norway,1973,9.4625,4.5,0.2301,1.414,-0.75,LOCAL_NODE_FAILURE
Society_G,T+94,Norway,1974,14.825,10.1,0.358,2.2465,0.522,STABLE_ADAPTIVE
Society_G,T+95,Norway,1975,14.325,10.1,0.342,2.1806,0.522,STABLE_ADAPTIVE
Society_G,T+96,Norway,1976,13.95,10.1,0.3333,2.1139,0.522,STABLE_ADAPTIVE
Society_G,T+97,Norway,1977,13.95,10.1,0.3333,2.1139,0.522,STABLE_ADAPTIVE
Society_G,T+98,Norway,1978,13.95,10.1,0.3333,2.1139,0.522,STABLE_ADAPTIVE
Society_G,T+99,Norway,1979,13.95,10.1,0.3333,2.1139,0.522,STABLE_ADAPTIVE
