 Society,Year,Node,Coherence,Capacity,Stress,Abstraction,Node Value,Bond Strength
England,1750.0,Army,7.0,7.0,7.0,5.0,9.5,2.7877551020408167
England,1750.0,Executive,7.0,7.0,7.0,6.0,10.0,2.836734693877551
England,1750.0,Merchants / Shopkeepers,7.0,7.0,7.0,7.0,11.0,2.933333333333333
England,1750.0,Priesthood / Knowledge Workers,6.0,6.0,6.0,7.0,9.5,2.7938775510204083
England,1750.0,Proletariat,5.0,5.0,6.0,4.0,7.0,2.5714285714285716
England,1750.0,Property,7.0,8.0,8.0,6.0,10.0,2.830612244897959
England,1750.0,StateMemory,8.0,8.0,8.0,8.0,12.0,3.0244897959183674
England,1750.0,Trades / Professions,7.0,7.0,7.0,6.0,10.0,2.836734693877551
England,1751.0,Army,7.0,7.0,7.0,5.0,9.5,1.5923529411764705
England,1751.0,Executive,7.0,7.0,7.0,6.0,10.0,1.635322128851541
England,1751.0,Merchants / Shopkeepers,7.0,7.0,7.0,7.0,10.5,1.678291316526611
England,1751.0,Priesthood / Knowledge Workers,6.0,6.0,6.0,7.0,9.5,1.7042517006802724
England,1751.0,Proletariat,5.0,5.0,6.0,4.0,6.0,1.5028231292517007
England,1751.0,Property,7.0,8.0,8.0,6.0,10.0,1.551283846872082
England,1751.0,StateMemory,8.0,8.0,8.0,8.0,12.0,1.695401493930906
England,1751.0,Trades / Professions,7.0,7.0,7.0,6.0,10.0,1.6353221288515403
England,1752.0,Army,7.0,7.0,7.0,5.0,9.5,1.5923529411764705
England,1752.0,Executive,7.0,7.0,7.0,6.0,10.0,1.635322128851541
England,1752.0,Merchants / Shopkeepers,7.0,7.0,7.0,7.0,10.5,1.678291316526611
England,1752.0,Priesthood / Knowledge Workers,6.0,6.0,6.0,7.0,9.5,1.7042517006802724
England,1752.0,Proletariat,5.0,5.0,6.0,4.0,6.0,1.5028231292517007
England,1752.0,Property,7.0,8.0,8.0,6.0,10.0,1.551283846872082
England,1752.0,StateMemory,8.0,8.0,8.0,8.0,12.0,1.695401493930906
England,1752.0,Trades / Professions,7.0,7.0,7.0,6.0,10.0,1.6353221288515403
England,1753.0,Army,7.0,7.0,7.0,5.0,9.5,1.5923529411764705
England,1753.0,Executive,7.0,7.0,7.0,6.0,10.0,1.635322128851541
England,1753.0,Merchants / Shopkeepers,7.0,7.0,7.0,7.0,10.5,1.678291316526611
England,1753.0,Priesthood / Knowledge Workers,6.0,6.0,6.0,7.0,9.5,1.7042517006802724
England,1753.0,Proletariat,5.0,5.0,6.0,4.0,6.0,1.5028231292517007
England,1753.0,Property,7.0,8.0,8.0,6.0,10.0,1.551283846872082
England,1753.0,StateMemory,8.0,8.0,8.0,8.0,12.0,1.695401493930906
England,1753.0,Trades / Professions,7.0,7.0,7.0,6.0,10.0,1.6353221288515403
England,1754.0,Army,7.0,7.0,7.0,5.0,9.5,1.5923529411764705
England,1754.0,Executive,7.0,7.0,7.0,6.0,10.0,1.635322128851541
England,1754.0,Merchants / Shopkeepers,7.0,7.0,7.0,7.0,10.5,1.678291316526611
England,1754.0,Priesthood / Knowledge Workers,6.0,6.0,6.0,7.0,9.5,1.7042517006802724
England,1754.0,Proletariat,5.0,5.0,6.0,4.0,6.0,1.5028231292517007
England,1754.0,Property,7.0,8.0,8.0,6.0,10.0,1.551283846872082
England,1754.0,StateMemory,8.0,8.0,8.0,8.0,12.0,1.695401493930906
England,1754.0,Trades / Professions,7.0,7.0,7.0,6.0,10.0,1.6353221288515403
England,1755.0,Army,7.0,7.0,7.0,5.0,9.5,1.5923529411764705
England,1755.0,Executive,7.0,7.0,7.0,6.0,10.0,1.635322128851541
England,1755.0,Merchants / Shopkeepers,7.0,7.0,7.0,7.0,10.5,1.678291316526611
England,1755.0,Priesthood / Knowledge Workers,6.0,6.0,6.0,7.0,9.5,1.7042517006802724
England,1755.0,Proletariat,5.0,5.0,6.0,4.0,6.0,1.5028231292517007
England,1755.0,Property,7.0,8.0,8.0,6.0,10.0,1.551283846872082
England,1755.0,StateMemory,8.0,8.0,8.0,8.0,12.0,1.695401493930906
England,1755.0,Trades / Professions,7.0,7.0,7.0,6.0,10.0,1.6353221288515403
England,1756.0,Army,8.0,9.0,2.0,7.0,19.5,2.4419999999999997
England,1756.0,Executive,8.0,8.0,4.0,7.0,15.5,2.0292857142857144
England,1756.0,Merchants / Shopkeepers,6.0,7.0,5.0,7.0,11.5,1.8028571428571427
England,1756.0,Priesthood / Knowledge Workers,6.0,6.0,6.0,7.0,9.5,1.5796296296296297
England,1756.0,Proletariat,5.0,4.0,4.0,4.0,7.0,1.5204761904761904
England,1756.0,Property,7.0,7.0,6.0,6.0,11.0,1.7583333333333333
England,1756.0,StateMemory,8.0,9.0,7.0,9.0,14.5,1.9669047619047618
England,1756.0,Trades / Professions,7.0,7.0,7.0,6.0,10.0,1.6353221288515403
England,1757.0,Army,8.0,9.0,2.0,7.0,19.5,2.4419999999999997
England,1757.0,Executive,8.0,8.0,4.0,7.0,15.5,2.0292857142857144
England,1757.0,Merchants / Shopkeepers,6.0,7.0,5.0,7.0,11.5,1.8028571428571427
England,1757.0,Priesthood / Knowledge Workers,6.0,6.0,6.0,7.0,9.5,1.5796296296296297
England,1757.0,Proletariat,5.0,4.0,4.0,4.0,7.0,1.5204761904761904
England,1757.0,Property,7.0,7.0,6.0,6.0,11.0,1.7583333333333333
England,1757.0,StateMemory,8.0,9.0,7.0,9.0,14.5,1.9669047619047618
England,1757.0,Trades / Professions,7.0,7.0,7.0,6.0,10.0,1.6353221288515403
England,1758.0,Army,8.0,9.0,2.0,7.0,19.5,2.4419999999999997
England,1758.0,Executive,8.0,8.0,4.0,7.0,15.5,2.0292857142857144
England,1758.0,Merchants / Shopkeepers,6.0,7.0,5.0,7.0,11.5,1.8028571428571427
England,1758.0,Priesthood / Knowledge Workers,6.0,6.0,6.0,7.0,9.5,1.5796296296296297
England,1758.0,Proletariat,5.0,4.0,4.0,4.0,7.0,1.5204761904761904
England,1758.0,Property,7.0,7.0,6.0,6.0,11.0,1.7583333333333333
England,1758.0,StateMemory,8.0,9.0,7.0,9.0,14.5,1.9669047619047618
England,1758.0,Trades / Professions,7.0,7.0,7.0,6.0,10.0,1.6353221288515403
England,1759.0,Army,8.0,9.0,2.0,7.0,19.5,2.4419999999999997
England,1759.0,Executive,8.0,8.0,4.0,7.0,15.5,2.0292857142857144
England,1759.0,Merchants / Shopkeepers,6.0,7.0,5.0,7.0,11.5,1.8028571428571427
England,1759.0,Priesthood / Knowledge Workers,6.0,6.0,6.0,7.0,9.5,1.5796296296296297
England,1759.0,Proletariat,5.0,4.0,4.0,4.0,7.0,1.5204761904761904
England,1759.0,Property,7.0,7.0,6.0,6.0,11.0,1.7583333333333333
England,1759.0,StateMemory,8.0,9.0,7.0,9.0,14.5,1.9669047619047618
England,1759.0,Trades / Professions,7.0,7.0,7.0,6.0,10.0,1.6353221288515403
England,1760.0,Army,8.0,9.0,2.0,7.0,19.5,2.4419999999999997
England,1760.0,Executive,8.0,8.0,4.0,7.0,15.5,2.0292857142857144
England,1760.0,Merchants / Shopkeepers,6.0,7.0,5.0,7.0,11.5,1.8028571428571427
England,1760.0,Priesthood / Knowledge Workers,6.0,6.0,6.0,7.0,9.5,1.5796296296296297
England,1760.0,Proletariat,5.0,4.0,4.0,4.0,7.0,1.5204761904761904
England,1760.0,Property,7.0,7.0,6.0,6.0,11.0,1.7583333333333333
England,1760.0,StateMemory,8.0,9.0,7.0,9.0,14.5,1.9669047619047618
England,1760.0,Trades / Professions,7.0,7.0,7.0,6.0,10.0,1.6353221288515403
England,1761.0,Army,8.0,9.0,2.0,7.0,19.5,2.4419999999999997
England,1761.0,Executive,8.0,8.0,4.0,7.0,15.5,2.0292857142857144
England,1761.0,Merchants / Shopkeepers,6.0,7.0,5.0,7.0,11.5,1.8028571428571427
England,1761.0,Priesthood / Knowledge Workers,6.0,6.0,6.0,7.0,9.5,1.5796296296296297
England,1761.0,Proletariat,5.0,4.0,4.0,4.0,7.0,1.5204761904761904
England,1761.0,Property,7.0,7.0,6.0,6.0,11.0,1.7583333333333333
England,1761.0,StateMemory,8.0,9.0,7.0,9.0,14.5,1.9669047619047618
England,1761.0,Trades / Professions,7.0,7.0,7.0,6.0,10.0,1.6353221288515403
England,1762.0,Army,8.0,9.0,2.0,7.0,19.5,2.4419999999999997
England,1762.0,Executive,8.0,8.0,4.0,7.0,15.5,2.0292857142857144
England,1762.0,Merchants / Shopkeepers,6.0,7.0,5.0,7.0,11.5,1.8028571428571427
England,1762.0,Priesthood / Knowledge Workers,6.0,6.0,6.0,7.0,9.5,1.5796296296296297
England,1762.0,Proletariat,5.0,4.0,4.0,4.0,7.0,1.5204761904761904
England,1762.0,Property,7.0,7.0,6.0,6.0,11.0,1.7583333333333333
England,1762.0,StateMemory,8.0,9.0,7.0,9.0,14.5,1.9669047619047618
England,1762.0,Trades / Professions,7.0,7.0,7.0,6.0,10.0,1.6353221288515403
England,1763.0,Army,8.0,9.0,2.0,7.0,19.5,2.4419999999999997
England,1763.0,Executive,8.0,8.0,4.0,7.0,15.5,2.0292857142857144
England,1763.0,Merchants / Shopkeepers,6.0,7.0,5.0,7.0,11.5,1.8028571428571427
England,1763.0,Priesthood / Knowledge Workers,6.0,6.0,6.0,7.0,9.5,1.5796296296296297
England,1763.0,Proletariat,5.0,4.0,4.0,4.0,7.0,1.5204761904761904
England,1763.0,Property,7.0,7.0,6.0,6.0,11.0,1.7583333333333333
England,1763.0,StateMemory,8.0,9.0,7.0,9.0,14.5,1.9669047619047618
England,1763.0,Trades / Professions,7.0,7.0,7.0,6.0,10.0,1.6353221288515403
England,1764.0,Army,7.0,7.0,5.0,6.0,12.0,1.7946428571428572
England,1764.0,Executive,7.0,7.0,6.0,6.0,10.0,1.701904761904762
England,1764.0,Merchants / Shopkeepers,7.0,7.0,7.0,7.0,10.5,1.678291316526611
England,1764.0,Priesthood / Knowledge Workers,6.0,6.0,6.0,7.0,9.5,1.7042517006802724
England,1764.0,Proletariat,5.0,5.0,5.0,4.0,8.0,1.5714285714285714
England,1764.0,Property,7.0,8.0,7.0,6.0,11.0,1.7483333333333334
England,1764.0,StateMemory,8.0,8.0,8.0,8.0,12.0,1.695401493930906
England,1764.0,Trades / Professions,7.0,7.0,7.0,6.0,10.0,1.6353221288515403
England,1765.0,Army,7.0,7.0,5.0,6.0,12.0,1.7946428571428572
England,1765.0,Executive,7.0,7.0,6.0,6.0,10.0,1.701904761904762
England,1765.0,Merchants / Shopkeepers,7.0,7.0,7.0,7.0,10.5,1.678291316526611
England,1765.0,Priesthood / Knowledge Workers,6.0,6.0,6.0,7.0,9.5,1.7042517006802724
England,1765.0,Proletariat,5.0,5.0,5.0,4.0,8.0,1.5714285714285714
England,1765.0,Property,7.0,8.0,7.0,6.0,11.0,1.7483333333333334
England,1765.0,StateMemory,8.0,8.0,8.0,8.0,12.0,1.695401493930906
England,1765.0,Trades / Professions,7.0,7.0,7.0,6.0,10.0,1.6353221288515403
England,1766.0,Army,7.0,7.0,5.0,6.0,12.0,1.7946428571428572
England,1766.0,Executive,7.0,7.0,6.0,6.0,10.0,1.701904761904762
England,1766.0,Merchants / Shopkeepers,7.0,7.0,7.0,7.0,10.5,1.678291316526611
England,1766.0,Priesthood / Knowledge Workers,6.0,6.0,6.0,7.0,9.5,1.7042517006802724
England,1766.0,Proletariat,5.0,5.0,5.0,4.0,8.0,1.5714285714285714
England,1766.0,Property,7.0,8.0,7.0,6.0,11.0,1.7483333333333334
England,1766.0,StateMemory,8.0,8.0,8.0,8.0,12.0,1.695401493930906
England,1766.0,Trades / Professions,7.0,7.0,7.0,6.0,10.0,1.6353221288515403
England,1767.0,Army,6.0,6.0,6.0,6.0,9.0,1.5204761904761904
England,1767.0,Executive,6.0,6.0,5.0,5.0,9.5,1.5833333333333333
England,1767.0,Merchants / Shopkeepers,6.0,6.0,4.0,6.0,11.0,1.8028571428571427
England,1767.0,Priesthood / Knowledge Workers,6.0,6.0,6.0,7.0,9.5,1.611111111111111
England,1767.0,Proletariat,5.0,4.0,3.0,4.0,8.0,1.657142857142857
England,1767.0,Property,6.0,7.0,5.0,6.0,11.0,1.6857142857142858
England,1767.0,StateMemory,7.0,7.0,6.0,7.0,11.5,1.7516883116883117
England,1767.0,Trades / Professions,7.0,7.0,7.0,6.0,10.0,1.6353221288515403
England,1768.0,Army,6.0,6.0,6.0,6.0,9.0,1.5204761904761904
England,1768.0,Executive,5.0,6.0,4.0,5.0,9.5,1.615
England,1768.0,Merchants / Shopkeepers,6.0,6.0,4.0,6.0,11.0,1.8028571428571427
England,1768.0,Priesthood / Knowledge Workers,6.0,6.0,6.0,7.0,9.5,1.611111111111111
England,1768.0,Proletariat,5.0,4.0,3.0,4.0,8.0,1.657142857142857
England,1768.0,Property,6.0,7.0,5.0,6.0,11.0,1.6857142857142858
England,1768.0,StateMemory,7.0,7.0,6.0,7.0,11.5,1.7516883116883117
England,1768.0,Trades / Professions,7.0,7.0,7.0,6.0,10.0,1.6353221288515403
England,1769.0,Army,6.0,6.0,6.0,6.0,9.0,1.5204761904761904
England,1769.0,Executive,5.0,6.0,4.0,5.0,9.5,1.615
England,1769.0,Merchants / Shopkeepers,6.0,6.0,4.0,6.0,11.0,1.8028571428571427
England,1769.0,Priesthood / Knowledge Workers,6.0,6.0,6.0,7.0,9.5,1.611111111111111
England,1769.0,Proletariat,5.0,4.0,3.0,4.0,8.0,1.657142857142857
England,1769.0,Property,6.0,7.0,5.0,6.0,11.0,1.6857142857142858
England,1769.0,StateMemory,7.0,7.0,6.0,7.0,11.5,1.7516883116883117
England,1769.0,Trades / Professions,7.0,7.0,7.0,6.0,10.0,1.6353221288515403
England,1770.0,Army,6.0,6.0,6.0,6.0,9.0,1.5204761904761904
England,1770.0,Executive,5.0,6.0,4.0,5.0,9.5,1.615
England,1770.0,Merchants / Shopkeepers,6.0,6.0,4.0,6.0,11.0,1.8028571428571427
England,1770.0,Priesthood / Knowledge Workers,6.0,6.0,6.0,7.0,9.5,1.611111111111111
England,1770.0,Proletariat,5.0,4.0,3.0,4.0,8.0,1.657142857142857
England,1770.0,Property,6.0,7.0,5.0,6.0,11.0,1.6857142857142858
England,1770.0,StateMemory,7.0,7.0,6.0,7.0,11.5,1.7516883116883117
England,1770.0,Trades / Professions,7.0,7.0,7.0,6.0,10.0,1.6353221288515403
England,1771.0,Army,6.0,6.0,6.0,6.0,9.0,1.5204761904761904
England,1771.0,Executive,5.0,6.0,4.0,5.0,9.5,1.615
England,1771.0,Merchants / Shopkeepers,6.0,6.0,4.0,6.0,11.0,1.8028571428571427
England,1771.0,Priesthood / Knowledge Workers,6.0,6.0,6.0,7.0,9.5,1.611111111111111
England,1771.0,Proletariat,5.0,4.0,3.0,4.0,8.0,1.657142857142857
England,1771.0,Property,6.0,7.0,5.0,6.0,11.0,1.6857142857142858
England,1771.0,StateMemory,7.0,7.0,6.0,7.0,11.5,1.7516883116883117
England,1771.0,Trades / Professions,7.0,7.0,7.0,6.0,10.0,1.6353221288515403
England,1772.0,Army,6.0,6.0,6.0,6.0,9.0,1.5204761904761904
England,1772.0,Executive,5.0,6.0,4.0,5.0,9.5,1.615
England,1772.0,Merchants / Shopkeepers,6.0,6.0,4.0,6.0,11.0,1.8028571428571427
England,1772.0,Priesthood / Knowledge Workers,6.0,6.0,6.0,7.0,9.5,1.611111111111111
England,1772.0,Proletariat,5.0,4.0,3.0,4.0,8.0,1.657142857142857
England,1772.0,Property,6.0,7.0,5.0,6.0,11.0,1.6857142857142858
England,1772.0,StateMemory,7.0,7.0,6.0,7.0,11.5,1.7516883116883117
England,1772.0,Trades / Professions,7.0,7.0,7.0,6.0,10.0,1.6353221288515403
England,1773.0,Army,6.0,6.0,6.0,6.0,9.0,1.5204761904761904
England,1773.0,Executive,5.0,6.0,4.0,5.0,9.5,1.615
England,1773.0,Merchants / Shopkeepers,6.0,6.0,4.0,6.0,11.0,1.8028571428571427
England,1773.0,Priesthood / Knowledge Workers,6.0,6.0,6.0,7.0,9.5,1.611111111111111
England,1773.0,Proletariat,5.0,4.0,3.0,4.0,8.0,1.657142857142857
England,1773.0,Property,6.0,7.0,5.0,6.0,11.0,1.6857142857142858
England,1773.0,StateMemory,7.0,7.0,6.0,7.0,11.5,1.7516883116883117
England,1773.0,Trades / Professions,7.0,7.0,7.0,6.0,10.0,1.6353221288515403
England,1774.0,Army,6.0,6.0,6.0,6.0,9.0,1.5204761904761904
England,1774.0,Executive,5.0,6.0,4.0,5.0,9.5,1.615
England,1774.0,Merchants / Shopkeepers,6.0,6.0,4.0,6.0,11.0,1.8028571428571427
England,1774.0,Priesthood / Knowledge Workers,6.0,6.0,6.0,7.0,9.5,1.611111111111111
England,1774.0,Proletariat,5.0,4.0,3.0,4.0,8.0,1.657142857142857
England,1774.0,Property,6.0,7.0,5.0,6.0,11.0,1.6857142857142858
England,1774.0,StateMemory,7.0,7.0,6.0,7.0,11.5,1.7516883116883117
England,1774.0,Trades / Professions,7.0,7.0,7.0,6.0,10.0,1.6353221288515403
England,1775.0,Army,7.0,8.0,3.0,7.0,15.5,2.0292857142857144
England,1775.0,Executive,6.0,7.0,3.0,6.0,13.0,1.869047619047619
England,1775.0,Merchants / Shopkeepers,5.0,5.0,3.0,5.0,9.5,1.7314285714285713
England,1775.0,Priesthood / Knowledge Workers,6.0,6.0,6.0,7.0,9.5,1.611111111111111
England,1775.0,Proletariat,5.0,4.0,3.0,4.0,8.0,1.657142857142857
England,1775.0,Property,6.0,7.0,5.0,6.0,11.0,1.6857142857142858
England,1775.0,StateMemory,7.0,8.0,5.0,7.0,13.5,1.9016883116883117
England,1775.0,Trades / Professions,7.0,7.0,7.0,6.0,10.0,1.6353221288515403
England,1776.0,Army,7.0,8.0,3.0,7.0,15.5,2.0292857142857144
England,1776.0,Executive,6.0,7.0,3.0,6.0,13.0,1.869047619047619
England,1776.0,Merchants / Shopkeepers,5.0,5.0,3.0,5.0,9.5,1.7314285714285713
England,1776.0,Priesthood / Knowledge Workers,6.0,6.0,6.0,7.0,9.5,1.611111111111111
England,1776.0,Proletariat,5.0,4.0,3.0,4.0,8.0,1.657142857142857
England,1776.0,Property,6.0,7.0,5.0,6.0,11.0,1.6857142857142858
England,1776.0,StateMemory,7.0,8.0,5.0,7.0,13.5,1.9016883116883117
England,1776.0,Trades / Professions,7.0,7.0,7.0,6.0,10.0,1.6353221288515403
England,1777.0,Army,7.0,8.0,3.0,7.0,15.5,2.0292857142857144
England,1777.0,Executive,6.0,7.0,3.0,6.0,13.0,1.869047619047619
England,1777.0,Merchants / Shopkeepers,5.0,5.0,3.0,5.0,9.5,1.7314285714285713
England,1777.0,Priesthood / Knowledge Workers,6.0,6.0,6.0,7.0,9.5,1.611111111111111
England,1777.0,Proletariat,5.0,4.0,3.0,4.0,8.0,1.657142857142857
England,1777.0,Property,6.0,7.0,5.0,6.0,11.0,1.6857142857142858
England,1777.0,StateMemory,7.0,8.0,5.0,7.0,13.5,1.9016883116883117
England,1777.0,Trades / Professions,7.0,7.0,7.0,6.0,10.0,1.6353221288515403
England,1778.0,Army,6.0,8.0,2.0,6.0,15.0,2.373333333333333
England,1778.0,Executive,5.0,6.0,2.0,5.0,11.5,1.9685714285714285
England,1778.0,Merchants / Shopkeepers,4.0,4.0,2.0,5.0,8.5,1.7583333333333333
England,1778.0,Priesthood / Knowledge Workers,6.0,6.0,6.0,7.0,9.5,1.611111111111111
England,1778.0,Proletariat,5.0,4.0,2.0,4.0,9.0,1.8095238095238095
England,1778.0,Property,5.0,6.0,3.0,6.0,11.0,1.7857142857142858
England,1778.0,StateMemory,6.0,7.0,3.0,6.0,13.0,2.0666666666666664
England,1778.0,Trades / Professions,7.0,7.0,5.0,6.0,12.0,1.8845833333333332
England,1779.0,Army,6.0,8.0,2.0,6.0,15.0,2.373333333333333
England,1779.0,Executive,5.0,6.0,2.0,5.0,11.5,1.9685714285714285
England,1779.0,Merchants / Shopkeepers,4.0,4.0,2.0,5.0,8.5,1.7583333333333333
England,1779.0,Priesthood / Knowledge Workers,6.0,6.0,6.0,7.0,9.5,1.611111111111111
England,1779.0,Proletariat,5.0,4.0,2.0,4.0,9.0,1.8095238095238095
England,1779.0,Property,5.0,6.0,3.0,6.0,11.0,1.7857142857142858
England,1779.0,StateMemory,6.0,7.0,3.0,6.0,13.0,2.0666666666666664
England,1779.0,Trades / Professions,7.0,7.0,5.0,6.0,12.0,1.8845833333333332
England,1780.0,Army,6.0,8.0,2.0,6.0,15.0,2.373333333333333
England,1780.0,Executive,4.0,6.0,2.0,5.0,11.5,1.9685714285714285
England,1780.0,Merchants / Shopkeepers,4.0,4.0,2.0,5.0,8.5,1.7583333333333333
England,1780.0,Priesthood / Knowledge Workers,6.0,6.0,6.0,7.0,9.5,1.611111111111111
England,1780.0,Proletariat,5.0,4.0,2.0,4.0,9.0,1.8095238095238095
England,1780.0,Property,5.0,6.0,3.0,6.0,11.0,1.7857142857142858
England,1780.0,StateMemory,6.0,7.0,3.0,6.0,13.0,2.0666666666666664
England,1780.0,Trades / Professions,7.0,7.0,5.0,6.0,12.0,1.8845833333333332
England,1781.0,Army,6.0,8.0,2.0,6.0,15.0,2.373333333333333
England,1781.0,Executive,4.0,6.0,2.0,5.0,11.5,1.9685714285714285
England,1781.0,Merchants / Shopkeepers,4.0,4.0,2.0,5.0,8.5,1.7583333333333333
England,1781.0,Priesthood / Knowledge Workers,6.0,6.0,6.0,7.0,9.5,1.611111111111111
England,1781.0,Proletariat,5.0,4.0,2.0,4.0,9.0,1.8095238095238095
England,1781.0,Property,5.0,6.0,3.0,6.0,11.0,1.7857142857142858
England,1781.0,StateMemory,6.0,7.0,3.0,6.0,13.0,2.0666666666666664
England,1781.0,Trades / Professions,7.0,7.0,5.0,6.0,12.0,1.8845833333333332
England,1782.0,Army,6.0,8.0,2.0,6.0,15.0,2.373333333333333
England,1782.0,Executive,4.0,6.0,2.0,5.0,11.5,1.9685714285714285
England,1782.0,Merchants / Shopkeepers,4.0,4.0,2.0,5.0,8.5,1.7583333333333333
England,1782.0,Priesthood / Knowledge Workers,6.0,6.0,6.0,7.0,9.5,1.611111111111111
England,1782.0,Proletariat,5.0,4.0,2.0,4.0,9.0,1.8095238095238095
England,1782.0,Property,5.0,6.0,3.0,6.0,11.0,1.7857142857142858
England,1782.0,StateMemory,6.0,7.0,3.0,6.0,13.0,2.0666666666666664
England,1782.0,Trades / Professions,7.0,7.0,5.0,6.0,12.0,1.8845833333333332
England,1783.0,Army,6.0,8.0,2.0,6.0,15.0,2.373333333333333
England,1783.0,Executive,4.0,6.0,2.0,5.0,11.5,1.9685714285714285
England,1783.0,Merchants / Shopkeepers,4.0,4.0,2.0,5.0,8.5,1.7583333333333333
England,1783.0,Priesthood / Knowledge Workers,6.0,6.0,6.0,7.0,9.5,1.611111111111111
England,1783.0,Proletariat,5.0,4.0,2.0,4.0,9.0,1.8095238095238095
England,1783.0,Property,5.0,6.0,3.0,6.0,11.0,1.7857142857142858
England,1783.0,StateMemory,6.0,7.0,3.0,6.0,13.0,2.0666666666666664
England,1783.0,Trades / Professions,7.0,7.0,5.0,6.0,12.0,1.8845833333333332
England,1784.0,Army,7.0,6.0,7.0,6.0,9.0,1.6353221288515403
England,1784.0,Executive,6.0,7.0,5.0,7.0,11.5,1.701904761904762
England,1784.0,Merchants / Shopkeepers,5.0,5.0,5.0,7.0,10.0,1.678291316526611
England,1784.0,Priesthood / Knowledge Workers,6.0,6.0,6.0,7.0,9.5,1.7042517006802724
England,1784.0,Proletariat,5.0,5.0,5.0,4.0,8.0,1.5714285714285714
England,1784.0,Property,6.0,7.0,6.0,6.0,10.0,1.6857142857142858
England,1784.0,StateMemory,8.0,8.0,7.0,8.0,13.0,1.7946428571428572
England,1784.0,Trades / Professions,7.0,7.0,7.0,6.0,10.0,1.6353221288515403
England,1785.0,Army,7.0,6.0,7.0,6.0,9.0,1.6353221288515403
England,1785.0,Executive,6.0,7.0,5.0,7.0,11.5,1.701904761904762
England,1785.0,Merchants / Shopkeepers,6.0,6.0,5.0,7.0,11.5,1.8028571428571427
England,1785.0,Priesthood / Knowledge Workers,6.0,6.0,6.0,7.0,9.5,1.7042517006802724
England,1785.0,Proletariat,5.0,5.0,5.0,4.0,8.0,1.5714285714285714
England,1785.0,Property,7.0,8.0,6.0,6.0,12.0,1.7483333333333334
England,1785.0,StateMemory,8.0,8.0,7.0,8.0,13.0,1.7946428571428572
England,1785.0,Trades / Professions,7.0,7.0,7.0,6.0,10.0,1.6353221288515403
England,1786.0,Army,7.0,6.0,7.0,6.0,9.0,1.6353221288515403
England,1786.0,Executive,7.0,7.0,6.0,7.0,11.5,1.7946428571428572
England,1786.0,Merchants / Shopkeepers,6.0,7.0,6.0,7.0,11.5,1.8028571428571427
England,1786.0,Priesthood / Knowledge Workers,6.0,6.0,6.0,7.0,9.5,1.7042517006802724
England,1786.0,Proletariat,5.0,5.0,5.0,4.0,8.0,1.5714285714285714
England,1786.0,Property,7.0,8.0,7.0,6.0,11.0,1.7483333333333334
England,1786.0,StateMemory,8.0,8.0,7.0,8.0,13.0,1.7946428571428572
England,1786.0,Trades / Professions,7.0,7.0,7.0,6.0,10.0,1.6353221288515403
England,1787.0,Army,7.0,6.0,7.0,6.0,9.0,1.6353221288515403
England,1787.0,Executive,7.0,7.0,6.0,7.0,11.5,1.7946428571428572
England,1787.0,Merchants / Shopkeepers,7.0,7.0,6.0,7.0,11.5,1.8028571428571427
England,1787.0,Priesthood / Knowledge Workers,6.0,6.0,6.0,7.0,9.5,1.7042517006802724
England,1787.0,Proletariat,5.0,5.0,5.0,4.0,8.0,1.5714285714285714
England,1787.0,Property,7.0,8.0,7.0,6.0,11.0,1.7483333333333334
England,1787.0,StateMemory,8.0,8.0,7.0,8.0,13.0,1.7946428571428572
England,1787.0,Trades / Professions,7.0,7.0,7.0,6.0,10.0,1.6353221288515403
England,1788.0,Army,7.0,6.0,7.0,6.0,9.0,1.6353221288515403
England,1788.0,Executive,7.0,7.0,7.0,7.0,10.5,1.701904761904762
England,1788.0,Merchants / Shopkeepers,7.0,7.0,6.0,7.0,11.5,1.8028571428571427
England,1788.0,Priesthood / Knowledge Workers,6.0,6.0,6.0,7.0,9.5,1.7042517006802724
England,1788.0,Proletariat,5.0,5.0,5.0,4.0,8.0,1.5714285714285714
England,1788.0,Property,7.0,8.0,7.0,6.0,11.0,1.7483333333333334
England,1788.0,StateMemory,8.0,8.0,7.0,8.0,13.0,1.7946428571428572
England,1788.0,Trades / Professions,7.0,7.0,7.0,6.0,10.0,1.6353221288515403 
England,1789.0,Army,7.0,6.0,7.0,6.0,9.0,1.6353221288515403
England,1789.0,Executive,7.0,7.0,6.0,7.0,11.5,1.7946428571428572
England,1789.0,Merchants / Shopkeepers,7.0,7.0,6.0,7.0,11.5,1.8028571428571427
England,1789.0,Priesthood / Knowledge Workers,6.0,6.0,6.0,7.0,9.5,1.7042517006802724
England,1789.0,Proletariat,5.0,5.0,5.0,4.0,8.0,1.5714285714285714
England,1789.0,Property,7.0,8.0,7.0,6.0,11.0,1.7483333333333334
England,1789.0,StateMemory,8.0,8.0,7.0,8.0,13.0,1.7946428571428572
England,1789.0,Trades / Professions,7.0,7.0,7.0,6.0,10.0,1.6353221288515403
England,1790.0,Army,7.0,6.0,7.0,6.0,9.0,1.6353221288515403
England,1790.0,Executive,7.0,7.0,5.0,7.0,12.5,1.8619047619047618
England,1790.0,Merchants / Shopkeepers,7.0,7.0,6.0,7.0,11.5,1.8028571428571427
England,1790.0,Priesthood / Knowledge Workers,6.0,6.0,6.0,7.0,9.5,1.7042517006802724
England,1790.0,Proletariat,5.0,5.0,5.0,4.0,8.0,1.5714285714285714
England,1790.0,Property,7.0,8.0,7.0,6.0,11.0,1.7483333333333334
England,1790.0,StateMemory,8.0,8.0,7.0,8.0,13.0,1.7946428571428572
England,1790.0,Trades / Professions,7.0,7.0,7.0,6.0,10.0,1.6353221288515403
England,1791.0,Army,7.0,6.0,7.0,6.0,9.0,1.6353221288515403
England,1791.0,Executive,7.0,7.0,5.0,7.0,12.5,1.8619047619047618
England,1791.0,Merchants / Shopkeepers,7.0,7.0,6.0,7.0,11.5,1.8028571428571427
England,1791.0,Priesthood / Knowledge Workers,6.0,6.0,6.0,7.0,9.5,1.7042517006802724
England,1791.0,Proletariat,5.0,5.0,5.0,4.0,8.0,1.5714285714285714
England,1791.0,Property,7.0,8.0,7.0,6.0,11.0,1.7483333333333334
England,1791.0,StateMemory,8.0,8.0,7.0,8.0,13.0,1.7946428571428572
England,1791.0,Trades / Professions,7.0,7.0,7.0,6.0,10.0,1.6353221288515403
England,1792.0,Army,7.0,6.0,7.0,6.0,9.0,1.6353221288515403
England,1792.0,Executive,7.0,7.0,5.0,7.0,12.5,1.8619047619047618
England,1792.0,Merchants / Shopkeepers,7.0,7.0,6.0,7.0,11.5,1.8028571428571427
England,1792.0,Priesthood / Knowledge Workers,6.0,6.0,6.0,7.0,9.5,1.7042517006802724
England,1792.0,Proletariat,5.0,5.0,5.0,4.0,8.0,1.5714285714285714
England,1792.0,Property,7.0,8.0,7.0,6.0,11.0,1.7483333333333334
England,1792.0,StateMemory,8.0,8.0,7.0,8.0,13.0,1.7946428571428572
England,1792.0,Trades / Professions,7.0,7.0,7.0,6.0,10.0,1.6353221288515403
England,1793.0,Army,8.0,9.0,2.0,7.0,19.5,2.4419999999999997
England,1793.0,Executive,5.0,8.0,2.0,6.0,14.0,2.0292857142857144
England,1793.0,Merchants / Shopkeepers,6.0,6.0,3.0,7.0,12.5,2.1555555555555556
England,1793.0,Priesthood / Knowledge Workers,5.0,6.0,5.0,6.0,9.0,1.611111111111111
England,1793.0,Proletariat,5.0,4.0,2.0,4.0,9.0,1.8095238095238095
England,1793.0,Property,7.0,7.0,4.0,6.0,13.0,2.0666666666666664
England,1793.0,StateMemory,8.0,9.0,4.0,9.0,17.5,2.197142857142857
England,1793.0,Trades / Professions,7.0,6.0,4.0,6.0,12.0,1.8845833333333332
England,1794.0,Army,8.0,9.0,2.0,7.0,19.5,2.4419999999999997
England,1794.0,Executive,5.0,8.0,2.0,6.0,14.0,2.0292857142857144
England,1794.0,Merchants / Shopkeepers,6.0,6.0,3.0,7.0,12.5,2.1555555555555556
England,1794.0,Priesthood / Knowledge Workers,5.0,6.0,5.0,6.0,9.0,1.611111111111111
England,1794.0,Proletariat,5.0,4.0,2.0,4.0,9.0,1.8095238095238095
England,1794.0,Property,7.0,7.0,4.0,6.0,13.0,2.0666666666666664
England,1794.0,StateMemory,8.0,9.0,4.0,9.0,17.5,2.197142857142857
England,1794.0,Trades / Professions,7.0,6.0,4.0,6.0,12.0,1.8845833333333332
England,1795.0,Army,8.0,9.0,2.0,7.0,19.5,2.4419999999999997
England,1795.0,Executive,5.0,8.0,2.0,6.0,14.0,2.0292857142857144
England,1795.0,Merchants / Shopkeepers,6.0,6.0,3.0,7.0,12.5,2.1555555555555556
England,1795.0,Priesthood / Knowledge Workers,5.0,6.0,5.0,6.0,9.0,1.611111111111111
England,1795.0,Proletariat,5.0,4.0,2.0,4.0,9.0,1.8095238095238095
England,1795.0,Property,7.0,7.0,4.0,6.0,13.0,2.0666666666666664
England,1795.0,StateMemory,8.0,9.0,4.0,9.0,17.5,2.197142857142857
England,1795.0,Trades / Professions,7.0,6.0,4.0,6.0,12.0,1.8845833333333332
England,1796.0,Army,8.0,9.0,2.0,7.0,19.5,2.4419999999999997
England,1796.0,Executive,5.0,8.0,2.0,6.0,14.0,2.0292857142857144
England,1796.0,Merchants / Shopkeepers,6.0,6.0,3.0,7.0,12.5,2.1555555555555556
England,1796.0,Priesthood / Knowledge Workers,5.0,6.0,5.0,6.0,9.0,1.611111111111111
England,1796.0,Proletariat,5.0,4.0,2.0,4.0,9.0,1.8095238095238095
England,1796.0,Property,7.0,7.0,4.0,6.0,13.0,2.0666666666666664
England,1796.0,StateMemory,8.0,9.0,4.0,9.0,17.5,2.197142857142857
England,1796.0,Trades / Professions,7.0,6.0,4.0,6.0,12.0,1.8845833333333332
England,1797.0,Army,8.0,9.0,2.0,7.0,19.5,2.4419999999999997
England,1797.0,Executive,5.0,8.0,2.0,6.0,14.0,2.0292857142857144
England,1797.0,Merchants / Shopkeepers,6.0,6.0,3.0,7.0,12.5,2.1555555555555556
England,1797.0,Priesthood / Knowledge Workers,5.0,6.0,5.0,6.0,9.0,1.611111111111111
England,1797.0,Proletariat,5.0,4.0,2.0,4.0,9.0,1.8095238095238095
England,1797.0,Property,7.0,7.0,4.0,6.0,13.0,2.0666666666666664
England,1797.0,StateMemory,8.0,9.0,4.0,9.0,17.5,2.197142857142857
England,1797.0,Trades / Professions,7.0,6.0,4.0,6.0,12.0,1.8845833333333332
England,1798.0,Army,8.0,9.0,2.0,7.0,19.5,2.4419999999999997
England,1798.0,Executive,5.0,8.0,2.0,6.0,14.0,2.0292857142857144
England,1798.0,Merchants / Shopkeepers,6.0,6.0,3.0,7.0,12.5,2.1555555555555556
England,1798.0,Priesthood / Knowledge Workers,5.0,6.0,5.0,6.0,9.0,1.611111111111111
England,1798.0,Proletariat,5.0,4.0,2.0,4.0,9.0,1.8095238095238095
England,1798.0,Property,7.0,7.0,4.0,6.0,13.0,2.0666666666666664
England,1798.0,StateMemory,8.0,9.0,4.0,9.0,17.5,2.197142857142857
England,1798.0,Trades / Professions,7.0,6.0,4.0,6.0,12.0,1.8845833333333332
England,1799.0,Army,8.0,9.0,2.0,7.0,19.5,2.4419999999999997
England,1799.0,Executive,5.0,8.0,2.0,6.0,14.0,2.0292857142857144
England,1799.0,Merchants / Shopkeepers,6.0,6.0,3.0,7.0,12.5,2.1555555555555556
England,1799.0,Priesthood / Knowledge Workers,5.0,6.0,5.0,6.0,9.0,1.611111111111111
England,1799.0,Proletariat,5.0,4.0,2.0,4.0,9.0,1.8095238095238095
England,1799.0,Property,7.0,7.0,4.0,6.0,13.0,2.0666666666666664
England,1799.0,StateMemory,8.0,9.0,4.0,9.0,17.5,2.197142857142857
England,1799.0,Trades / Professions,7.0,6.0,4.0,6.0,12.0,1.8845833333333332
England,1800.0,Army,8.0,10.0,1.0,8.0,21.0,2.9095238095238096
England,1800.0,Executive,6.0,9.0,1.0,7.0,17.5,2.6976190476190477
England,1800.0,Merchants / Shopkeepers,6.0,7.0,2.0,8.0,15.0,2.373333333333333
England,1800.0,Priesthood / Knowledge Workers,6.0,6.0,4.0,6.0,11.0,1.8028571428571427
England,1800.0,Proletariat,4.0,3.0,1.0,4.0,8.0,1.9685714285714285
England,1800.0,Property,7.0,7.0,3.0,6.0,14.0,2.0666666666666664
England,1800.0,StateMemory,9.0,10.0,2.0,10.0,22.0,2.658333333333333
England,1800.0,Trades / Professions,7.0,7.0,3.0,7.0,14.5,2.1555555555555556
England,1801.0,Army,8.0,10.0,1.0,8.0,21.0,2.9095238095238096
England,1801.0,Executive,6.0,9.0,1.0,7.0,17.5,2.6976190476190477
England,1801.0,Merchants / Shopkeepers,6.0,7.0,2.0,8.0,15.0,2.373333333333333
England,1801.0,Priesthood / Knowledge Workers,6.0,6.0,4.0,6.0,11.0,1.8028571428571427
England,1801.0,Proletariat,4.0,3.0,1.0,4.0,8.0,1.9685714285714285
England,1801.0,Property,7.0,7.0,3.0,6.0,14.0,2.0666666666666664
England,1801.0,StateMemory,9.0,10.0,2.0,10.0,22.0,2.658333333333333
England,1801.0,Trades / Professions,7.0,7.0,3.0,7.0,14.5,2.1555555555555556
England,1802.0,Army,8.0,10.0,1.0,8.0,21.0,2.9095238095238096
England,1802.0,Executive,6.0,9.0,1.0,7.0,17.5,2.6976190476190477
England,1802.0,Merchants / Shopkeepers,6.0,7.0,2.0,8.0,15.0,2.373333333333333
England,1802.0,Priesthood / Knowledge Workers,6.0,6.0,4.0,6.0,11.0,1.8028571428571427
England,1802.0,Proletariat,4.0,3.0,1.0,4.0,8.0,1.9685714285714285
England,1802.0,Property,7.0,7.0,3.0,6.0,14.0,2.0666666666666664
England,1802.0,StateMemory,9.0,10.0,2.0,10.0,22.0,2.658333333333333
England,1802.0,Trades / Professions,7.0,7.0,3.0,7.0,14.5,2.1555555555555556
England,1803.0,Army,8.0,10.0,1.0,8.0,21.0,2.9095238095238096
England,1803.0,Executive,6.0,9.0,1.0,7.0,17.5,2.6976190476190477
England,1803.0,Merchants / Shopkeepers,6.0,7.0,2.0,8.0,15.0,2.373333333333333
England,1803.0,Priesthood / Knowledge Workers,6.0,6.0,4.0,6.0,11.0,1.8028571428571427
England,1803.0,Proletariat,4.0,3.0,1.0,4.0,8.0,1.9685714285714285
England,1803.0,Property,7.0,7.0,3.0,6.0,14.0,2.0666666666666664
England,1803.0,StateMemory,9.0,10.0,2.0,10.0,22.0,2.658333333333333
England,1803.0,Trades / Professions,7.0,7.0,3.0,7.0,14.5,2.1555555555555556
England,1804.0,Army,8.0,10.0,1.0,8.0,21.0,2.9095238095238096
England,1804.0,Executive,6.0,9.0,1.0,7.0,17.5,2.6976190476190477
England,1804.0,Merchants / Shopkeepers,6.0,7.0,2.0,8.0,15.0,2.373333333333333
England,1804.0,Priesthood / Knowledge Workers,6.0,6.0,4.0,6.0,11.0,1.8028571428571427
England,1804.0,Proletariat,4.0,3.0,1.0,4.0,8.0,1.9685714285714285
England,1804.0,Property,7.0,7.0,3.0,6.0,14.0,2.0666666666666664
England,1804.0,StateMemory,9.0,10.0,2.0,10.0,22.0,2.658333333333333
England,1804.0,Trades / Professions,7.0,7.0,3.0,7.0,14.5,2.1555555555555556
England,1805.0,Army,8.0,10.0,1.0,8.0,21.0,2.9095238095238096
England,1805.0,Executive,7.0,9.0,1.0,7.0,18.0,2.7714285714285713
England,1805.0,Merchants / Shopkeepers,6.0,7.0,2.0,8.0,15.0,2.373333333333333
England,1805.0,Priesthood / Knowledge Workers,6.0,6.0,4.0,6.0,11.0,1.8028571428571427
England,1805.0,Proletariat,4.0,3.0,1.0,4.0,8.0,1.9685714285714285
England,1805.0,Property,7.0,7.0,3.0,6.0,14.0,2.0666666666666664
England,1805.0,StateMemory,9.0,10.0,2.0,10.0,22.0,2.658333333333333
England,1805.0,Trades / Professions,7.0,7.0,3.0,7.0,14.5,2.1555555555555556
England,1806.0,Army,8.0,10.0,1.0,8.0,21.0,2.9095238095238096
England,1806.0,Executive,7.0,9.0,1.0,7.0,18.0,2.7714285714285713
England,1806.0,Merchants / Shopkeepers,6.0,7.0,2.0,8.0,15.0,2.373333333333333
England,1806.0,Priesthood / Knowledge Workers,6.0,6.0,4.0,6.0,11.0,1.8028571428571427
England,1806.0,Proletariat,4.0,3.0,1.0,4.0,8.0,1.9685714285714285
England,1806.0,Property,7.0,7.0,3.0,6.0,14.0,2.0666666666666664
England,1806.0,StateMemory,9.0,10.0,2.0,10.0,22.0,2.658333333333333
England,1806.0,Trades / Professions,7.0,7.0,3.0,7.0,14.5,2.1555555555555556
England,1807.0,Army,8.0,10.0,1.0,8.0,21.0,2.9095238095238096
England,1807.0,Executive,7.0,9.0,1.0,7.0,18.0,2.7714285714285713
England,1807.0,Merchants / Shopkeepers,6.0,7.0,2.0,8.0,15.0,2.373333333333333
England,1807.0,Priesthood / Knowledge Workers,6.0,6.0,4.0,6.0,11.0,1.8028571428571427
England,1807.0,Proletariat,4.0,3.0,1.0,4.0,8.0,1.9685714285714285
England,1807.0,Property,7.0,7.0,3.0,6.0,14.0,2.0666666666666664
England,1807.0,StateMemory,9.0,10.0,2.0,10.0,22.0,2.658333333333333
England,1807.0,Trades / Professions,7.0,7.0,3.0,7.0,14.5,2.1555555555555556
England,1808.0,Army,8.0,10.0,1.0,8.0,21.0,2.9095238095238096
England,1808.0,Executive,7.0,9.0,1.0,7.0,18.0,2.7714285714285713
England,1808.0,Merchants / Shopkeepers,6.0,7.0,2.0,8.0,15.0,2.373333333333333
England,1808.0,Priesthood / Knowledge Workers,6.0,6.0,4.0,6.0,11.0,1.8028571428571427
England,1808.0,Proletariat,4.0,3.0,1.0,4.0,8.0,1.9685714285714285
England,1808.0,Property,7.0,7.0,3.0,6.0,14.0,2.0666666666666664
England,1808.0,StateMemory,9.0,10.0,2.0,10.0,22.0,2.658333333333333
England,1808.0,Trades / Professions,7.0,7.0,3.0,7.0,14.5,2.1555555555555556
England,1809.0,Army,8.0,10.0,1.0,8.0,21.0,2.9095238095238096
England,1809.0,Executive,7.0,9.0,1.0,7.0,18.0,2.7714285714285713
England,1809.0,Merchants / Shopkeepers,6.0,7.0,2.0,8.0,15.0,2.373333333333333
England,1809.0,Priesthood / Knowledge Workers,6.0,6.0,4.0,6.0,11.0,1.8028571428571427
England,1809.0,Proletariat,4.0,3.0,1.0,4.0,8.0,1.9685714285714285
England,1809.0,Property,7.0,7.0,3.0,6.0,14.0,2.0666666666666664
England,1809.0,StateMemory,9.0,10.0,2.0,10.0,22.0,2.658333333333333
England,1809.0,Trades / Professions,7.0,7.0,3.0,7.0,14.5,2.1555555555555556
England,1810.0,Army,8.0,10.0,1.0,8.0,21.0,2.9095238095238096
England,1810.0,Executive,7.0,9.0,1.0,7.0,18.0,2.7714285714285713
England,1810.0,Merchants / Shopkeepers,6.0,7.0,2.0,8.0,15.0,2.373333333333333
England,1810.0,Priesthood / Knowledge Workers,6.0,6.0,4.0,6.0,11.0,1.8028571428571427
England,1810.0,Proletariat,4.0,3.0,1.0,4.0,8.0,1.9685714285714285
England,1810.0,Property,7.0,7.0,3.0,6.0,14.0,2.0666666666666664
England,1810.0,StateMemory,9.0,10.0,2.0,10.0,22.0,2.658333333333333
England,1810.0,Trades / Professions,7.0,7.0,3.0,7.0,14.5,2.1555555555555556
England,1811.0,Army,8.0,10.0,1.0,8.0,21.0,2.9095238095238096
England,1811.0,Executive,7.0,9.0,1.0,7.0,18.0,2.7714285714285713
England,1811.0,Merchants / Shopkeepers,6.0,7.0,2.0,8.0,15.0,2.373333333333333
England,1811.0,Priesthood / Knowledge Workers,6.0,6.0,4.0,6.0,11.0,1.8028571428571427
England,1811.0,Proletariat,4.0,3.0,1.0,4.0,8.0,1.9685714285714285
England,1811.0,Property,7.0,7.0,3.0,6.0,14.0,2.0666666666666664
England,1811.0,StateMemory,9.0,10.0,2.0,10.0,22.0,2.658333333333333
England,1811.0,Trades / Professions,7.0,7.0,3.0,7.0,14.5,2.1555555555555556
England,1812.0,Army,8.0,10.0,1.0,8.0,21.0,2.9095238095238096
England,1812.0,Executive,7.0,9.0,1.0,7.0,18.0,2.7714285714285713
England,1812.0,Merchants / Shopkeepers,6.0,7.0,2.0,8.0,15.0,2.373333333333333
England,1812.0,Priesthood / Knowledge Workers,6.0,6.0,4.0,6.0,11.0,1.8028571428571427
England,1812.0,Proletariat,4.0,3.0,1.0,4.0,8.0,1.9685714285714285
England,1812.0,Property,7.0,7.0,3.0,6.0,14.0,2.0666666666666664
England,1812.0,StateMemory,9.0,10.0,2.0,10.0,22.0,2.658333333333333
England,1812.0,Trades / Professions,7.0,7.0,3.0,7.0,14.5,2.1555555555555556
England,1813.0,Army,8.0,10.0,1.0,8.0,21.0,2.9095238095238096
England,1813.0,Executive,7.0,9.0,1.0,7.0,18.0,2.7714285714285713
England,1813.0,Merchants / Shopkeepers,6.0,7.0,2.0,8.0,15.0,2.373333333333333
England,1813.0,Priesthood / Knowledge Workers,6.0,6.0,4.0,6.0,11.0,1.8028571428571427
England,1813.0,Proletariat,4.0,3.0,1.0,4.0,8.0,1.9685714285714285
England,1813.0,Property,7.0,7.0,3.0,6.0,14.0,2.0666666666666664
England,1813.0,StateMemory,9.0,10.0,2.0,10.0,22.0,2.658333333333333
England,1813.0,Trades / Professions,7.0,7.0,3.0,7.0,14.5,2.1555555555555556
England,1814.0,Army,8.0,10.0,1.0,8.0,21.0,2.9095238095238096
England,1814.0,Executive,7.0,9.0,1.0,7.0,18.0,2.7714285714285713
England,1814.0,Merchants / Shopkeepers,6.0,7.0,2.0,8.0,15.0,2.373333333333333
England,1814.0,Priesthood / Knowledge Workers,6.0,6.0,4.0,6.0,11.0,1.8028571428571427
England,1814.0,Proletariat,4.0,3.0,1.0,4.0,8.0,1.9685714285714285
England,1814.0,Property,7.0,7.0,3.0,6.0,14.0,2.0666666666666664
England,1814.0,StateMemory,9.0,10.0,2.0,10.0,22.0,2.658333333333333
England,1814.0,Trades / Professions,7.0,7.0,3.0,7.0,14.5,2.1555555555555556
England,1815.0,Army,8.0,10.0,1.0,8.0,21.0,2.9095238095238096
England,1815.0,Executive,7.0,9.0,1.0,7.0,18.0,2.7714285714285713
England,1815.0,Merchants / Shopkeepers,6.0,7.0,2.0,8.0,15.0,2.373333333333333
England,1815.0,Priesthood / Knowledge Workers,6.0,6.0,4.0,6.0,11.0,1.8028571428571427
England,1815.0,Proletariat,4.0,3.0,1.0,4.0,8.0,1.9685714285714285
England,1815.0,Property,7.0,7.0,3.0,6.0,14.0,2.0666666666666664
England,1815.0,StateMemory,9.0,10.0,2.0,10.0,22.0,2.658333333333333
England,1815.0,Trades / Professions,7.0,7.0,3.0,7.0,14.5,2.1555555555555556
England,1816.0,Army,7.0,5.0,3.0,6.0,11.0,1.769047619047619
England,1816.0,Executive,5.0,6.0,2.0,6.0,12.0,1.9685714285714285
England,1816.0,Merchants / Shopkeepers,6.0,6.0,2.0,7.0,13.5,2.1555555555555556
England,1816.0,Priesthood / Knowledge Workers,6.0,6.0,5.0,6.0,10.0,1.611111111111111
England,1816.0,Proletariat,3.0,2.0,1.0,5.0,6.5,1.7777777777777777
England,1816.0,Property,6.0,7.0,2.0,6.0,14.0,2.0666666666666664
England,1816.0,StateMemory,8.0,8.0,3.0,8.0,17.0,2.197142857142857
England,1816.0,Trades / Professions,7.0,6.0,2.0,8.0,15.0,2.1555555555555556
England,1817.0,Army,7.0,5.0,3.0,6.0,11.0,1.769047619047619
England,1817.0,Executive,5.0,6.0,2.0,6.0,12.0,1.9685714285714285
England,1817.0,Merchants / Shopkeepers,6.0,6.0,2.0,7.0,13.5,2.1555555555555556
England,1817.0,Priesthood / Knowledge Workers,6.0,6.0,5.0,6.0,10.0,1.611111111111111
England,1817.0,Proletariat,3.0,2.0,1.0,5.0,6.5,1.7777777777777777
England,1817.0,Property,6.0,7.0,2.0,6.0,14.0,2.0666666666666664
England,1817.0,StateMemory,8.0,8.0,3.0,8.0,17.0,2.197142857142857
England,1817.0,Trades / Professions,7.0,6.0,2.0,8.0,15.0,2.1555555555555556
England,1818.0,Army,7.0,5.0,3.0,6.0,11.0,1.769047619047619
England,1818.0,Executive,5.0,6.0,2.0,6.0,12.0,1.9685714285714285
England,1818.0,Merchants / Shopkeepers,6.0,6.0,2.0,7.0,13.5,2.1555555555555556
England,1818.0,Priesthood / Knowledge Workers,6.0,6.0,5.0,6.0,10.0,1.611111111111111
England,1818.0,Proletariat,3.0,2.0,1.0,5.0,6.5,1.7777777777777777
England,1818.0,Property,6.0,7.0,2.0,6.0,14.0,2.0666666666666664
England,1818.0,StateMemory,8.0,8.0,3.0,8.0,17.0,2.197142857142857
England,1818.0,Trades / Professions,7.0,6.0,2.0,8.0,15.0,2.1555555555555556
England,1819.0,Army,7.0,5.0,3.0,6.0,11.0,1.769047619047619
England,1819.0,Executive,5.0,6.0,2.0,6.0,12.0,1.9685714285714285
England,1819.0,Merchants / Shopkeepers,6.0,6.0,2.0,7.0,13.5,2.1555555555555556
England,1819.0,Priesthood / Knowledge Workers,6.0,6.0,5.0,6.0,10.0,1.611111111111111
England,1819.0,Proletariat,3.0,2.0,1.0,5.0,6.5,1.7777777777777777
England,1819.0,Property,6.0,7.0,2.0,6.0,14.0,2.0666666666666664
England,1819.0,StateMemory,8.0,8.0,3.0,8.0,17.0,2.197142857142857
England,1819.0,Trades / Professions,7.0,6.0,2.0,8.0,15.0,2.1555555555555556
England,1820.0,Army,7.0,6.0,5.0,6.0,10.0,1.6353221288515403
England,1820.0,Executive,6.0,7.0,3.0,6.0,13.0,1.869047619047619
England,1820.0,Merchants / Shopkeepers,6.0,7.0,4.0,7.0,12.5,1.9685714285714285
England,1820.0,Priesthood / Knowledge Workers,6.0,6.0,5.0,6.0,10.0,1.611111111111111
England,1820.0,Proletariat,3.0,2.0,1.0,5.0,6.5,1.7777777777777777
England,1820.0,Property,6.0,7.0,3.0,6.0,12.0,1.8845833333333332
England,1820.0,StateMemory,8.0,8.0,5.0,8.0,15.0,1.9669047619047618
England,1820.0,Trades / Professions,7.0,7.0,4.0,8.0,14.0,1.9685714285714285
England,1821.0,Army,7.0,6.0,5.0,6.0,10.0,1.6353221288515403
England,1821.0,Executive,6.0,7.0,3.0,6.0,13.0,1.869047619047619
England,1821.0,Merchants / Shopkeepers,6.0,7.0,4.0,7.0,12.5,1.9685714285714285
England,1821.0,Priesthood / Knowledge Workers,6.0,6.0,5.0,6.0,10.0,1.611111111111111
England,1821.0,Proletariat,3.0,2.0,1.0,5.0,6.5,1.7777777777777777
England,1821.0,Property,6.0,7.0,3.0,6.0,12.0,1.8845833333333332
England,1821.0,StateMemory,8.0,8.0,5.0,8.0,15.0,1.9669047619047618
England,1821.0,Trades / Professions,7.0,7.0,4.0,8.0,14.0,1.9685714285714285
England,1822.0,Army,7.0,6.0,5.0,6.0,10.0,1.6353221288515403
England,1822.0,Executive,6.0,7.0,3.0,6.0,13.0,1.869047619047619
England,1822.0,Merchants / Shopkeepers,6.0,7.0,4.0,7.0,12.5,1.9685714285714285
England,1822.0,Priesthood / Knowledge Workers,6.0,6.0,5.0,6.0,10.0,1.611111111111111
England,1822.0,Proletariat,3.0,2.0,1.0,5.0,6.5,1.7777777777777777
England,1822.0,Property,6.0,7.0,3.0,6.0,12.0,1.8845833333333332
England,1822.0,StateMemory,8.0,8.0,5.0,8.0,15.0,1.9669047619047618
England,1822.0,Trades / Professions,7.0,7.0,4.0,8.0,14.0,1.9685714285714285
England,1823.0,Army,7.0,6.0,5.0,6.0,10.0,1.6353221288515403
England,1823.0,Executive,6.0,7.0,3.0,6.0,13.0,1.869047619047619
England,1823.0,Merchants / Shopkeepers,6.0,7.0,4.0,7.0,12.5,1.9685714285714285
England,1823.0,Priesthood / Knowledge Workers,6.0,6.0,5.0,6.0,10.0,1.611111111111111
England,1823.0,Proletariat,3.0,2.0,1.0,5.0,6.5,1.7777777777777777
England,1823.0,Property,6.0,7.0,3.0,6.0,12.0,1.8845833333333332
England,1823.0,StateMemory,8.0,8.0,5.0,8.0,15.0,1.9669047619047618
England,1823.0,Trades / Professions,7.0,7.0,4.0,8.0,14.0,1.9685714285714285
England,1824.0,Army,7.0,6.0,5.0,6.0,10.0,1.6353221288515403
England,1824.0,Executive,6.0,7.0,3.0,6.0,13.0,1.869047619047619
England,1824.0,Merchants / Shopkeepers,6.0,7.0,4.0,7.0,12.5,1.9685714285714285
England,1824.0,Priesthood / Knowledge Workers,6.0,6.0,5.0,6.0,10.0,1.611111111111111
England,1824.0,Proletariat,3.0,2.0,1.0,5.0,6.5,1.7777777777777777
England,1824.0,Property,6.0,7.0,3.0,6.0,12.0,1.8845833333333332
England,1824.0,StateMemory,8.0,8.0,5.0,8.0,15.0,1.9669047619047618
England,1824.0,Trades / Professions,7.0,7.0,4.0,8.0,14.0,1.9685714285714285
England,1825.0,Army,7.0,6.0,5.0,6.0,10.0,1.6353221288515403
England,1825.0,Executive,6.0,7.0,3.0,6.0,13.0,1.869047619047619
England,1825.0,Merchants / Shopkeepers,6.0,7.0,4.0,7.0,12.5,1.9685714285714285
England,1825.0,Priesthood / Knowledge Workers,6.0,6.0,5.0,6.0,10.0,1.611111111111111
England,1825.0,Proletariat,3.0,2.0,1.0,5.0,6.5,1.7777777777777777
England,1825.0,Property,6.0,7.0,3.0,6.0,12.0,1.8845833333333332
England,1825.0,StateMemory,8.0,8.0,5.0,8.0,15.0,1.9669047619047618
England,1825.0,Trades / Professions,7.0,7.0,4.0,8.0,14.0,1.9685714285714285
England,1826.0,Army,7.0,6.0,5.0,6.0,10.0,1.6353221288515403
England,1826.0,Executive,7.0,7.0,4.0,7.0,13.5,1.869047619047619
England,1826.0,Merchants / Shopkeepers,7.0,7.0,4.0,7.0,13.5,1.9685714285714285
England,1826.0,Priesthood / Knowledge Workers,6.0,6.0,5.0,6.0,10.0,1.611111111111111
England,1826.0,Proletariat,3.0,2.0,1.0,5.0,6.5,1.7777777777777777
England,1826.0,Property,7.0,7.0,4.0,6.0,12.0,1.8845833333333332
England,1826.0,StateMemory,8.0,8.0,5.0,8.0,15.0,1.9669047619047618
England,1826.0,Trades / Professions,7.0,7.0,4.0,8.0,14.0,1.9685714285714285
England,1827.0,Army,7.0,6.0,5.0,6.0,10.0,1.6353221288515403
England,1827.0,Executive,7.0,7.0,4.0,7.0,13.5,1.869047619047619
England,1827.0,Merchants / Shopkeepers,7.0,7.0,4.0,7.0,13.5,1.9685714285714285
England,1827.0,Priesthood / Knowledge Workers,6.0,6.0,5.0,6.0,10.0,1.611111111111111
England,1827.0,Proletariat,3.0,2.0,1.0,5.0,6.5,1.7777777777777777
England,1827.0,Property,7.0,7.0,4.0,6.0,12.0,1.8845833333333332
England,1827.0,StateMemory,8.0,8.0,5.0,8.0,15.0,1.9669047619047618
England,1827.0,Trades / Professions,7.0,7.0,4.0,8.0,14.0,1.9685714285714285
England,1828.0,Army,7.0,6.0,5.0,6.0,10.0,1.6353221288515403
England,1828.0,Executive,7.0,7.0,4.0,7.0,13.5,1.869047619047619
England,1828.0,Merchants / Shopkeepers,7.0,7.0,4.0,7.0,13.5,1.9685714285714285
England,1828.0,Priesthood / Knowledge Workers,6.0,6.0,5.0,6.0,10.0,1.611111111111111
England,1828.0,Proletariat,3.0,2.0,1.0,5.0,6.5,1.7777777777777777
England,1828.0,Property,7.0,7.0,4.0,6.0,12.0,1.8845833333333332
England,1828.0,StateMemory,8.0,8.0,5.0,8.0,15.0,1.9669047619047618
England,1828.0,Trades / Professions,7.0,7.0,4.0,8.0,14.0,1.9685714285714285
England,1829.0,Army,7.0,6.0,5.0,6.0,10.0,1.6353221288515403
England,1829.0,Executive,7.0,7.0,4.0,7.0,13.5,1.869047619047619
England,1829.0,Merchants / Shopkeepers,7.0,7.0,4.0,7.0,13.5,1.9685714285714285
England,1829.0,Priesthood / Knowledge Workers,6.0,6.0,5.0,6.0,10.0,1.611111111111111
England,1829.0,Proletariat,3.0,2.0,1.0,5.0,6.5,1.7777777777777777
England,1829.0,Property,7.0,7.0,4.0,6.0,12.0,1.8845833333333332
England,1829.0,StateMemory,8.0,8.0,5.0,8.0,15.0,1.9669047619047618
England,1829.0,Trades / Professions,7.0,7.0,4.0,8.0,14.0,1.9685714285714285
England,1830.0,Army,7.0,6.0,5.0,6.0,10.0,1.6353221288515403
England,1830.0,Executive,7.0,7.0,4.0,7.0,13.5,1.869047619047619
England,1830.0,Merchants / Shopkeepers,7.0,7.0,4.0,7.0,13.5,1.9685714285714285
England,1830.0,Priesthood / Knowledge Workers,6.0,6.0,5.0,6.0,10.0,1.611111111111111
England,1830.0,Proletariat,3.0,2.0,1.0,5.0,6.5,1.7777777777777777
England,1830.0,Property,7.0,7.0,4.0,6.0,12.0,1.8845833333333332
England,1830.0,StateMemory,8.0,8.0,5.0,8.0,15.0,1.9669047619047618
England,1830.0,Trades / Professions,7.0,7.0,4.0,8.0,14.0,1.9685714285714285
England,1830.0,Army,7.0,6.0,4.0,6.0,11.0,1.769047619047619
England,1830.0,Executive,6.0,7.0,2.0,7.0,14.5,1.9685714285714285
England,1830.0,Merchants / Shopkeepers,7.0,8.0,5.0,8.0,14.0,2.0666666666666664
England,1830.0,Priesthood / Knowledge Workers,7.0,7.0,6.0,8.0,12.0,1.7042517006802724
England,1830.0,Proletariat,4.0,2.0,1.0,6.0,8.0,1.7777777777777777
England,1830.0,Property,5.0,7.0,2.0,6.0,13.0,2.0666666666666664
England,1830.0,StateMemory,8.0,9.0,3.0,9.0,18.5,2.197142857142857
England,1830.0,Trades / Professions,8.0,9.0,5.0,9.0,16.5,2.1555555555555556
England,1831.0,Army,7.0,6.0,4.0,6.0,11.0,1.769047619047619
England,1831.0,Executive,6.0,7.0,2.0,7.0,14.5,1.9685714285714285
England,1831.0,Merchants / Shopkeepers,7.0,8.0,5.0,8.0,14.0,2.0666666666666664
England,1831.0,Priesthood / Knowledge Workers,7.0,7.0,6.0,8.0,12.0,1.7042517006802724
England,1831.0,Proletariat,4.0,2.0,1.0,6.0,8.0,1.7777777777777777
England,1831.0,Property,5.0,7.0,2.0,6.0,13.0,2.0666666666666664
England,1831.0,StateMemory,8.0,9.0,3.0,9.0,18.5,2.197142857142857
England,1831.0,Trades / Professions,8.0,9.0,5.0,9.0,16.5,2.1555555555555556
England,1832.0,Army,7.0,6.0,4.0,6.0,11.0,1.769047619047619
England,1832.0,Executive,6.0,7.0,2.0,7.0,14.5,1.9685714285714285
England,1832.0,Merchants / Shopkeepers,7.0,8.0,5.0,8.0,14.0,2.0666666666666664
England,1832.0,Priesthood / Knowledge Workers,7.0,7.0,6.0,8.0,12.0,1.7042517006802724
England,1832.0,Proletariat,4.0,2.0,1.0,6.0,8.0,1.7777777777777777
England,1832.0,Property,5.0,7.0,2.0,6.0,13.0,2.0666666666666664
England,1832.0,StateMemory,8.0,9.0,3.0,9.0,18.5,2.197142857142857
England,1832.0,Trades / Professions,8.0,9.0,5.0,9.0,16.5,2.1555555555555556
England,1833.0,Army,7.0,6.0,4.0,6.0,11.0,1.769047619047619
England,1833.0,Executive,7.0,8.0,4.0,8.0,15.0,2.0666666666666664
England,1833.0,Merchants / Shopkeepers,7.0,8.0,5.0,8.0,14.0,2.0666666666666664
England,1833.0,Priesthood / Knowledge Workers,7.0,7.0,6.0,8.0,12.0,1.7042517006802724
England,1833.0,Proletariat,4.0,2.0,1.0,6.0,8.0,1.7777777777777777
England,1833.0,Property,6.0,8.0,4.0,6.0,13.0,1.8845833333333332
England,1833.0,StateMemory,8.0,9.0,3.0,9.0,18.5,2.197142857142857
England,1833.0,Trades / Professions,8.0,9.0,5.0,9.0,16.5,2.1555555555555556
England,1834.0,Army,7.0,6.0,4.0,6.0,11.0,1.769047619047619
England,1834.0,Executive,7.0,8.0,4.0,8.0,15.0,2.0666666666666664
England,1834.0,Merchants / Shopkeepers,7.0,8.0,5.0,8.0,14.0,2.0666666666666664
England,1834.0,Priesthood / Knowledge Workers,7.0,7.0,6.0,8.0,12.0,1.7042517006802724
England,1834.0,Proletariat,4.0,2.0,1.0,6.0,8.0,1.7777777777777777
England,1834.0,Property,6.0,8.0,4.0,6.0,13.0,1.8845833333333332
England,1834.0,StateMemory,8.0,9.0,3.0,9.0,18.5,2.197142857142857
England,1834.0,Trades / Professions,8.0,9.0,5.0,9.0,16.5,2.1555555555555556
England,1835.0,Army,7.0,6.0,4.0,6.0,11.0,1.769047619047619
England,1835.0,Executive,7.0,8.0,4.0,8.0,15.0,2.0666666666666664
England,1835.0,Merchants / Shopkeepers,7.0,8.0,5.0,8.0,14.0,2.0666666666666664
England,1835.0,Priesthood / Knowledge Workers,7.0,7.0,6.0,8.0,12.0,1.7042517006802724
England,1835.0,Proletariat,4.0,2.0,1.0,6.0,8.0,1.7777777777777777
England,1835.0,Property,6.0,8.0,4.0,6.0,13.0,1.8845833333333332
England,1835.0,StateMemory,8.0,9.0,3.0,9.0,18.5,2.197142857142857
England,1835.0,Trades / Professions,8.0,9.0,5.0,9.0,16.5,2.1555555555555556
England,1836.0,Army,7.0,6.0,4.0,6.0,11.0,1.769047619047619
England,1836.0,Executive,7.0,8.0,4.0,8.0,15.0,2.0666666666666664
England,1836.0,Merchants / Shopkeepers,7.0,8.0,5.0,8.0,14.0,2.0666666666666664
England,1836.0,Priesthood / Knowledge Workers,7.0,7.0,6.0,8.0,12.0,1.7042517006802724
England,1836.0,Proletariat,4.0,2.0,1.0,6.0,8.0,1.7777777777777777
England,1836.0,Property,6.0,8.0,4.0,6.0,13.0,1.8845833333333332
England,1836.0,StateMemory,8.0,9.0,3.0,9.0,18.5,2.197142857142857
England,1836.0,Trades / Professions,8.0,9.0,5.0,9.0,16.5,2.1555555555555556
England,1837.0,Army,7.0,6.0,4.0,6.0,11.0,1.769047619047619
England,1837.0,Executive,7.0,8.0,4.0,8.0,15.0,2.0666666666666664
England,1837.0,Merchants / Shopkeepers,7.0,8.0,5.0,8.0,14.0,2.0666666666666664
England,1837.0,Priesthood / Knowledge Workers,7.0,7.0,6.0,8.0,12.0,1.7042517006802724
England,1837.0,Proletariat,4.0,2.0,1.0,6.0,8.0,1.7777777777777777
England,1837.0,Property,6.0,8.0,4.0,6.0,13.0,1.8845833333333332
England,1837.0,StateMemory,8.0,9.0,3.0,9.0,18.5,2.197142857142857
England,1837.0,Trades / Professions,8.0,9.0,5.0,9.0,16.5,2.1555555555555556
England,1838.0,Army,7.0,6.0,4.0,6.0,11.0,1.769047619047619
England,1838.0,Executive,7.0,8.0,4.0,8.0,15.0,2.0666666666666664
England,1838.0,Merchants / Shopkeepers,7.0,8.0,5.0,8.0,14.0,2.0666666666666664
England,1838.0,Priesthood / Knowledge Workers,7.0,7.0,6.0,8.0,12.0,1.7042517006802724
England,1838.0,Proletariat,4.0,2.0,1.0,6.0,8.0,1.7777777777777777
England,1838.0,Property,6.0,8.0,4.0,6.0,13.0,1.8845833333333332
England,1838.0,StateMemory,8.0,9.0,3.0,9.0,18.5,2.197142857142857
England,1838.0,Trades / Professions,8.0,9.0,5.0,9.0,16.5,2.1555555555555556
England,1839.0,Army,7.0,6.0,4.0,6.0,11.0,1.769047619047619
England,1839.0,Executive,7.0,8.0,4.0,8.0,15.0,2.0666666666666664
England,1839.0,Merchants / Shopkeepers,7.0,8.0,5.0,8.0,14.0,2.0666666666666664
England,1839.0,Priesthood / Knowledge Workers,7.0,7.0,6.0,8.0,12.0,1.7042517006802724
England,1839.0,Proletariat,4.0,2.0,1.0,6.0,8.0,1.7777777777777777
England,1839.0,Property,6.0,8.0,4.0,6.0,13.0,1.8845833333333332
England,1839.0,StateMemory,8.0,9.0,3.0,9.0,18.5,2.197142857142857
England,1839.0,Trades / Professions,8.0,9.0,5.0,9.0,16.5,2.1555555555555556
England,1840.0,Army,7.0,6.0,4.0,6.0,11.0,1.769047619047619
England,1840.0,Executive,7.0,8.0,4.0,8.0,15.0,2.0666666666666664
England,1840.0,Merchants / Shopkeepers,7.0,8.0,5.0,8.0,14.0,2.0666666666666664
England,1840.0,Priesthood / Knowledge Workers,7.0,7.0,6.0,8.0,12.0,1.7042517006802724
England,1840.0,Proletariat,4.0,2.0,1.0,6.0,8.0,1.7777777777777777
England,1840.0,Property,6.0,8.0,4.0,6.0,13.0,1.8845833333333332
England,1840.0,StateMemory,8.0,9.0,3.0,9.0,18.5,2.197142857142857
England,1840.0,Trades / Professions,8.0,9.0,5.0,9.0,16.5,2.1555555555555556
England,1841.0,Army,7.0,6.0,4.0,6.0,11.0,1.769047619047619
England,1841.0,Executive,7.0,8.0,4.0,8.0,15.0,2.0666666666666664
England,1841.0,Merchants / Shopkeepers,7.0,8.0,5.0,8.0,14.0,2.0666666666666664
England,1841.0,Priesthood / Knowledge Workers,7.0,7.0,6.0,8.0,12.0,1.7042517006802724
England,1841.0,Proletariat,4.0,2.0,1.0,6.0,8.0,1.7777777777777777
England,1841.0,Property,6.0,8.0,4.0,6.0,13.0,1.8845833333333332
England,1841.0,StateMemory,8.0,9.0,3.0,9.0,18.5,2.197142857142857
England,1841.0,Trades / Professions,8.0,9.0,5.0,9.0,16.5,2.1555555555555556
England,1842.0,Army,7.0,6.0,4.0,6.0,11.0,1.769047619047619
England,1842.0,Executive,7.0,8.0,4.0,8.0,15.0,2.0666666666666664
England,1842.0,Merchants / Shopkeepers,7.0,8.0,5.0,8.0,14.0,2.0666666666666664
England,1842.0,Priesthood / Knowledge Workers,7.0,7.0,6.0,8.0,12.0,1.7042517006802724
England,1842.0,Proletariat,4.0,2.0,1.0,6.0,8.0,1.7777777777777777
England,1842.0,Property,6.0,8.0,4.0,6.0,13.0,1.8845833333333332
England,1842.0,StateMemory,8.0,9.0,3.0,9.0,18.5,2.197142857142857
England,1842.0,Trades / Professions,8.0,9.0,5.0,9.0,16.5,2.1555555555555556
England,1843.0,Army,7.0,6.0,4.0,6.0,11.0,1.769047619047619
England,1843.0,Executive,7.0,8.0,4.0,8.0,15.0,2.0666666666666664
England,1843.0,Merchants / Shopkeepers,7.0,8.0,5.0,8.0,14.0,2.0666666666666664
England,1843.0,Priesthood / Knowledge Workers,7.0,7.0,6.0,8.0,12.0,1.7042517006802724
England,1843.0,Proletariat,4.0,2.0,1.0,6.0,8.0,1.7777777777777777
England,1843.0,Property,6.0,8.0,4.0,6.0,13.0,1.8845833333333332
England,1843.0,StateMemory,8.0,9.0,3.0,9.0,18.5,2.197142857142857
England,1843.0,Trades / Professions,8.0,9.0,5.0,9.0,16.5,2.1555555555555556
England,1844.0,Army,7.0,6.0,4.0,6.0,11.0,1.769047619047619
England,1844.0,Executive,7.0,8.0,4.0,8.0,15.0,2.0666666666666664
England,1844.0,Merchants / Shopkeepers,7.0,8.0,5.0,8.0,14.0,2.0666666666666664
England,1844.0,Priesthood / Knowledge Workers,7.0,7.0,6.0,8.0,12.0,1.7042517006802724
England,1844.0,Proletariat,4.0,2.0,1.0,6.0,8.0,1.7777777777777777
England,1844.0,Property,6.0,8.0,4.0,6.0,13.0,1.8845833333333332
England,1844.0,StateMemory,8.0,9.0,3.0,9.0,18.5,2.197142857142857
England,1844.0,Trades / Professions,8.0,9.0,5.0,9.0,16.5,2.1555555555555556
England,1845.0,Army,7.0,6.0,4.0,6.0,11.0,1.769047619047619
England,1845.0,Executive,7.0,8.0,4.0,8.0,15.0,2.0666666666666664
England,1845.0,Merchants / Shopkeepers,7.0,8.0,5.0,8.0,14.0,2.0666666666666664
England,1845.0,Priesthood / Knowledge Workers,7.0,7.0,6.0,8.0,12.0,1.7042517006802724
England,1845.0,Proletariat,4.0,2.0,1.0,6.0,8.0,1.7777777777777777
England,1845.0,Property,6.0,8.0,4.0,6.0,13.0,1.8845833333333332
England,1845.0,StateMemory,8.0,9.0,3.0,9.0,18.5,2.197142857142857
England,1845.0,Trades / Professions,8.0,9.0,5.0,9.0,16.5,2.1555555555555556
England,1846.0,Army,7.0,6.0,4.0,6.0,11.0,1.769047619047619
England,1846.0,Executive,6.0,7.0,3.0,7.0,12.5,1.869047619047619
England,1846.0,Merchants / Shopkeepers,7.0,8.0,5.0,8.0,14.0,2.0666666666666664
England,1846.0,Priesthood / Knowledge Workers,7.0,7.0,6.0,8.0,12.0,1.7042517006802724
England,1846.0,Proletariat,4.0,2.0,1.0,6.0,8.0,1.7777777777777777
England,1846.0,Property,5.0,7.0,3.0,6.0,11.0,1.8845833333333332
England,1846.0,StateMemory,8.0,9.0,3.0,9.0,18.5,2.197142857142857
England,1846.0,Trades / Professions,8.0,9.0,5.0,9.0,16.5,2.1555555555555556
England,1847.0,Army,7.0,6.0,4.0,6.0,11.0,1.769047619047619
England,1847.0,Executive,6.0,7.0,3.0,7.0,12.5,1.869047619047619
England,1847.0,Merchants / Shopkeepers,7.0,8.0,5.0,8.0,14.0,2.0666666666666664
England,1847.0,Priesthood / Knowledge Workers,7.0,7.0,6.0,8.0,12.0,1.7042517006802724
England,1847.0,Proletariat,4.0,2.0,1.0,6.0,8.0,1.7777777777777777
England,1847.0,Property,5.0,7.0,3.0,6.0,11.0,1.8845833333333332
England,1847.0,StateMemory,8.0,9.0,3.0,9.0,18.5,2.197142857142857
England,1847.0,Trades / Professions,8.0,9.0,5.0,9.0,16.5,2.1555555555555556
England,1848.0,Army,7.0,6.0,4.0,6.0,11.0,1.769047619047619
England,1848.0,Executive,6.0,7.0,3.0,7.0,12.5,1.869047619047619
England,1848.0,Merchants / Shopkeepers,7.0,8.0,5.0,8.0,14.0,2.0666666666666664
England,1848.0,Priesthood / Knowledge Workers,7.0,7.0,6.0,8.0,12.0,1.7042517006802724
England,1848.0,Proletariat,4.0,2.0,1.0,6.0,8.0,1.7777777777777777
England,1848.0,Property,5.0,7.0,3.0,6.0,11.0,1.8845833333333332
England,1848.0,StateMemory,8.0,9.0,3.0,9.0,18.5,2.197142857142857
England,1848.0,Trades / Professions,8.0,9.0,5.0,9.0,16.5,2.1555555555555556
England,1849.0,Army,7.0,6.0,4.0,6.0,11.0,1.769047619047619
England,1849.0,Executive,6.0,7.0,3.0,7.0,12.5,1.869047619047619
England,1849.0,Merchants / Shopkeepers,7.0,8.0,5.0,8.0,14.0,2.0666666666666664
England,1849.0,Priesthood / Knowledge Workers,7.0,7.0,6.0,8.0,12.0,1.7042517006802724
England,1849.0,Proletariat,4.0,2.0,1.0,6.0,8.0,1.7777777777777777
England,1849.0,Property,5.0,7.0,3.0,6.0,11.0,1.8845833333333332
England,1849.0,StateMemory,8.0,9.0,3.0,9.0,18.5,2.197142857142857
England,1849.0,Trades / Professions,8.0,9.0,5.0,9.0,16.5,2.1555555555555556
England,1850.0,Army,7.0,6.0,4.0,6.0,11.0,1.769047619047619
England,1850.0,Executive,6.0,7.0,3.0,7.0,12.5,1.869047619047619
England,1850.0,Merchants / Shopkeepers,7.0,8.0,5.0,8.0,14.0,2.0666666666666664
England,1850.0,Priesthood / Knowledge Workers,7.0,7.0,6.0,8.0,12.0,1.7042517006802724
England,1850.0,Proletariat,4.0,2.0,1.0,6.0,8.0,1.7777777777777777
England,1850.0,Property,5.0,7.0,3.0,6.0,11.0,1.8845833333333332
England,1850.0,StateMemory,8.0,9.0,3.0,9.0,18.5,2.197142857142857
England,1850.0,Trades / Professions,8.0,9.0,5.0,9.0,16.5,2.1555555555555556
England,1851.0,Army,7.0,6.0,4.0,6.0,12.0,2.4245421245421244
England,1851.0,Executive,7.0,9.0,6.0,8.0,14.0,2.2152380952380955
England,1851.0,Merchants / Shopkeepers,8.0,9.0,7.0,9.0,14.5,2.199453879453879
England,1851.0,Priesthood / Knowledge Workers,8.0,8.0,7.0,9.0,13.5,2.199453879453879
England,1851.0,Proletariat,5.0,3.0,2.0,7.0,9.5,2.664155844155844
England,1851.0,Property,6.0,8.0,7.0,7.0,10.5,1.9583116883116882
England,1851.0,StateMemory,9.0,10.0,7.0,10.0,17.0,2.320024975024975
England,1851.0,Trades / Professions,9.0,10.0,7.0,10.0,17.0,2.320024975024975
England,1852.0,Army,7.0,6.0,4.0,6.0,12.0,2.4245421245421244
England,1852.0,Executive,7.0,9.0,6.0,8.0,14.0,2.2152380952380955
England,1852.0,Merchants / Shopkeepers,8.0,9.0,7.0,9.0,14.5,2.199453879453879
England,1852.0,Priesthood / Knowledge Workers,8.0,8.0,7.0,9.0,13.5,2.199453879453879
England,1852.0,Proletariat,5.0,3.0,2.0,7.0,9.5,2.664155844155844
England,1852.0,Property,6.0,8.0,7.0,7.0,10.5,1.9583116883116882
England,1852.0,StateMemory,9.0,10.0,7.0,10.0,17.0,2.320024975024975
England,1852.0,Trades / Professions,9.0,10.0,7.0,10.0,17.0,2.320024975024975
England,1853.0,Army,6.0,7.0,2.0,7.0,14.5,2.9958874458874463
England,1853.0,Executive,7.0,9.0,4.0,8.0,16.0,2.7005494505494503
England,1853.0,Merchants / Shopkeepers,8.0,9.0,7.0,9.0,14.5,2.300499500499501
England,1853.0,Priesthood / Knowledge Workers,8.0,8.0,7.0,9.0,13.5,2.300499500499501
England,1853.0,Proletariat,5.0,3.0,2.0,7.0,9.5,2.8965367965367967
England,1853.0,Property,6.0,8.0,7.0,7.0,10.5,2.0455044955044954
England,1853.0,StateMemory,9.0,10.0,7.0,10.0,17.0,2.427997002997003
England,1853.0,Trades / Professions,9.0,10.0,7.0,10.0,17.0,2.427997002997003
England,1854.0,Army,6.0,7.0,2.0,7.0,14.5,2.9958874458874463
England,1854.0,Executive,7.0,9.0,4.0,8.0,16.0,2.7005494505494503
England,1854.0,Merchants / Shopkeepers,8.0,9.0,7.0,9.0,14.5,2.300499500499501
England,1854.0,Priesthood / Knowledge Workers,8.0,8.0,7.0,9.0,13.5,2.300499500499501
England,1854.0,Proletariat,5.0,3.0,2.0,7.0,9.5,2.8965367965367967
England,1854.0,Property,6.0,8.0,7.0,7.0,10.5,2.0455044955044954
England,1854.0,StateMemory,9.0,10.0,7.0,10.0,17.0,2.427997002997003
England,1854.0,Trades / Professions,9.0,10.0,7.0,10.0,17.0,2.427997002997003
England,1855.0,Army,6.0,7.0,2.0,7.0,14.5,2.9958874458874463
England,1855.0,Executive,7.0,9.0,4.0,8.0,16.0,2.7005494505494503
England,1855.0,Merchants / Shopkeepers,8.0,9.0,7.0,9.0,14.5,2.300499500499501
England,1855.0,Priesthood / Knowledge Workers,8.0,8.0,7.0,9.0,13.5,2.300499500499501
England,1855.0,Proletariat,5.0,3.0,2.0,7.0,9.5,2.8965367965367967
England,1855.0,Property,6.0,8.0,7.0,7.0,10.5,2.0455044955044954
England,1855.0,StateMemory,9.0,10.0,7.0,10.0,17.0,2.427997002997003
England,1855.0,Trades / Professions,9.0,10.0,7.0,10.0,17.0,2.427997002997003
England,1856.0,Army,6.0,7.0,2.0,7.0,14.5,2.9958874458874463
England,1856.0,Executive,7.0,9.0,4.0,8.0,16.0,2.7005494505494503
England,1856.0,Merchants / Shopkeepers,8.0,9.0,7.0,9.0,14.5,2.300499500499501
England,1856.0,Priesthood / Knowledge Workers,8.0,8.0,7.0,9.0,13.5,2.300499500499501
England,1856.0,Proletariat,5.0,3.0,2.0,7.0,9.5,2.8965367965367967
England,1856.0,Property,6.0,8.0,7.0,7.0,10.5,2.0455044955044954
England,1856.0,StateMemory,9.0,10.0,7.0,10.0,17.0,2.427997002997003
England,1856.0,Trades / Professions,9.0,10.0,7.0,10.0,17.0,2.427997002997003
England,1857.0,Army,7.0,8.0,5.0,8.0,14.0,2.3565672422815283
England,1857.0,Executive,7.0,9.0,6.0,8.0,14.0,2.2071794871794874
England,1857.0,Merchants / Shopkeepers,8.0,9.0,7.0,9.0,14.5,2.1922325293753864
England,1857.0,Priesthood / Knowledge Workers,8.0,8.0,7.0,9.0,13.5,2.1922325293753864
England,1857.0,Proletariat,5.0,3.0,2.0,7.0,9.5,2.64034632034632
England,1857.0,Property,6.0,8.0,7.0,7.0,10.5,1.954230055658627
England,1857.0,StateMemory,9.0,10.0,7.0,10.0,17.0,2.3112337662337663
England,1857.0,Trades / Professions,9.0,10.0,7.0,10.0,17.0,2.3112337662337663
England,1858.0,Army,7.0,8.0,5.0,8.0,14.0,2.3565672422815283
England,1858.0,Executive,7.0,9.0,6.0,8.0,14.0,2.2071794871794874
England,1858.0,Merchants / Shopkeepers,8.0,9.0,7.0,9.0,14.5,2.1922325293753864
England,1858.0,Priesthood / Knowledge Workers,8.0,8.0,7.0,9.0,13.5,2.1922325293753864
England,1858.0,Proletariat,5.0,3.0,2.0,7.0,9.5,2.64034632034632
England,1858.0,Property,6.0,8.0,7.0,7.0,10.5,1.954230055658627
England,1858.0,StateMemory,9.0,10.0,7.0,10.0,17.0,2.3112337662337663
England,1858.0,Trades / Professions,9.0,10.0,7.0,10.0,17.0,2.3112337662337663
England,1859.0,Army,7.0,8.0,6.0,8.0,13.0,2.1839455782312927
England,1859.0,Executive,7.0,9.0,6.0,8.0,14.0,2.1839455782312927
England,1859.0,Merchants / Shopkeepers,8.0,9.0,7.0,9.0,14.5,2.1707359307359306
England,1859.0,Priesthood / Knowledge Workers,8.0,8.0,7.0,9.0,13.5,2.1707359307359306
England,1859.0,Proletariat,5.0,3.0,2.0,7.0,9.5,2.598441558441558
England,1859.0,Property,6.0,8.0,7.0,7.0,10.5,1.9354545454545455
England,1859.0,StateMemory,9.0,10.0,7.0,10.0,17.0,2.2883766233766236
England,1859.0,Trades / Professions,9.0,10.0,7.0,10.0,17.0,2.2883766233766236
England,1860.0,Army,8.0,9.0,6.0,8.0,15.0,2.2738899196042053
England,1860.0,Executive,8.0,9.0,6.0,8.0,15.0,2.2738899196042053
England,1860.0,Merchants / Shopkeepers,8.0,9.0,7.0,9.0,14.5,2.1878571428571427
England,1860.0,Priesthood / Knowledge Workers,8.0,8.0,7.0,9.0,13.5,2.1878571428571427
England,1860.0,Proletariat,6.0,4.0,3.0,7.0,10.5,2.5242424242424244
England,1860.0,Property,7.0,8.0,7.0,7.0,11.5,2.026190476190476
England,1860.0,StateMemory,9.0,10.0,7.0,10.0,17.0,2.3033333333333332
England,1860.0,Trades / Professions,9.0,10.0,7.0,10.0,17.0,2.3033333333333332
England,1861.0,Army,8.0,9.0,6.0,8.0,15.0,2.2738899196042053
England,1861.0,Executive,8.0,9.0,6.0,8.0,15.0,2.2738899196042053
England,1861.0,Merchants / Shopkeepers,8.0,9.0,7.0,9.0,14.5,2.1878571428571427
England,1861.0,Priesthood / Knowledge Workers,8.0,8.0,7.0,9.0,13.5,2.1878571428571427
England,1861.0,Proletariat,6.0,4.0,3.0,7.0,10.5,2.5242424242424244
England,1861.0,Property,7.0,8.0,7.0,7.0,11.5,2.026190476190476
England,1861.0,StateMemory,9.0,10.0,7.0,10.0,17.0,2.3033333333333332
England,1861.0,Trades / Professions,9.0,10.0,7.0,10.0,17.0,2.3033333333333332
England,1862.0,Army,8.0,8.0,7.0,8.0,13.0,2.164285714285714
England,1862.0,Executive,8.0,9.0,7.0,9.0,14.5,2.1878571428571427
England,1862.0,Merchants / Shopkeepers,9.0,10.0,8.0,10.0,16.0,2.2738899196042053
England,1862.0,Priesthood / Knowledge Workers,8.0,9.0,8.0,9.0,13.5,2.1878571428571427
England,1862.0,Proletariat,6.0,4.0,3.0,7.0,10.5,2.5242424242424244
England,1862.0,Property,8.0,9.0,8.0,8.0,13.0,2.164285714285714
England,1862.0,StateMemory,9.0,10.0,8.0,10.0,16.0,2.2738899196042053
England,1862.0,Trades / Professions,9.0,10.0,8.0,10.0,16.0,2.2738899196042053
England,1863.0,Army,8.0,8.0,7.0,8.0,13.0,2.164285714285714
England,1863.0,Executive,8.0,9.0,7.0,9.0,14.5,2.1878571428571427
England,1863.0,Merchants / Shopkeepers,9.0,10.0,8.0,10.0,16.0,2.2738899196042053
England,1863.0,Priesthood / Knowledge Workers,8.0,9.0,8.0,9.0,13.5,2.1878571428571427
England,1863.0,Proletariat,6.0,4.0,3.0,7.0,10.5,2.5242424242424244
England,1863.0,Property,8.0,9.0,8.0,8.0,13.0,2.164285714285714
England,1863.0,StateMemory,9.0,10.0,8.0,10.0,16.0,2.2738899196042053
England,1863.0,Trades / Professions,9.0,10.0,8.0,10.0,16.0,2.2738899196042053
England,1864.0,Army,8.0,8.0,7.0,8.0,13.0,2.164285714285714
England,1864.0,Executive,8.0,9.0,7.0,9.0,14.5,2.1878571428571427
England,1864.0,Merchants / Shopkeepers,9.0,10.0,8.0,10.0,16.0,2.2738899196042053
England,1864.0,Priesthood / Knowledge Workers,8.0,9.0,8.0,9.0,13.5,2.1878571428571427
England,1864.0,Proletariat,6.0,4.0,3.0,7.0,10.5,2.5242424242424244
England,1864.0,Property,8.0,9.0,8.0,8.0,13.0,2.164285714285714
England,1864.0,StateMemory,9.0,10.0,8.0,10.0,16.0,2.2738899196042053
England,1864.0,Trades / Professions,9.0,10.0,8.0,10.0,16.0,2.2738899196042053
England,1865.0,Army,8.0,8.0,7.0,8.0,13.0,2.164285714285714
England,1865.0,Executive,8.0,9.0,7.0,9.0,14.5,2.1878571428571427
England,1865.0,Merchants / Shopkeepers,9.0,10.0,8.0,10.0,16.0,2.2738899196042053
England,1865.0,Priesthood / Knowledge Workers,8.0,9.0,8.0,9.0,13.5,2.1878571428571427
England,1865.0,Proletariat,6.0,4.0,3.0,7.0,10.5,2.5242424242424244
England,1865.0,Property,8.0,9.0,8.0,8.0,13.0,2.164285714285714
England,1865.0,StateMemory,9.0,10.0,8.0,10.0,16.0,2.2738899196042053
England,1865.0,Trades / Professions,9.0,10.0,8.0,10.0,16.0,2.2738899196042053
England,1866.0,Army,8.0,8.0,7.0,8.0,13.0,2.164285714285714
England,1866.0,Executive,8.0,9.0,7.0,9.0,14.5,2.1878571428571427
England,1866.0,Merchants / Shopkeepers,9.0,10.0,8.0,10.0,16.0,2.2738899196042053
England,1866.0,Priesthood / Knowledge Workers,8.0,9.0,8.0,9.0,13.5,2.1878571428571427
England,1866.0,Proletariat,6.0,4.0,3.0,7.0,10.5,2.5242424242424244
England,1866.0,Property,8.0,9.0,8.0,8.0,13.0,2.164285714285714
England,1866.0,StateMemory,9.0,10.0,8.0,10.0,16.0,2.2738899196042053
England,1866.0,Trades / Professions,9.0,10.0,8.0,10.0,16.0,2.2738899196042053
England,1867.0,Army,8.0,8.0,7.0,8.0,13.0,2.164285714285714
England,1867.0,Executive,8.0,9.0,7.0,9.0,14.5,2.1878571428571427
England,1867.0,Merchants / Shopkeepers,9.0,10.0,8.0,10.0,16.0,2.2738899196042053
England,1867.0,Priesthood / Knowledge Workers,8.0,9.0,8.0,9.0,13.5,2.1878571428571427
England,1867.0,Proletariat,7.0,5.0,5.0,8.0,10.0,2.026190476190476
England,1867.0,Property,8.0,9.0,8.0,8.0,13.0,2.164285714285714
England,1867.0,StateMemory,9.0,10.0,8.0,10.0,16.0,2.2738899196042053
England,1867.0,Trades / Professions,9.0,10.0,8.0,10.0,16.0,2.2738899196042053
England,1868.0,Army,8.0,7.0,7.0,9.0,11.5,1.9583333333333333
England,1868.0,Executive,8.0,9.0,7.0,9.0,14.5,2.1878571428571427
England,1868.0,Merchants / Shopkeepers,9.0,10.0,8.0,10.0,16.0,2.2738899196042053
England,1868.0,Priesthood / Knowledge Workers,8.0,9.0,8.0,9.0,13.5,2.1878571428571427
England,1868.0,Proletariat,7.0,5.0,5.0,8.0,10.0,2.026190476190476
England,1868.0,Property,8.0,9.0,8.0,8.0,13.0,2.164285714285714
England,1868.0,StateMemory,9.0,10.0,8.0,10.0,16.0,2.2738899196042053
England,1868.0,Trades / Professions,9.0,10.0,8.0,10.0,16.0,2.2738899196042053
England,1869.0,Army,8.0,7.0,7.0,9.0,11.5,1.9583333333333333
England,1869.0,Executive,8.0,9.0,7.0,9.0,14.5,2.1878571428571427
England,1869.0,Merchants / Shopkeepers,9.0,10.0,8.0,10.0,16.0,2.2738899196042053
England,1869.0,Priesthood / Knowledge Workers,8.0,9.0,8.0,9.0,13.5,2.1878571428571427
England,1869.0,Proletariat,7.0,5.0,5.0,8.0,10.0,2.026190476190476
England,1869.0,Property,8.0,9.0,8.0,8.0,13.0,2.164285714285714
England,1869.0,StateMemory,9.0,10.0,8.0,10.0,16.0,2.2738899196042053
England,1869.0,Trades / Professions,9.0,10.0,8.0,10.0,16.0,2.2738899196042053
England,1870.0,Army,8.0,7.0,7.0,9.0,11.5,1.9583333333333333
England,1870.0,Executive,8.0,9.0,7.0,9.0,14.5,2.1878571428571427
England,1870.0,Merchants / Shopkeepers,9.0,10.0,8.0,10.0,16.0,2.2738899196042053
England,1870.0,Priesthood / Knowledge Workers,8.0,9.0,8.0,9.0,13.5,2.1878571428571427
England,1870.0,Proletariat,7.0,5.0,5.0,8.0,10.0,2.026190476190476
England,1870.0,Property,8.0,9.0,8.0,8.0,13.0,2.164285714285714
England,1870.0,StateMemory,9.0,10.0,8.0,10.0,16.0,2.2738899196042053
England,1870.0,Trades / Professions,9.0,10.0,8.0,10.0,16.0,2.2738899196042053
England,1871.0,Army,8.0,7.0,7.0,9.0,11.5,1.9583333333333333
England,1871.0,Executive,8.0,9.0,7.0,9.0,14.5,2.1878571428571427
England,1871.0,Merchants / Shopkeepers,9.0,10.0,8.0,10.0,16.0,2.2738899196042053
England,1871.0,Priesthood / Knowledge Workers,8.0,9.0,8.0,9.0,13.5,2.1878571428571427
England,1871.0,Proletariat,7.0,5.0,5.0,8.0,10.0,2.026190476190476
England,1871.0,Property,8.0,9.0,8.0,8.0,13.0,2.164285714285714
England,1871.0,StateMemory,9.0,10.0,8.0,10.0,16.0,2.2738899196042053
England,1871.0,Trades / Professions,9.0,10.0,8.0,10.0,16.0,2.2738899196042053
England,1872.0,Army,8.0,7.0,7.0,9.0,11.5,1.9583333333333333
England,1872.0,Executive,8.0,9.0,7.0,9.0,14.5,2.1878571428571427
England,1872.0,Merchants / Shopkeepers,9.0,10.0,8.0,10.0,16.0,2.2738899196042053
England,1872.0,Priesthood / Knowledge Workers,8.0,9.0,8.0,9.0,13.5,2.1878571428571427
England,1872.0,Proletariat,7.0,5.0,5.0,8.0,10.0,2.026190476190476
England,1872.0,Property,8.0,9.0,8.0,8.0,13.0,2.164285714285714
England,1872.0,StateMemory,9.0,10.0,8.0,10.0,16.0,2.2738899196042053
England,1872.0,Trades / Professions,9.0,10.0,8.0,10.0,16.0,2.2738899196042053
England,1872.0,Army,8.0,7.0,7.0,9.0,11.5,1.9583333333333333
England,1872.0,Executive,8.0,9.0,7.0,9.0,14.5,2.1878571428571427
England,1872.0,Merchants / Shopkeepers,9.0,10.0,8.0,10.0,16.0,2.2738899196042053
England,1872.0,Priesthood / Knowledge Workers,8.0,9.0,8.0,9.0,13.5,2.1878571428571427
England,1872.0,Proletariat,7.0,5.0,5.0,8.0,10.0,2.026190476190476
England,1872.0,Property,8.0,9.0,8.0,8.0,13.0,2.164285714285714
England,1872.0,StateMemory,9.0,10.0,8.0,10.0,16.0,2.2738899196042053
England,1872.0,Trades / Professions,9.0,10.0,8.0,10.0,16.0,2.2738899196042053
England,1873.0,Army,8.0,7.0,7.0,9.0,11.5,1.9583333333333333
England,1873.0,Executive,8.0,9.0,7.0,9.0,14.5,2.1878571428571427
England,1873.0,Merchants / Shopkeepers,9.0,10.0,8.0,10.0,16.0,2.2738899196042053
England,1873.0,Priesthood / Knowledge Workers,8.0,9.0,8.0,9.0,13.5,2.1878571428571427
England,1873.0,Proletariat,7.0,5.0,5.0,8.0,10.0,2.026190476190476
England,1873.0,Property,8.0,9.0,8.0,8.0,13.0,2.164285714285714
England,1873.0,StateMemory,9.0,10.0,8.0,10.0,16.0,2.2738899196042053
England,1873.0,Trades / Professions,9.0,10.0,8.0,10.0,16.0,2.2738899196042053
England,1874.0,Army,8.0,7.0,7.0,9.0,11.5,1.9583333333333333
England,1874.0,Executive,8.0,9.0,7.0,9.0,14.5,2.1878571428571427
England,1874.0,Merchants / Shopkeepers,9.0,10.0,8.0,10.0,16.0,2.2738899196042053
England,1874.0,Priesthood / Knowledge Workers,8.0,9.0,8.0,9.0,13.5,2.1878571428571427
England,1874.0,Proletariat,7.0,5.0,5.0,8.0,10.0,2.026190476190476
England,1874.0,Property,8.0,9.0,8.0,8.0,13.0,2.164285714285714
England,1874.0,StateMemory,9.0,10.0,8.0,10.0,16.0,2.2738899196042053
England,1874.0,Trades / Professions,9.0,10.0,8.0,10.0,16.0,2.2738899196042053
England,1875.0,Army,8.0,7.0,6.0,9.0,12.5,2.0833333333333335
England,1875.0,Executive,8.0,9.0,6.0,9.0,15.5,2.3033333333333332
England,1875.0,Merchants / Shopkeepers,9.0,10.0,7.0,10.0,17.0,2.3999999999999995
England,1875.0,Priesthood / Knowledge Workers,8.0,9.0,8.0,9.0,13.5,2.1878571428571427
England,1875.0,Proletariat,7.0,5.0,4.0,8.0,10.0,2.164285714285714
England,1875.0,Property,7.0,7.0,4.0,7.0,13.5,2.1555555555555556
England,1875.0,StateMemory,9.0,10.0,7.0,10.0,17.0,2.3999999999999995
England,1875.0,Trades / Professions,9.0,10.0,7.0,10.0,17.0,2.3999999999999995
England,1876.0,Army,8.0,7.0,6.0,9.0,12.5,2.0833333333333335
England,1876.0,Executive,8.0,9.0,6.0,9.0,15.5,2.3033333333333332
England,1876.0,Merchants / Shopkeepers,9.0,10.0,7.0,10.0,17.0,2.3999999999999995
England,1876.0,Priesthood / Knowledge Workers,8.0,9.0,8.0,9.0,13.5,2.1878571428571427
England,1876.0,Proletariat,7.0,5.0,4.0,8.0,10.0,2.164285714285714
England,1876.0,Property,7.0,7.0,4.0,7.0,13.5,2.1555555555555556
England,1876.0,StateMemory,9.0,10.0,7.0,10.0,17.0,2.3999999999999995
England,1876.0,Trades / Professions,9.0,10.0,7.0,10.0,17.0,2.3999999999999995
England,1877.0,Army,8.0,7.0,6.0,9.0,12.5,2.0833333333333335
England,1877.0,Executive,8.0,9.0,6.0,9.0,15.5,2.3033333333333332
England,1877.0,Merchants / Shopkeepers,9.0,10.0,7.0,10.0,17.0,2.3999999999999995
England,1877.0,Priesthood / Knowledge Workers,8.0,9.0,8.0,9.0,13.5,2.1878571428571427
England,1877.0,Proletariat,7.0,5.0,4.0,8.0,10.0,2.164285714285714
England,1877.0,Property,7.0,7.0,4.0,7.0,13.5,2.1555555555555556
England,1877.0,StateMemory,9.0,10.0,7.0,10.0,17.0,2.3999999999999995
England,1877.0,Trades / Professions,9.0,10.0,7.0,10.0,17.0,2.3999999999999995
England,1878.0,Army,8.0,7.0,6.0,9.0,12.5,2.0833333333333335
England,1878.0,Executive,8.0,9.0,6.0,9.0,15.5,2.3033333333333332
England,1878.0,Merchants / Shopkeepers,9.0,10.0,7.0,10.0,17.0,2.3999999999999995
England,1878.0,Priesthood / Knowledge Workers,8.0,9.0,8.0,9.0,13.5,2.1878571428571427
England,1878.0,Proletariat,7.0,5.0,4.0,8.0,10.0,2.164285714285714
England,1878.0,Property,7.0,7.0,4.0,7.0,13.5,2.1555555555555556
England,1878.0,StateMemory,9.0,10.0,7.0,10.0,17.0,2.3999999999999995
England,1878.0,Trades / Professions,9.0,10.0,7.0,10.0,17.0,2.3999999999999995
England,1879.0,Army,8.0,7.0,4.0,9.0,14.5,2.4419999999999997
England,1879.0,Executive,8.0,9.0,5.0,9.0,15.5,2.3033333333333332
England,1879.0,Merchants / Shopkeepers,9.0,10.0,7.0,10.0,17.0,2.3999999999999995
England,1879.0,Priesthood / Knowledge Workers,8.0,9.0,8.0,9.0,13.5,2.1878571428571427
England,1879.0,Proletariat,7.0,5.0,4.0,8.0,10.0,2.164285714285714
England,1879.0,Property,7.0,7.0,3.0,7.0,14.5,2.2857142857142856
England,1879.0,StateMemory,9.0,10.0,7.0,10.0,17.0,2.3999999999999995
England,1879.0,Trades / Professions,9.0,10.0,7.0,10.0,17.0,2.3999999999999995
England,1880.0,Army,8.0,7.0,4.0,9.0,14.5,2.4419999999999997
England,1880.0,Executive,8.0,9.0,5.0,9.0,15.5,2.3033333333333332
England,1880.0,Merchants / Shopkeepers,9.0,10.0,7.0,10.0,17.0,2.3999999999999995
England,1880.0,Priesthood / Knowledge Workers,8.0,9.0,8.0,9.0,13.5,2.1878571428571427
England,1880.0,Proletariat,7.0,5.0,4.0,8.0,10.0,2.164285714285714
England,1880.0,Property,7.0,7.0,3.0,7.0,14.5,2.2857142857142856
England,1880.0,StateMemory,9.0,10.0,7.0,10.0,17.0,2.3999999999999995
England,1880.0,Trades / Professions,9.0,10.0,7.0,10.0,17.0,2.3999999999999995
England,1881.0,Army,8.0,7.0,4.0,9.0,14.5,2.4419999999999997
England,1881.0,Executive,8.0,9.0,5.0,9.0,15.5,2.3033333333333332
England,1881.0,Merchants / Shopkeepers,9.0,10.0,7.0,10.0,17.0,2.3999999999999995
England,1881.0,Priesthood / Knowledge Workers,8.0,9.0,8.0,9.0,13.5,2.1878571428571427
England,1881.0,Proletariat,7.0,5.0,4.0,8.0,10.0,2.164285714285714
England,1881.0,Property,7.0,7.0,3.0,7.0,14.5,2.2857142857142856
England,1881.0,StateMemory,9.0,10.0,7.0,10.0,17.0,2.3999999999999995
England,1881.0,Trades / Professions,9.0,10.0,7.0,10.0,17.0,2.3999999999999995
England,1882.0,Army,8.0,7.0,4.0,9.0,14.5,2.4419999999999997
England,1882.0,Executive,8.0,9.0,5.0,9.0,15.5,2.3033333333333332
England,1882.0,Merchants / Shopkeepers,9.0,10.0,7.0,10.0,17.0,2.3999999999999995
England,1882.0,Priesthood / Knowledge Workers,8.0,9.0,8.0,9.0,13.5,2.1878571428571427
England,1882.0,Proletariat,7.0,5.0,4.0,8.0,10.0,2.164285714285714
England,1882.0,Property,7.0,7.0,3.0,7.0,14.5,2.2857142857142856
England,1882.0,StateMemory,9.0,10.0,7.0,10.0,17.0,2.3999999999999995
England,1882.0,Trades / Professions,9.0,10.0,7.0,10.0,17.0,2.3999999999999995
England,1883.0,Army,8.0,7.0,5.0,9.0,13.5,2.0833333333333335
England,1883.0,Executive,7.0,9.0,6.0,9.0,14.5,2.1878571428571427
England,1883.0,Merchants / Shopkeepers,9.0,9.0,6.0,9.0,16.5,2.2738899196042053
England,1883.0,Priesthood / Knowledge Workers,8.0,9.0,8.0,9.0,13.5,2.1878571428571427
England,1883.0,Proletariat,7.0,5.0,4.0,8.0,10.0,2.164285714285714
England,1883.0,Property,6.0,6.0,2.0,6.0,13.0,2.0666666666666664
England,1883.0,StateMemory,9.0,10.0,6.0,10.0,18.0,2.3999999999999995
England,1883.0,Trades / Professions,9.0,9.0,6.0,9.0,16.5,2.2738899196042053
England,1884.0,Army,8.0,7.0,5.0,9.0,13.5,2.0833333333333335
England,1884.0,Executive,7.0,9.0,6.0,9.0,14.5,2.1878571428571427
England,1884.0,Merchants / Shopkeepers,9.0,9.0,6.0,9.0,16.5,2.2738899196042053
England,1884.0,Priesthood / Knowledge Workers,8.0,9.0,8.0,9.0,13.5,2.1878571428571427
England,1884.0,Proletariat,7.0,5.0,4.0,8.0,10.0,2.164285714285714
England,1884.0,Property,6.0,6.0,2.0,6.0,13.0,2.0666666666666664
England,1884.0,StateMemory,9.0,10.0,6.0,10.0,18.0,2.3999999999999995
England,1884.0,Trades / Professions,9.0,9.0,6.0,9.0,16.5,2.2738899196042053
England,1885.0,Army,8.0,7.0,5.0,9.0,13.5,2.0833333333333335
England,1885.0,Executive,7.0,9.0,6.0,9.0,14.5,2.1878571428571427
England,1885.0,Merchants / Shopkeepers,9.0,9.0,6.0,9.0,16.5,2.2738899196042053
England,1885.0,Priesthood / Knowledge Workers,8.0,9.0,8.0,9.0,13.5,2.1878571428571427
England,1885.0,Proletariat,8.0,6.0,4.0,9.0,14.5,2.3999999999999995
England,1885.0,Property,6.0,6.0,2.0,6.0,13.0,2.0666666666666664
England,1885.0,StateMemory,9.0,10.0,6.0,10.0,18.0,2.3999999999999995
England,1885.0,Trades / Professions,9.0,9.0,6.0,9.0,16.5,2.2738899196042053
England,1886.0,Army,8.0,7.0,5.0,9.0,13.5,2.0833333333333335
England,1886.0,Executive,5.0,7.0,3.0,7.0,12.5,1.869047619047619
England,1886.0,Merchants / Shopkeepers,9.0,9.0,6.0,9.0,16.5,2.2738899196042053
England,1886.0,Priesthood / Knowledge Workers,8.0,9.0,8.0,9.0,13.5,2.1878571428571427
England,1886.0,Proletariat,8.0,6.0,4.0,9.0,14.5,2.3999999999999995
England,1886.0,Property,6.0,6.0,2.0,6.0,13.0,2.0666666666666664
England,1886.0,StateMemory,9.0,10.0,6.0,10.0,18.0,2.3999999999999995
England,1886.0,Trades / Professions,9.0,9.0,6.0,9.0,16.5,2.2738899196042053
England,1887.0,Army,8.0,7.0,5.0,9.0,13.5,2.0833333333333335
England,1887.0,Executive,7.0,8.0,6.0,8.0,13.0,2.164285714285714
England,1887.0,Merchants / Shopkeepers,9.0,9.0,6.0,9.0,16.5,2.2738899196042053
England,1887.0,Priesthood / Knowledge Workers,8.0,9.0,8.0,9.0,13.5,2.1878571428571427
England,1887.0,Proletariat,8.0,6.0,4.0,9.0,14.5,2.3999999999999995
England,1887.0,Property,6.0,6.0,2.0,6.0,13.0,2.0666666666666664
England,1887.0,StateMemory,9.0,10.0,7.0,10.0,17.0,2.3033333333333332
England,1887.0,Trades / Professions,9.0,9.0,6.0,9.0,16.5,2.2738899196042053
England,1888.0,Army,8.0,7.0,5.0,9.0,13.5,2.0833333333333335
England,1888.0,Executive,7.0,8.0,6.0,8.0,13.0,2.164285714285714
England,1888.0,Merchants / Shopkeepers,9.0,9.0,6.0,9.0,16.5,2.2738899196042053
England,1888.0,Priesthood / Knowledge Workers,8.0,9.0,8.0,9.0,13.5,2.1878571428571427
England,1888.0,Proletariat,8.0,6.0,4.0,9.0,14.5,2.3999999999999995
England,1888.0,Property,6.0,6.0,2.0,6.0,13.0,2.0666666666666664
England,1888.0,StateMemory,9.0,10.0,7.0,10.0,17.0,2.3033333333333332
England,1888.0,Trades / Professions,9.0,9.0,6.0,9.0,16.5,2.2738899196042053
England,1889.0,Army,8.0,7.0,6.0,9.0,12.5,1.9583333333333333
England,1889.0,Executive,7.0,8.0,6.0,8.0,13.0,2.164285714285714
England,1889.0,Merchants / Shopkeepers,9.0,9.0,6.0,9.0,16.5,2.2738899196042053
England,1889.0,Priesthood / Knowledge Workers,8.0,9.0,8.0,9.0,13.5,2.1878571428571427
England,1889.0,Proletariat,8.0,6.0,4.0,9.0,14.5,2.3999999999999995
England,1889.0,Property,6.0,6.0,2.0,6.0,13.0,2.0666666666666664
England,1889.0,StateMemory,9.0,10.0,7.0,10.0,17.0,2.3033333333333332
England,1889.0,Trades / Professions,9.0,9.0,6.0,9.0,16.5,2.2738899196042053
England,1890.0,Army,8.0,7.0,6.0,9.0,12.5,1.9583333333333333
England,1890.0,Executive,8.0,8.0,7.0,8.0,12.0,2.164285714285714
England,1890.0,Merchants / Shopkeepers,9.0,9.0,6.0,9.0,16.5,2.2738899196042053
England,1890.0,Priesthood / Knowledge Workers,8.0,9.0,8.0,9.0,13.5,2.1878571428571427
England,1890.0,Proletariat,8.0,6.0,4.0,9.0,14.5,2.3999999999999995
England,1890.0,Property,6.0,6.0,2.0,6.0,13.0,2.0666666666666664
England,1890.0,StateMemory,9.0,10.0,7.0,10.0,17.0,2.3033333333333332
England,1890.0,Trades / Professions,9.0,9.0,6.0,9.0,16.5,2.2738899196042053
England,1891.0,Army,8.0,7.0,6.0,9.0,12.5,1.9583333333333333
England,1891.0,Executive,8.0,8.0,7.0,8.0,12.0,2.164285714285714
England,1891.0,Merchants / Shopkeepers,9.0,9.0,6.0,9.0,16.5,2.2738899196042053
England,1891.0,Priesthood / Knowledge Workers,8.0,9.0,8.0,9.0,13.5,2.1878571428571427
England,1891.0,Proletariat,8.0,6.0,4.0,9.0,14.5,2.3999999999999995
England,1891.0,Property,6.0,6.0,2.0,6.0,13.0,2.0666666666666664
England,1891.0,StateMemory,9.0,10.0,7.0,10.0,17.0,2.3033333333333332
England,1891.0,Trades / Professions,9.0,9.0,6.0,9.0,16.5,2.2738899196042053
England,1892.0,Army,8.0,7.0,6.0,9.0,12.5,1.9583333333333333
England,1892.0,Executive,8.0,8.0,7.0,8.0,12.0,2.164285714285714
England,1892.0,Merchants / Shopkeepers,9.0,9.0,6.0,9.0,16.5,2.2738899196042053
England,1892.0,Priesthood / Knowledge Workers,8.0,9.0,8.0,9.0,13.5,2.1878571428571427
England,1892.0,Proletariat,8.0,6.0,4.0,9.0,14.5,2.3999999999999995
England,1892.0,Property,6.0,6.0,2.0,6.0,13.0,2.0666666666666664
England,1892.0,StateMemory,9.0,10.0,7.0,10.0,17.0,2.3033333333333332
England,1892.0,Trades / Professions,9.0,9.0,6.0,9.0,16.5,2.2738899196042053
England,1893.0,Army,8.0,7.0,6.0,9.0,12.5,1.9583333333333333
England,1893.0,Executive,8.0,8.0,7.0,8.0,12.0,2.164285714285714
England,1893.0,Merchants / Shopkeepers,9.0,9.0,6.0,9.0,16.5,2.2738899196042053
England,1893.0,Priesthood / Knowledge Workers,8.0,9.0,8.0,9.0,13.5,2.1878571428571427
England,1893.0,Proletariat,8.0,6.0,4.0,9.0,14.5,2.3999999999999995
England,1893.0,Property,6.0,6.0,2.0,6.0,13.0,2.0666666666666664
England,1893.0,StateMemory,9.0,10.0,7.0,10.0,17.0,2.3033333333333332
England,1893.0,Trades / Professions,9.0,9.0,6.0,9.0,16.5,2.2738899196042053
England,1894.0,Army,8.0,7.0,6.0,9.0,12.5,1.9583333333333333
England,1894.0,Executive,8.0,8.0,7.0,8.0,12.0,2.164285714285714
England,1894.0,Merchants / Shopkeepers,9.0,9.0,6.0,9.0,16.5,2.2738899196042053
England,1894.0,Priesthood / Knowledge Workers,8.0,9.0,8.0,9.0,13.5,2.1878571428571427
England,1894.0,Proletariat,8.0,6.0,4.0,9.0,14.5,2.3999999999999995
England,1894.0,Property,6.0,6.0,2.0,6.0,13.0,2.0666666666666664
England,1894.0,StateMemory,9.0,10.0,7.0,10.0,17.0,2.3033333333333332
England,1894.0,Trades / Professions,9.0,9.0,6.0,9.0,16.5,2.2738899196042053
England,1895.0,Army,8.0,7.0,4.0,8.0,15.0,2.9613342213342206
England,1895.0,Executive,8.0,9.0,6.0,9.0,15.5,2.6126026354597784
England,1895.0,Merchants / Shopkeepers,9.0,9.0,5.0,9.0,17.5,2.892564578278864
England,1895.0,Priesthood / Knowledge Workers,8.0,9.0,7.0,9.0,14.5,2.4417791732077445
England,1895.0,Proletariat,8.0,6.0,4.0,9.0,14.5,3.0226506826506827
England,1895.0,Property,6.0,6.0,3.0,6.0,12.0,2.8756132756132757
England,1895.0,StateMemory,9.0,10.0,6.0,10.0,18.0,2.749199372056515
England,1895.0,Trades / Professions,9.0,9.0,5.0,9.0,17.5,2.892564578278864
England,1896.0,Army,8.0,7.0,4.0,8.0,15.0,2.9613342213342206
England,1896.0,Executive,8.0,9.0,6.0,9.0,15.5,2.6126026354597784
England,1896.0,Merchants / Shopkeepers,9.0,9.0,5.0,9.0,17.5,2.892564578278864
England,1896.0,Priesthood / Knowledge Workers,8.0,9.0,7.0,9.0,14.5,2.4417791732077445
England,1896.0,Proletariat,8.0,6.0,4.0,9.0,14.5,3.0226506826506827
England,1896.0,Property,6.0,6.0,3.0,6.0,12.0,2.8756132756132757
England,1896.0,StateMemory,9.0,10.0,6.0,10.0,18.0,2.749199372056515
England,1896.0,Trades / Professions,9.0,9.0,5.0,9.0,17.5,2.892564578278864
England,1897.0,Army,8.0,7.0,4.0,8.0,15.0,2.9613342213342206
England,1897.0,Executive,8.0,9.0,6.0,9.0,15.5,2.6126026354597784
England,1897.0,Merchants / Shopkeepers,9.0,9.0,5.0,9.0,17.5,2.892564578278864
England,1897.0,Priesthood / Knowledge Workers,8.0,9.0,7.0,9.0,14.5,2.4417791732077445
England,1897.0,Proletariat,8.0,6.0,4.0,9.0,14.5,3.0226506826506827
England,1897.0,Property,6.0,6.0,3.0,6.0,12.0,2.8756132756132757
England,1897.0,StateMemory,9.0,10.0,6.0,10.0,18.0,2.749199372056515
England,1897.0,Trades / Professions,9.0,9.0,5.0,9.0,17.5,2.892564578278864
England,1898.0,Army,8.0,7.0,4.0,8.0,15.0,2.9613342213342206
England,1898.0,Executive,8.0,9.0,6.0,9.0,15.5,2.6126026354597784
England,1898.0,Merchants / Shopkeepers,9.0,9.0,5.0,9.0,17.5,2.892564578278864
England,1898.0,Priesthood / Knowledge Workers,8.0,9.0,7.0,9.0,14.5,2.4417791732077445
England,1898.0,Proletariat,8.0,6.0,4.0,9.0,14.5,3.0226506826506827
England,1898.0,Property,6.0,6.0,3.0,6.0,12.0,2.8756132756132757
England,1898.0,StateMemory,9.0,10.0,6.0,10.0,18.0,2.749199372056515
England,1898.0,Trades / Professions,9.0,9.0,5.0,9.0,17.5,2.892564578278864
England,1899.0,Army,8.0,8.0,2.0,8.0,18.0,3.8005772005772007
England,1899.0,Executive,8.0,9.0,4.0,9.0,17.5,3.2583216783216784
England,1899.0,Merchants / Shopkeepers,9.0,9.0,5.0,9.0,17.5,3.093918779633065
England,1899.0,Priesthood / Knowledge Workers,8.0,9.0,7.0,9.0,14.5,2.580762095047809
England,1899.0,Proletariat,8.0,6.0,4.0,9.0,14.5,3.2583216783216784
England,1899.0,Property,6.0,6.0,3.0,6.0,12.0,3.125714285714286
England,1899.0,StateMemory,9.0,10.0,5.0,10.0,19.0,3.156512059369202
England,1899.0,Trades / Professions,9.0,9.0,5.0,9.0,17.5,3.093918779633065
England,1900.0,Army,8.0,8.0,2.0,8.0,18.0,3.8005772005772007
England,1900.0,Executive,8.0,9.0,4.0,9.0,17.5,3.2583216783216784
England,1900.0,Merchants / Shopkeepers,9.0,9.0,5.0,9.0,17.5,3.093918779633065
England,1900.0,Priesthood / Knowledge Workers,8.0,9.0,7.0,9.0,14.5,2.580762095047809
England,1900.0,Proletariat,8.0,6.0,4.0,9.0,14.5,3.2583216783216784
England,1900.0,Property,6.0,6.0,3.0,6.0,12.0,3.125714285714286
England,1900.0,StateMemory,9.0,10.0,5.0,10.0,19.0,3.156512059369202
England,1900.0,Trades / Professions,9.0,9.0,5.0,9.0,17.5,3.093918779633065
