Society,Year,sigma_fast_mean,sigma_slow_mean,delta_loop
Argentina,1950,59.1333,38.28,20.8533
Argentina,1951,59.1333,38.68,20.4533
Argentina,1952,9.6667,-8.2,17.8667
Argentina,1953,-4.6667,-6.144,1.4773
Argentina,1954,-4.3333,-2.624,-1.7093
Argentina,1955,-37.776,-36.4576,-1.3184
Argentina,1956,-33.3333,-22.4,-10.9333
Argentina,1957,-11.4987,0.0,-11.4987
Argentina,1958,0.0,0.0,0.0
Argentina,1959,-8.3333,-10.3712,2.0379
Argentina,1960,0.0,0.0,0.0
Argentina,1961,0.0,0.0,0.0
Argentina,1962,-45.5333,-39.28,-6.2533
Argentina,1963,-12.0,0.0,-12.0
Argentina,1964,0.0,0.0,0.0
Argentina,1965,0.0,0.0,0.0
Argentina,1966,-6.1093,-10.24,4.1307
Argentina,1967,2.3333,0.0,2.3333
Argentina,1968,-1.2,-9.392,8.192
Argentina,1969,-21.3333,-25.664,4.3307
Argentina,1970,-40.0,-37.52,-2.48
Argentina,1971,-45.0267,-40.7424,-4.2843
Argentina,1972,-46.4,-40.9472,-5.4528
Argentina,1973,-23.2667,0.0,-23.2667
Argentina,1974,-33.0667,-21.824,-11.2427
Argentina,1975,-42.2747,-43.44,1.1653
Argentina,1976,-27.0,-37.44,10.44
Argentina,1977,-16.6667,-31.04,14.3733
Argentina,1978,-8.0667,-26.68,18.6133
Argentina,1979,10.3333,-16.4,26.7333
Argentina,1980,11.0,-22.16,33.16
Argentina,1981,-18.8,-35.68,16.88
Argentina,1982,-42.8907,-39.24,-3.6507
Argentina,1983,-31.6,-19.7632,-11.8368
Argentina,1984,18.6667,14.4,4.2667
Argentina,1985,18.6667,8.3584,10.3083
Argentina,1986,22.9333,14.4,8.5333
Argentina,1987,-17.3333,-9.88,-7.4533
Argentina,1988,-30.4133,-23.6336,-6.7797
Argentina,1989,-32.36,-25.4,-6.96
Argentina,1990,-21.3333,-21.4,0.0667
Argentina,1991,8.3333,15.0,-6.6667
Argentina,1992,10.0,15.0,-5.0
Argentina,1993,10.8,41.4,-30.6
Argentina,1994,10.0,41.4,-31.4
Argentina,1995,12.0,38.4,-26.4
Argentina,1996,24.0,38.4,-14.4
Argentina,1997,32.3333,44.4,-12.0667
Argentina,1998,10.0,21.4,-11.4
Argentina,1999,-8.0,-8.6,0.6
Argentina,2000,-33.688,-27.184,-6.504
Argentina,2001,-33.6667,-26.48,-7.1867
Argentina,2002,-31.6667,-28.88,-2.7867
Argentina,2003,-19.0,-19.6,0.6
Argentina,2004,3.0,-3.2,6.2
Argentina,2005,10.0,13.0,-3.0
Argentina,2006,10.0,16.0,-6.0
Argentina,2007,18.0,34.0,-16.0
Argentina,2008,-5.0,-6.4,1.4
Argentina,2009,-8.3333,-6.4,-1.9333
Argentina,2010,8.3333,5.0,3.3333
Argentina,2011,8.3333,5.0,3.3333
Argentina,2012,-13.6667,-11.4,-2.2667
Argentina,2013,-23.2667,-18.4448,-4.8219
Argentina,2014,-25.6,-26.3248,0.7248
Argentina,2015,-13.3333,-11.52,-1.8133
Argentina,2016,-3.3333,-5.4016,2.0683
Argentina,2017,0.0,0.0,0.0
Argentina,2018,-25.6,-22.6,-3.0
Argentina,2019,-32.0,-31.08,-0.92
Argentina,2020,-21.3333,-24.28,2.9467
Argentina,2021,-21.3333,-26.16,4.8267
Argentina,2022,-31.6667,-46.2,14.5333
Argentina,2023,-35.2667,-36.4736,1.2069
Argentina,2024,-41.0,-44.4,3.4
Argentina,2025,-37.8,-41.1264,3.3264
Argentina,2026,-25.0,-35.488,10.488
Australia,1875,29.0667,46.5072,-17.4405
Australia,1876,29.0667,46.5072,-17.4405
Australia,1877,29.0667,46.5072,-17.4405
Australia,1878,29.0667,46.5072,-17.4405
Australia,1879,29.0667,46.5072,-17.4405
Australia,1880,29.0667,46.5072,-17.4405
Australia,1881,29.0667,46.5072,-17.4405
Australia,1882,29.0667,46.5072,-17.4405
Australia,1883,29.0667,46.5072,-17.4405
Australia,1884,29.0667,46.5072,-17.4405
Australia,1885,29.0667,55.2032,-26.1365
Australia,1886,29.0667,55.2032,-26.1365
Australia,1887,29.0667,76.3792,-47.3125
Australia,1888,29.0667,55.2032,-26.1365
Australia,1889,29.0667,55.2032,-26.1365
Australia,1890,-7.68,-43.408,35.728
Australia,1891,-13.0133,-33.968,20.9547
Australia,1892,-7.68,-39.008,31.328
Australia,1893,-7.68,-42.288,34.608
Australia,1894,27.4,23.488,3.912
Australia,1895,27.4,23.488,3.912
Australia,1896,27.4,23.488,3.912
Australia,1897,39.28,23.488,15.792
Australia,1898,39.28,23.488,15.792
Australia,1899,31.0667,23.488,7.5787
Australia,1900,51.28,23.488,27.792
Australia,1901,77.68,58.824,18.856
Australia,1902,72.0133,69.248,2.7653
Australia,1903,72.0133,69.248,2.7653
Australia,1904,72.0133,69.248,2.7653
Australia,1905,72.0133,69.248,2.7653
Australia,1906,72.0133,69.248,2.7653
Australia,1907,72.0133,69.248,2.7653
Australia,1908,72.0133,69.248,2.7653
Australia,1909,72.0133,69.248,2.7653
Australia,1910,72.0133,69.248,2.7653
Australia,1911,72.0133,69.248,2.7653
Australia,1912,72.0133,69.248,2.7653
Australia,1913,72.0133,69.248,2.7653
Australia,1914,-6.6,6.48,-13.08
Australia,1915,-6.6,6.48,-13.08
Australia,1916,-23.2667,-2.72,-20.5467
Australia,1917,-23.2667,-2.72,-20.5467
Australia,1918,-6.6,6.48,-13.08
Australia,1919,8.4,10.488,-2.088
Australia,1920,2.4,9.288,-6.888
Australia,1921,19.0667,19.688,-0.6213
Australia,1922,19.0667,19.688,-0.6213
Australia,1923,19.0667,19.688,-0.6213
Australia,1924,19.0667,19.688,-0.6213
Australia,1925,19.0667,19.688,-0.6213
Australia,1926,19.0667,19.688,-0.6213
Australia,1927,19.0667,19.688,-0.6213
Australia,1928,10.7333,16.488,-5.7547
Australia,1929,-36.88,-54.176,17.296
Australia,1930,-36.88,-53.816,16.936
Australia,1931,-31.44,-44.8304,13.3904
Australia,1932,-32.08,-50.5904,18.5104
Australia,1933,-32.08,-40.1664,8.0864
Australia,1934,10.4,5.688,4.712
Australia,1935,10.4,5.688,4.712
Australia,1936,10.4,5.688,4.712
Australia,1937,10.4,5.688,4.712
Australia,1938,10.4,5.688,4.712
Australia,1939,-8.2667,15.68,-23.9467
Australia,1940,-8.2667,15.68,-23.9467
Australia,1941,-8.2667,15.68,-23.9467
Australia,1942,-11.6,16.28,-27.88
Australia,1943,-6.6,16.28,-22.88
Australia,1944,125.28,79.384,45.896
Australia,1945,125.28,79.384,45.896
Australia,1946,61.68,70.784,-9.104
Australia,1947,49.68,70.784,-21.104
Australia,1948,49.68,65.584,-15.904
Australia,1949,49.68,64.784,-15.104
Australia,1950,85.68,132.784,-47.104
Australia,1951,63.68,132.784,-69.104
Australia,1952,75.68,132.784,-57.104
Australia,1953,85.68,132.784,-47.104
Australia,1954,95.68,132.784,-37.104
Australia,1955,95.68,132.784,-37.104
Australia,1956,95.68,132.784,-37.104
Australia,1957,95.68,132.784,-37.104
Australia,1958,95.68,132.784,-37.104
Australia,1959,95.68,132.784,-37.104
Australia,1960,95.68,112.104,-16.424
Australia,1961,95.68,91.424,4.256
Australia,1962,95.68,132.784,-37.104
Australia,1963,95.68,132.784,-37.104
Australia,1964,95.68,132.784,-37.104
Australia,1965,95.68,132.784,-37.104
Australia,1966,-0.2667,38.808,-39.0747
Australia,1967,16.4,38.808,-22.408
Australia,1968,16.4,38.808,-22.408
Australia,1969,8.0667,33.608,-25.5413
Australia,1970,8.0667,33.608,-25.5413
Australia,1971,8.0667,38.808,-30.7413
Australia,1972,56.0133,31.512,24.5013
Australia,1973,72.3467,46.352,25.9947
Australia,1974,15.68,0.256,15.424
Australia,1975,15.68,4.256,11.424
Australia,1976,28.7333,10.48,18.2533
Australia,1977,10.4,10.48,-0.08
Australia,1978,10.4,10.48,-0.08
Australia,1979,10.4,5.28,5.12
Australia,1980,10.4,10.48,-0.08
Australia,1981,10.4,10.48,-0.08
Australia,1982,10.4,-7.52,17.92
Australia,1983,160.7467,144.6976,16.0491
Australia,1984,115.9467,155.7856,-39.8389
Australia,1985,115.9467,113.8816,2.0651
Australia,1986,115.9467,113.8816,2.0651
Australia,1987,115.9467,77.6896,38.2571
Australia,1988,115.9467,131.9776,-16.0309
Australia,1989,115.9467,97.4256,18.5211
Australia,1990,-13.9333,-63.04,49.1067
Australia,1991,-13.9333,-63.04,49.1067
Australia,1992,-13.9333,-39.84,25.9067
Australia,1993,49.6133,27.744,21.8693
Australia,1994,49.6133,61.072,-11.4587
Australia,1995,49.6133,27.744,21.8693
Australia,1996,53.68,77.984,-24.304
Australia,1997,51.68,77.984,-26.304
Australia,1998,39.68,60.624,-20.944
Australia,1999,55.3467,77.984,-22.6373
Australia,2000,72.3467,119.2,-46.8533
Australia,2001,31.3467,77.984,-46.6373
Australia,2002,12.0667,75.0592,-62.9925
Australia,2003,3.7333,64.6592,-60.9259
Australia,2004,12.0667,75.0592,-62.9925
Australia,2005,12.0667,65.0592,-52.9925
Australia,2006,2.0667,65.0592,-62.9925
Australia,2007,30.0667,90.8352,-60.7685
Australia,2008,-6.2667,-9.84,3.5733
Australia,2009,-6.2667,36.08,-42.3467
Australia,2010,-9.6,31.2,-40.8
Australia,2011,-9.6,20.8,-30.4
Australia,2012,-14.6,31.2,-45.8
Australia,2013,-14.6,31.2,-45.8
Australia,2014,-16.2,-1.392,-14.808
Australia,2015,-9.2,9.008,-18.208
Australia,2016,-16.2,9.008,-25.208
Australia,2017,-18.5333,9.008,-27.5413
Australia,2018,-12.9333,9.008,-21.9413
Australia,2019,-23.2667,-28.968,5.7013
Australia,2020,-19.9333,-69.968,50.0347
Australia,2021,-19.9333,-24.648,4.7147
Australia,2022,1.7333,-20.648,22.3813
Australia,2023,39.28,-10.872,50.152
Australia,2024,27.28,-0.472,27.752
Australia,2025,41.28,26.848,14.432
Australia,2026,41.28,11.968,29.312
Canada,1850,-12.7333,6.936,-19.6693
Canada,1860,-20.2667,19.664,-39.9307
Canada,1867,32.8,35.8,-3.0
Canada,1870,-15.9333,5.92,-21.8533
Canada,1880,51.5467,54.0,-2.4533
Canada,1885,-9.8667,34.56,-44.4267
Canada,1900,118.0,116.4,1.6
Canada,1910,93.4667,140.72,-47.2533
Canada,1914,-10.0,4.0,-14.0
Canada,1918,-19.6,-21.16,1.56
Canada,1921,20.0,18.4,1.6
Canada,1929,40.6667,46.16,-5.4933
Canada,1933,-53.2133,-56.8896,3.6763
Canada,1939,-11.3333,0.8,-12.1333
Canada,1945,111.6667,117.0,-5.3333
Canada,1950,115.3333,158.0,-42.6667
Canada,1960,107.2667,152.0,-44.7333
Canada,1967,208.0,234.8,-26.8
Canada,1970,8.0,88.04,-80.04
Canada,1975,18.6667,6.152,12.5147
Canada,1980,-1.6667,-7.8,6.1333
Canada,1982,45.6667,14.4,31.2667
Canada,1988,76.6667,123.2,-46.5333
Canada,1993,26.3333,18.56,7.7733
Canada,1995,-22.7867,-5.28,-17.5067
Canada,2000,150.3333,174.4,-24.0667
Canada,2006,83.0,129.2,-46.2
Canada,2008,0.7333,-19.84,20.5733
Canada,2010,93.0,94.2,-1.2
Canada,2015,129.0,145.4,-16.4
Canada,2019,26.0,38.0,-12.0
Canada,2022,-19.8533,-27.04,7.1867
Canada,2026,-19.8533,-38.44,18.5867
Chile,1875,56.08,61.5296,-5.4496
Chile,1876,56.6907,63.032,-6.3413
Chile,1877,54.0267,58.096,-4.0693
Chile,1878,42.6773,53.904,-11.2267
Chile,1879,20.7333,32.5936,-11.8603
Chile,1880,62.0,33.256,28.744
Chile,1881,66.2133,40.784,25.4293
Chile,1882,95.248,55.992,39.256
Chile,1883,130.5333,86.928,43.6053
Chile,1884,125.8667,103.368,22.4987
Chile,1885,140.2,99.456,40.744
Chile,1886,133.3227,110.184,23.1387
Chile,1887,132.0,109.672,22.328
Chile,1888,120.176,103.032,17.144
Chile,1889,92.6667,101.36,-8.6933
Chile,1890,47.4133,57.304,-9.8907
Chile,1891,-33.5787,-38.3424,4.7637
Chile,1892,32.0,56.3936,-24.3936
Chile,1893,54.9333,77.2496,-22.3163
Chile,1894,55.3333,92.9792,-37.6459
Chile,1895,54.12,91.8976,-37.7776
Chile,1896,56.6667,93.36,-36.6933
Chile,1897,54.4,88.4864,-34.0864
Chile,1898,57.0667,91.784,-34.7173
Chile,1899,59.872,92.16,-32.288
Chile,1900,65.52,82.7728,-17.2528
Chile,1901,71.4587,83.3104,-11.8517
Chile,1902,72.2667,85.2288,-12.9621
Chile,1903,65.12,81.9136,-16.7936
Chile,1904,76.56,82.624,-6.064
Chile,1905,55.76,80.312,-24.552
Chile,1906,56.6987,87.4752,-30.7765
Chile,1907,19.4933,28.448,-8.9547
Chile,1908,49.12,86.5136,-37.3936
Chile,1909,59.84,84.112,-24.272
Chile,1910,70.848,83.384,-12.536
Chile,1911,72.2533,78.0,-5.7467
Chile,1912,66.8,85.5392,-18.7392
Chile,1913,69.4853,84.1584,-14.6731
Chile,1914,67.312,41.1168,26.1952
Chile,1915,75.7333,32.856,42.8773
Chile,1916,76.08,37.5456,38.5344
Chile,1917,64.6533,27.784,36.8693
Chile,1918,58.096,16.8,41.296
Chile,1919,36.32,2.5024,33.8176
Chile,1920,36.0,2.128,33.872
Chile,1921,39.4,8.5056,30.8944
Chile,1922,24.0533,1.592,22.4613
Chile,1923,16.3227,-1.6288,17.9515
Chile,1924,-20.6933,-13.8704,-6.8229
Chile,1925,7.3333,15.328,-7.9947
Chile,1926,27.6,26.0528,1.5472
Chile,1927,24.6,18.5536,6.0464
Chile,1928,67.9333,29.552,38.3813
Chile,1929,81.8267,54.1536,27.6731
Chile,1930,15.648,-22.536,38.184
Chile,1931,-33.152,-54.5952,21.4432
Chile,1932,-45.36,-51.216,5.856
Chile,1933,23.6,-2.9824,26.5824
Chile,1934,19.4587,4.0784,15.3803
Chile,1935,55.8,31.808,23.992
Chile,1936,51.744,33.1728,18.5712
Chile,1937,66.6667,53.224,13.4427
Chile,1938,77.92,41.2,36.72
Chile,1939,68.48,46.8,21.68
Chile,1940,89.2,55.944,33.256
Chile,1941,91.1547,57.32,33.8347
Chile,1942,81.8373,62.064,19.7733
Chile,1943,89.6,60.0,29.6
Chile,1944,80.88,64.152,16.728
Chile,1945,86.4,71.4976,14.9024
Chile,1946,80.72,61.7696,18.9504
Chile,1947,81.5893,47.6,33.9893
Chile,1948,51.5333,31.496,20.0373
Chile,1949,67.136,32.016,35.12
Chile,1950,92.3707,47.568,44.8027
Chile,1951,86.8507,50.0176,36.8331
Chile,1952,66.0667,49.688,16.3787
Chile,1953,39.6667,14.1504,25.5163
Chile,1954,44.8533,12.4064,32.4469
Chile,1955,43.6,7.52,36.08
Chile,1956,45.1627,5.4144,39.7483
Chile,1957,47.7467,13.1232,34.6235
Chile,1958,65.9973,29.04,36.9573
Chile,1959,86.4,68.216,18.184
Chile,1960,65.44,70.04,-4.6
Chile,1961,87.632,66.2,21.432
Chile,1962,90.4,64.4752,25.9248
Chile,1963,97.64,73.5584,24.0816
Chile,1964,106.5333,81.664,24.8693
Chile,1965,122.8267,74.088,48.7387
Chile,1966,123.0533,68.7424,54.3109
Chile,1967,109.808,70.272,39.536
Chile,1968,90.5333,50.8016,39.7317
Chile,1969,82.96,50.208,32.752
Chile,1970,39.1307,12.9488,26.1819
Chile,1971,50.3333,2.904,47.4293
Chile,1972,-30.1467,-59.7408,29.5941
Chile,1973,-58.24,-52.1488,-6.0912
Chile,1974,-20.2107,-26.5472,6.3365
Chile,1975,3.4693,-30.624,34.0933
Chile,1976,30.3653,1.384,28.9813
Chile,1977,33.4,8.04,25.36
Chile,1978,50.2133,23.9328,26.2805
Chile,1979,66.0133,67.9264,-1.9131
Chile,1980,82.4533,76.368,6.0853
Chile,1981,82.096,62.8256,19.2704
Chile,1982,4.9333,-51.808,56.7413
Chile,1983,-9.6,-43.7952,34.1952
Chile,1984,15.4133,-21.3664,36.7797
Chile,1985,22.6773,7.904,14.7733
Chile,1986,12.824,4.24,8.584
Chile,1987,35.584,31.568,4.016
Chile,1988,43.6507,53.7648,-10.1141
Chile,1989,85.44,110.2176,-24.7776
Chile,1990,110.96,124.192,-13.232
Chile,1991,159.8267,136.24,23.5867
Chile,1992,164.5333,140.6128,23.9205
Chile,1993,166.88,143.3824,23.4976
Chile,1994,153.5333,141.72,11.8133
Chile,1995,156.6827,143.872,12.8107
Chile,1996,162.08,147.6,14.48
Chile,1997,158.8,143.984,14.816
Chile,1998,146.4133,108.528,37.8853
Chile,1999,146.2667,111.648,34.6187
Chile,2000,167.3733,147.56,19.8133
Chile,2001,162.32,148.232,14.088
Chile,2002,179.6267,152.696,26.9307
Chile,2003,180.6107,161.52,19.0907
Chile,2004,173.4933,172.824,0.6693
Chile,2005,167.36,162.272,5.088
Chile,2006,153.88,147.752,6.128
Chile,2007,167.9333,163.7536,4.1797
Chile,2008,133.84,118.1744,15.6656
Chile,2009,142.3333,104.944,37.3893
Chile,2010,85.7867,96.192,-10.4053
Chile,2011,112.6133,94.992,17.6213
Chile,2012,134.16,132.616,1.544
Chile,2013,136.624,140.64,-4.016
Chile,2014,153.7493,126.016,27.7333
Chile,2015,120.48,103.992,16.488
Chile,2016,112.76,90.24,22.52
Chile,2017,119.04,115.8656,3.1744
Chile,2018,135.5733,140.88,-5.3067
Chile,2019,-5.56,-2.3264,-3.2336
Chile,2020,23.9173,3.928,19.9893
Chile,2021,59.76,41.4384,18.3216
Chile,2022,35.088,26.168,8.92
Chile,2023,32.0,37.6224,-5.6224
Chile,2024,56.5333,82.784,-26.2507
Chile,2025,86.24,85.8928,0.3472
Chile,2026,80.4,93.9136,-13.5136
China,1800,87.6613,65.8688,21.7925
China,1801,54.5067,53.968,0.5387
China,1802,61.608,74.072,-12.464
China,1803,94.208,60.216,33.992
China,1804,79.392,63.32,16.072
China,1805,69.568,67.0912,2.4768
China,1806,62.88,62.1648,0.7152
China,1807,72.7893,72.9664,-0.1771
China,1808,70.864,62.3616,8.5024
China,1809,66.6267,63.928,2.6987
China,1810,60.0533,60.76,-0.7067
China,1811,29.76,55.8608,-26.1008
China,1812,35.08,47.9584,-12.8784
China,1813,45.5893,54.9904,-9.4011
China,1814,35.8827,55.3696,-19.4869
China,1815,34.0053,54.6432,-20.6379
China,1816,25.9627,52.9456,-26.9829
China,1817,30.208,49.9392,-19.7312
China,1818,40.0027,46.8064,-6.8037
China,1819,32.48,55.2912,-22.8112
China,1820,49.7227,62.3664,-12.6437
China,1821,27.2053,54.7392,-27.5339
China,1822,46.7573,47.9104,-1.1531
China,1823,28.36,51.328,-22.968
China,1824,40.5787,60.9552,-20.3765
China,1825,33.5627,54.5616,-20.9989
China,1826,34.2,52.4752,-18.2752
China,1827,26.24,41.5568,-15.3168
China,1828,31.3467,54.824,-23.4773
China,1829,23.6053,43.2896,-19.6843
China,1830,10.464,30.8192,-20.3552
China,1831,20.192,21.6032,-1.4112
China,1832,8.96,23.5392,-14.5792
China,1833,15.0533,21.8448,-6.7915
China,1834,11.9627,32.1904,-20.2277
China,1835,12.24,27.8192,-15.5792
China,1836,11.664,19.1168,-7.4528
China,1837,21.72,21.88,-0.16
China,1838,12.2293,26.4992,-14.2699
China,1839,-29.056,-23.536,-5.52
China,1840,-26.408,-23.8704,-2.5376
China,1841,-8.512,-2.8288,-5.6832
China,1842,-2.632,-9.8992,7.2672
China,1843,-8.656,0.8288,-9.4848
China,1844,-0.9253,2.5984,-3.5237
China,1845,-27.0667,-37.8624,10.7957
China,1846,-17.3413,-37.4752,20.1339
China,1847,-54.272,-34.392,-19.88
China,1848,-48.736,-45.696,-3.04
China,1849,-45.864,-39.0912,-6.7728
China,1850,-50.8373,-51.5552,0.7179
China,1851,-69.3733,-45.7504,-23.6229
China,1852,-75.584,-56.736,-18.848
China,1853,-45.984,-70.5264,24.5424
China,1854,-59.7333,-47.3008,-12.4325
China,1855,-58.1867,-65.16,6.9733
China,1856,-58.736,-67.3152,8.5792
China,1857,-71.4027,-59.2656,-12.1371
China,1858,-59.44,-45.3728,-14.0672
China,1859,-58.9547,-46.1952,-12.7595
China,1860,-58.396,-59.3288,0.9328
China,1861,-72.184,-70.2928,-1.8912
China,1862,-77.36,-66.0352,-11.3248
China,1863,-53.5467,-68.4464,14.8997
China,1864,-53.2,-64.1408,10.9408
China,1865,-8.9573,-1.3712,-7.5861
China,1866,-2.392,8.9536,-11.3456
China,1867,-5.8133,8.3888,-14.2021
China,1868,-2.5813,2.0688,-4.6501
China,1869,-0.8267,2.7296,-3.5563
China,1870,-11.1227,-2.9592,-8.1635
China,1871,8.616,8.9408,-0.3248
China,1872,-8.1787,5.6,-13.7787
China,1873,9.648,13.6304,-3.9824
China,1874,4.7333,11.8112,-7.0779
China,1875,20.1973,6.4288,13.7685
China,1876,20.08,11.1568,8.9232
China,1877,9.072,10.0,-0.928
China,1878,9.32,16.0832,-6.7632
China,1879,12.736,9.2048,3.5312
China,1880,-9.6667,-3.48,-6.1867
China,1881,-9.4613,11.0944,-20.5557
China,1882,-23.536,-7.4416,-16.0944
China,1883,-34.0213,-22.0624,-11.9589
China,1884,-41.176,-17.5072,-23.6688
China,1885,-20.1653,-5.1408,-15.0245
China,1886,-9.008,11.7472,-20.7552
China,1887,4.0133,11.664,-7.6507
China,1888,-15.848,6.576,-22.424
China,1889,-27.808,-6.2656,-21.5424
China,1890,-34.608,-21.3536,-13.2544
China,1891,-50.8,-25.6672,-25.1328
China,1892,-50.88,-22.6928,-28.1872
China,1893,-63.184,-44.9024,-18.2816
China,1894,-64.0613,-41.048,-23.0133
China,1895,-64.5893,-37.6912,-26.8981
China,1896,-64.5093,-36.7808,-27.7285
China,1897,-48.1547,-23.5376,-24.6171
China,1898,-56.5013,-56.4128,-0.0885
China,1899,-102.2853,-42.7696,-59.5157
China,1900,-55.5907,-59.6408,4.0501
China,1901,-71.456,-61.4624,-9.9936
China,1902,-79.0213,-45.1264,-33.8949
China,1903,-72.8933,-53.4432,-19.4501
China,1904,-70.8107,-25.0848,-45.7259
China,1905,-63.696,-14.9968,-48.6992
China,1906,-64.28,-13.2528,-51.0272
China,1907,-52.0,-7.9232,-44.0768
China,1908,-47.848,-32.8176,-15.0304
China,1909,-70.1867,-34.472,-35.7147
China,1910,-71.2147,-37.372,-33.8427
China,1911,-70.3893,-35.384,-35.0053
China,1912,-89.5467,-58.8528,-30.6939
China,1913,-85.984,-48.5616,-37.4224
China,1914,-23.3413,-21.0624,-2.2789
China,1915,-41.1067,-20.2128,-20.8939
China,1916,-69.9947,-25.1856,-44.8091
China,1917,-50.2427,-31.2592,-18.9835
China,1918,-48.6827,-42.432,-6.2507
China,1919,-61.5547,-36.6992,-24.8555
China,1920,-70.1253,-37.0808,-33.0445
China,1921,-55.576,-33.7184,-21.8576
China,1922,-56.1253,-32.1536,-23.9717
China,1923,-52.976,-34.6976,-18.2784
China,1924,-65.0933,-31.0304,-34.0629
China,1925,-66.3893,-26.1344,-40.2549
China,1926,-56.56,-34.8448,-21.7152
China,1927,-57.3707,-28.864,-28.5067
China,1928,-17.6667,2.224,-19.8907
China,1929,-20.384,-8.024,-12.36
China,1930,-56.2773,-26.9408,-29.3365
China,1931,-46.816,-13.2608,-33.5552
China,1932,-52.944,-17.9696,-34.9744
China,1933,-42.0853,-11.7536,-30.3317
China,1934,-11.0213,6.4512,-17.4725
China,1935,-12.9387,-6.4768,-6.4619
China,1936,-105.7547,-46.8992,-58.8555
China,1937,-125.5893,-66.1168,-59.4725
China,1938,-103.152,-71.0224,-32.1296
China,1939,-132.4053,-65.8032,-66.6021
China,1940,-82.1933,-70.2616,-11.9317
China,1941,-95.976,-60.9984,-34.9776
China,1942,-139.008,-58.3264,-80.6816
China,1943,-100.4533,-93.6864,-6.7669
China,1944,-92.424,-69.4912,-22.9328
China,1945,-76.768,-70.9792,-5.7888
China,1946,-72.2027,-66.28,-5.9227
China,1947,-75.7947,-67.7776,-8.0171
China,1948,-66.7307,-58.9872,-7.7435
China,1949,9.92,-31.192,41.112
China,1950,10.564,-27.7552,38.3192
China,1951,56.7467,-7.3968,64.1435
China,1952,88.0987,58.9504,29.1483
China,1953,139.2533,107.76,31.4933
China,1954,150.12,95.9728,54.1472
China,1955,138.144,72.4016,65.7424
China,1956,107.9973,56.3392,51.6581
China,1957,124.104,59.888,64.216
China,1958,-26.2827,-110.2672,83.9845
China,1959,-43.792,-82.8032,39.0112
China,1960,-80.848,-93.0976,12.2496
China,1961,-8.432,-71.5104,63.0784
China,1962,8.576,-67.4432,76.0192
China,1963,57.3013,15.2448,42.0565
China,1964,88.4293,7.1744,81.2549
China,1965,118.9867,17.7984,101.1883
China,1966,-65.784,-71.4624,5.6784
China,1967,-64.0693,-79.0848,15.0155
China,1968,-63.8507,-58.8512,-4.9995
China,1969,-46.032,-66.7888,20.7568
China,1970,-50.7013,-61.848,11.1467
China,1971,-28.6053,-50.3792,21.7739
China,1972,-10.272,-51.0624,40.7904
China,1973,-61.8027,-60.4928,-1.3099
China,1974,-53.2133,-50.5264,-2.6869
China,1975,-79.5307,-57.92,-21.6107
China,1976,-57.024,-60.2624,3.2384
China,1977,-37.312,-46.3872,9.0752
China,1978,36.3867,-11.7088,48.0955
China,1979,54.2053,50.4096,3.7957
China,1980,68.9533,66.6,2.3533
China,1981,90.9067,111.552,-20.6453
China,1982,96.832,111.5728,-14.7408
China,1983,132.2907,129.9808,2.3099
China,1984,132.4133,116.3888,16.0245
China,1985,130.256,122.9328,7.3232
China,1986,79.5707,77.6464,1.9243
China,1987,41.7013,12.888,28.8133
China,1988,32.7547,-6.424,39.1787
China,1989,-30.2667,-60.8208,30.5541
China,1990,30.632,11.2616,19.3704
China,1991,163.8747,112.9984,50.8763
China,1992,171.2107,146.3424,24.8683
China,1993,166.7627,164.8352,1.9275
China,1994,174.112,175.3472,-1.2352
China,1995,157.7147,162.5776,-4.8629
China,1996,165.2,110.9728,54.2272
China,1997,178.656,102.528,76.128
China,1998,176.128,114.0704,62.0576
China,1999,171.5627,91.44,80.1227
China,2000,157.4933,152.376,5.1173
China,2001,195.4827,171.3728,24.1099
China,2002,210.56,178.4208,32.1392
China,2003,202.2773,187.9072,14.3701
China,2004,193.8267,154.7936,39.0331
China,2005,199.472,165.2416,34.2304
China,2006,191.7387,170.4768,21.2619
China,2007,175.7333,135.744,39.9893
China,2008,210.848,135.8176,75.0304
China,2009,175.5467,149.7328,25.8139
China,2010,160.544,139.7344,20.8096
China,2011,159.92,143.2224,16.6976
China,2012,164.1813,150.6576,13.5237
China,2013,237.5253,162.264,75.2613
China,2014,223.5413,171.1472,52.3941
China,2015,231.344,159.2992,72.0448
China,2016,267.5787,140.672,126.9067
China,2017,249.92,147.2672,102.6528
China,2018,253.8053,169.4288,84.3765
China,2019,212.0,127.6368,84.3632
China,2020,50.2053,-2.3056,52.5109
China,2021,172.9067,101.1792,71.7275
China,2022,199.408,124.456,74.952
China,2023,187.6427,129.152,58.4907
China,2024,152.96,136.328,16.632
China,2025,189.7067,129.1984,60.5083
China,2026,32.6667,-4.2,36.8667
France,1850,-9.8133,19.68,-29.4933
France,1851,17.1733,57.216,-40.0427
France,1852,107.4267,107.616,-0.1893
France,1853,107.4267,107.616,-0.1893
France,1854,107.4267,107.616,-0.1893
France,1855,107.4267,107.616,-0.1893
France,1856,97.6267,116.112,-18.4853
France,1857,98.0933,148.096,-50.0027
France,1858,98.0933,148.096,-50.0027
France,1859,98.0933,148.096,-50.0027
France,1860,98.0933,148.096,-50.0027
France,1861,98.0933,148.096,-50.0027
France,1862,98.0933,148.096,-50.0027
France,1863,98.0933,148.096,-50.0027
France,1864,98.0933,148.096,-50.0027
France,1865,51.68,101.976,-50.296
France,1866,51.68,101.976,-50.296
France,1867,51.68,101.976,-50.296
France,1868,51.68,101.976,-50.296
France,1869,51.68,101.976,-50.296
France,1870,-37.5467,-16.856,-20.6907
France,1871,-38.6667,-55.704,17.0373
France,1872,-42.56,-48.032,5.472
France,1873,-51.36,-41.632,-9.728
France,1874,-39.4133,-25.72,-13.6933
France,1875,-9.5467,6.064,-15.6107
France,1876,-1.1733,15.96,-17.1333
France,1877,-1.1733,15.96,-17.1333
France,1878,5.76,25.984,-20.224
France,1879,5.76,25.984,-20.224
France,1880,28.8,60.864,-32.064
France,1881,63.2667,81.792,-18.5253
France,1882,63.2667,81.792,-18.5253
France,1883,73.6,104.976,-31.376
France,1884,73.6,104.976,-31.376
France,1885,80.0667,115.0288,-34.9621
France,1886,80.0667,115.0288,-34.9621
France,1887,80.0667,115.0288,-34.9621
France,1888,80.0667,115.0288,-34.9621
France,1889,59.7333,104.9488,-45.2155
France,1890,59.7333,104.9488,-45.2155
France,1891,59.7333,104.9488,-45.2155
France,1892,55.9867,124.1568,-68.1701
France,1893,49.36,116.4752,-67.1152
France,1894,49.36,116.4752,-67.1152
France,1895,26.6267,106.3952,-79.7685
France,1896,26.6267,106.3952,-79.7685
France,1897,26.6267,106.3952,-79.7685
France,1898,26.6267,106.3952,-79.7685
France,1899,26.6267,106.3952,-79.7685
France,1900,47.76,120.1248,-72.3648
France,1901,71.12,124.1568,-53.0368
France,1902,84.48,137.4336,-52.9536
France,1903,126.24,202.5888,-76.3488
France,1904,153.76,207.1808,-53.4208
France,1905,183.7733,214.0688,-30.2955
France,1906,183.7733,214.0688,-30.2955
France,1907,183.7733,214.0688,-30.2955
France,1908,183.7733,214.0688,-30.2955
France,1909,183.7733,214.0688,-30.2955
France,1910,153.44,247.1488,-93.7088
France,1911,153.44,247.1488,-93.7088
France,1912,153.44,247.1488,-93.7088
France,1913,153.44,247.1488,-93.7088
France,1914,-7.04,-14.528,7.488
France,1915,-39.2,-30.752,-8.448
France,1916,-53.5333,-43.904,-9.6293
France,1917,-55.0667,-49.064,-6.0027
France,1918,-55.8667,-54.104,-1.7627
France,1919,-30.9333,-48.912,17.9787
France,1920,-30.9333,-46.512,15.5787
France,1921,-12.2667,-33.872,21.6053
France,1922,20.48,1.288,19.192
France,1923,42.88,18.808,24.072
France,1924,42.88,22.808,20.072
France,1925,42.88,22.808,20.072
France,1926,56.64,41.936,14.704
France,1927,120.2133,112.224,7.9893
France,1928,120.2133,119.424,0.7893
France,1929,104.16,100.176,3.984
France,1930,84.7467,65.952,18.7947
France,1931,19.36,24.192,-4.832
France,1932,6.72,-7.808,14.528
France,1933,-33.2,-30.608,-2.592
France,1934,-28.8667,-37.104,8.2373
France,1935,-28.8667,-37.104,8.2373
France,1936,-50.5333,-40.208,-10.3253
France,1937,-50.5333,-40.208,-10.3253
France,1938,-44.8,-25.248,-19.552
France,1939,-33.8667,-13.712,-20.1547
France,1940,-23.6,-42.88,19.28
France,1941,-29.12,-32.1344,3.0144
France,1942,-34.9867,-31.152,-3.8347
France,1943,-45.6,-27.5328,-18.0672
France,1944,-48.32,-41.2144,-7.1056
France,1945,-39.84,-40.128,0.288
France,1946,-33.44,-33.728,0.288
France,1947,-31.3067,-14.4,-16.9067
France,1948,-6.5333,0.544,-7.0773
France,1949,1.1333,39.792,-38.6587
France,1950,21.4667,76.2304,-54.7637
France,1951,21.4667,76.2304,-54.7637
France,1952,21.4667,76.2304,-54.7637
France,1953,31.3333,177.2944,-145.9611
France,1954,31.3333,177.2944,-145.9611
France,1955,31.3333,177.2944,-145.9611
France,1956,31.3333,177.2944,-145.9611
France,1957,-12.44,114.6752,-127.1152
France,1958,-9.3653,114.6752,-124.0405
France,1959,26.4267,123.6208,-97.1941
France,1960,61.36,140.9008,-79.5408
France,1961,126.72,242.0928,-115.3728
France,1962,183.12,265.0128,-81.8928
France,1963,244.0933,265.0128,-20.9195
France,1964,183.12,217.4528,-34.3328
France,1965,110.32,158.4848,-48.1648
France,1966,61.36,88.4448,-27.0848
France,1967,10.96,45.1968,-34.2368
France,1968,-26.832,11.2992,-38.1312
France,1969,50.24,88.7744,-38.5344
France,1970,168.4667,186.5664,-18.0997
France,1971,168.4667,186.5664,-18.0997
France,1972,168.4667,149.3184,19.1483
France,1973,119.0,115.0064,3.9936
France,1974,119.0,84.1984,34.8016
France,1975,99.2133,65.376,33.8373
France,1976,99.2133,65.376,33.8373
France,1977,99.2133,65.376,33.8373
France,1978,115.5467,65.184,50.3627
France,1979,131.88,79.584,52.296
France,1980,131.88,79.584,52.296
France,1981,131.88,79.584,52.296
France,1982,141.7733,91.3728,50.4005
France,1983,141.7733,91.3728,50.4005
France,1984,141.7733,91.3728,50.4005
France,1985,158.5733,141.8208,16.7525
France,1986,158.5733,141.8208,16.7525
France,1987,158.5733,141.8208,16.7525
France,1988,158.5733,141.8208,16.7525
France,1989,158.5733,141.8208,16.7525
France,1990,164.1733,161.4048,2.7685
France,1991,164.1733,163.7088,0.4645
France,1992,164.1733,163.7088,0.4645
France,1993,164.1733,163.7088,0.4645
France,1994,125.44,98.2128,27.2272
France,1995,114.9867,89.4272,25.5595
France,1996,125.44,98.2128,27.2272
France,1997,125.44,111.6128,13.8272
France,1998,158.5733,151.9008,6.6725
France,1999,158.5733,167.7008,-9.1275
France,2000,158.5733,167.7008,-9.1275
France,2001,116.76,144.712,-27.952
France,2002,77.1867,135.28,-58.0933
France,2003,86.9867,144.712,-57.7253
France,2004,86.9867,144.712,-57.7253
France,2005,105.6533,85.832,19.8213
France,2006,105.6533,85.832,19.8213
France,2007,105.6533,85.832,19.8213
France,2008,70.9333,10.048,60.8853
France,2009,68.1333,-22.536,90.6693
France,2010,68.1333,-16.536,84.6693
France,2011,54.1333,-10.672,64.8053
France,2012,54.1333,-2.272,56.4053
France,2013,37.8,-2.272,40.072
France,2014,6.4,9.872,-3.472
France,2015,-5.6,9.872,-15.472
France,2016,42.88,30.568,12.312
France,2017,60.5333,56.088,4.4453
France,2018,-5.6533,14.928,-20.5813
France,2019,-35.36,-2.072,-33.288
France,2020,-70.2133,-71.984,1.7707
France,2021,-30.1467,-26.904,-3.2427
France,2022,-30.1467,-26.352,-3.7947
France,2023,-18.3867,-11.408,-6.9787
France,2024,0.6533,19.528,-18.8747
France,2025,-9.6267,17.072,-26.6987
France,2026,-7.6,13.296,-20.896
Germany,1880,158.416,148.216,10.2
Germany,1881,144.896,144.976,-0.08
Germany,1882,155.1467,145.568,9.5787
Germany,1883,172.8,146.0944,26.7056
Germany,1884,164.8053,145.1904,19.6149
Germany,1885,166.12,155.808,10.312
Germany,1886,164.3947,140.992,23.4027
Germany,1887,156.8,150.2,6.6
Germany,1888,97.056,153.0816,-56.0256
Germany,1889,145.3333,136.0,9.3333
Germany,1890,86.6827,147.7488,-61.0661
Germany,1891,125.2187,170.2832,-45.0645
Germany,1892,117.696,158.5728,-40.8768
Germany,1893,111.344,165.5584,-54.2144
Germany,1894,109.8747,156.5568,-46.6821
Germany,1895,109.2533,168.5456,-59.2923
Germany,1896,106.2987,153.7328,-47.4341
Germany,1897,128.3467,157.8464,-29.4997
Germany,1898,115.264,161.1776,-45.9136
Germany,1899,110.9707,157.4288,-46.4581
Germany,1900,128.3947,153.8064,-25.4117
Germany,1901,113.68,155.0016,-41.3216
Germany,1902,135.0773,164.4896,-29.4123
Germany,1903,119.992,146.3488,-26.3568
Germany,1904,119.656,157.32,-37.664
Germany,1905,148.232,145.9936,2.2384
Germany,1906,142.6587,147.0848,-4.4261
Germany,1907,136.5253,169.3232,-32.7979
Germany,1908,146.5813,161.7456,-15.1643
Germany,1909,127.904,158.5488,-30.6448
Germany,1910,153.7467,155.5264,-1.7797
Germany,1911,141.1627,152.376,-11.2133
Germany,1912,142.32,154.1728,-11.8528
Germany,1913,136.96,160.5568,-23.5968
Germany,1914,169.7227,87.4976,82.2251
Germany,1915,96.5467,41.624,54.9227
Germany,1916,19.408,1.0272,18.3808
Germany,1917,-1.1467,-38.9232,37.7765
Germany,1918,-67.296,-57.2928,-10.0032
Germany,1919,-58.504,-36.6208,-21.8832
Germany,1920,-58.1467,-46.0064,-12.1403
Germany,1921,-62.696,-48.5712,-14.1248
Germany,1922,-54.944,-48.7584,-6.1856
Germany,1923,-49.4293,-52.3296,2.9003
Germany,1924,-35.008,6.9504,-41.9584
Germany,1925,29.9813,83.48,-53.4987
Germany,1926,48.8,80.0944,-31.2944
Germany,1927,44.6693,104.136,-59.4667
Germany,1928,38.784,101.5264,-62.7424
Germany,1929,6.9013,37.4688,-30.5675
Germany,1930,-10.9947,-42.9632,31.9685
Germany,1931,-35.3653,-38.8928,3.5275
Germany,1932,-40.3493,-57.9184,17.5691
Germany,1933,39.2,19.8272,19.3728
Germany,1934,137.0187,81.0688,55.9499
Germany,1935,262.3467,126.2992,136.0475
Germany,1936,292.9013,165.4112,127.4901
Germany,1937,277.2693,168.8448,108.4245
Germany,1938,237.4133,153.7728,83.6405
Germany,1939,240.9653,132.024,108.9413
Germany,1940,352.52,166.8208,185.6992
Germany,1941,232.1067,78.4272,153.6795
Germany,1942,91.824,40.48,51.344
Germany,1943,5.12,-7.2288,12.3488
Germany,1944,-62.2453,-71.6928,9.4475
Germany,1945,-27.9573,-33.9744,6.0171
Germany,1946,-33.4133,-38.8112,5.3979
Germany,1947,-33.2107,-43.7808,10.5701
Germany,1948,-24.576,-12.2624,-12.3136
Germany,1949,5.72,31.7024,-25.9824
Germany,1950,16.0427,46.8224,-30.7797
Germany,1951,38.2853,90.9952,-52.7099
Germany,1952,61.648,107.0416,-45.3936
Germany,1953,57.232,111.6896,-54.4576
Germany,1954,83.104,145.912,-62.808
Germany,1955,91.312,163.5808,-72.2688
Germany,1956,148.4107,170.792,-22.3813
Germany,1957,153.0613,175.608,-22.5467
Germany,1958,144.64,185.1744,-40.5344
Germany,1959,144.928,172.688,-27.76
Germany,1960,132.4427,191.0976,-58.6549
Germany,1961,112.392,163.7536,-51.3616
Germany,1962,131.7867,170.352,-38.5653
Germany,1963,143.648,179.0608,-35.4128
Germany,1964,147.672,171.2704,-23.5984
Germany,1965,130.5813,186.624,-56.0427
Germany,1966,153.1333,117.1328,36.0005
Germany,1967,135.2,108.2,27.0
Germany,1968,136.6507,124.5472,12.1035
Germany,1969,138.0347,179.7168,-41.6821
Germany,1970,172.448,188.8928,-16.4448
Germany,1971,176.528,171.4192,5.1088
Germany,1972,159.088,180.3296,-21.2416
Germany,1973,141.648,139.4624,2.1856
Germany,1974,149.04,133.3008,15.7392
Germany,1975,148.16,119.5728,28.5872
Germany,1976,139.2907,111.9936,27.2971
Germany,1977,97.5867,149.16,-51.5733
Germany,1978,110.392,155.3568,-44.9648
Germany,1979,113.6267,150.4608,-36.8341
Germany,1980,105.6,109.4208,-3.8208
Germany,1981,102.8907,93.2576,9.6331
Germany,1982,112.1147,93.8304,18.2843
Germany,1983,148.096,188.208,-40.112
Germany,1984,169.3707,174.608,-5.2373
Germany,1985,184.832,174.968,9.864
Germany,1986,194.3307,163.4128,30.9179
Germany,1987,178.32,178.4384,-0.1184
Germany,1988,175.5733,169.3664,6.2069
Germany,1989,182.368,174.488,7.88
Germany,1990,140.9627,63.368,77.5947
Germany,1991,106.7333,54.7824,51.9509
Germany,1992,74.32,32.2544,42.0656
Germany,1993,82.48,51.1472,31.3328
Germany,1994,125.072,94.792,30.28
Germany,1995,131.2373,101.9392,29.2981
Germany,1996,147.328,98.0,49.328
Germany,1997,132.28,105.792,26.488
Germany,1998,116.3173,128.6144,-12.2971
Germany,1999,133.4853,164.664,-31.1787
Germany,2000,119.968,81.9968,37.9712
Germany,2001,129.92,98.688,31.232
Germany,2002,138.2267,94.3056,43.9211
Germany,2003,141.4267,89.0416,52.3851
Germany,2004,112.2187,89.904,22.3147
Germany,2005,140.5333,178.8144,-38.2811
Germany,2006,154.8587,184.7856,-29.9269
Germany,2007,123.3013,168.048,-44.7467
Germany,2008,136.5627,82.9584,53.6043
Germany,2009,116.6187,44.8304,71.7883
Germany,2010,127.704,156.7168,-29.0128
Germany,2011,132.9867,157.3376,-24.3509
Germany,2012,129.5893,151.9152,-22.3259
Germany,2013,132.376,170.7072,-38.3312
Germany,2014,133.0267,159.8336,-26.8069
Germany,2015,73.6773,102.7888,-29.1115
Germany,2016,90.08,119.6448,-29.5648
Germany,2017,79.7253,136.8704,-57.1451
Germany,2018,110.496,174.4592,-63.9632
Germany,2019,103.9947,120.7248,-16.7301
Germany,2020,77.3067,18.1472,59.1595
Germany,2021,90.584,73.2672,17.3168
Germany,2022,-6.0373,-25.2256,19.1883
Germany,2023,-4.9013,-32.7392,27.8379
Germany,2024,-13.7173,-34.384,20.6667
Germany,2025,32.56,-10.4384,42.9984
Germany,2026,32.8773,-14.2352,47.1125
Iran,1875,-5.2267,-5.984,0.7573
Iran,1876,-11.344,2.944,-14.288
Iran,1877,-8.272,-5.2608,-3.0112
Iran,1878,-18.912,-0.4192,-18.4928
Iran,1879,-15.9333,2.1728,-18.1061
Iran,1880,-10.7573,-10.7808,0.0235
Iran,1881,-12.8453,-1.1664,-11.6789
Iran,1882,-7.0853,1.2928,-8.3781
Iran,1883,-6.2133,5.6768,-11.8901
Iran,1884,-19.6267,5.2288,-24.8555
Iran,1885,-12.8373,7.576,-20.4133
Iran,1886,-13.8133,15.4496,-29.2629
Iran,1887,-20.1787,-0.0896,-20.0891
Iran,1888,-10.896,1.0272,-11.9232
Iran,1889,-14.944,1.0016,-15.9456
Iran,1890,-9.52,2.176,-11.696
Iran,1891,-23.8507,-35.2608,11.4101
Iran,1892,-26.7387,-2.608,-24.1307
Iran,1893,-13.4827,-0.8256,-12.6571
Iran,1894,-17.7013,2.288,-19.9893
Iran,1895,-23.1173,7.4192,-30.5365
Iran,1896,-44.6293,-17.1584,-27.4709
Iran,1897,-20.808,-13.0064,-7.8016
Iran,1898,-20.656,-12.5248,-8.1312
Iran,1899,-20.144,-15.968,-4.176
Iran,1900,-22.0133,-10.0544,-11.9589
Iran,1901,-32.168,-7.7424,-24.4256
Iran,1902,-25.1947,-14.8816,-10.3131
Iran,1903,-21.6373,-2.5648,-19.0725
Iran,1904,-23.5493,-12.6336,-10.9157
Iran,1905,-47.6427,-35.2,-12.4427
Iran,1906,-46.1253,-36.2976,-9.8277
Iran,1907,-43.44,-42.8688,-0.5712
Iran,1908,-57.9893,-56.5584,-1.4309
Iran,1909,-62.9227,-49.6176,-13.3051
Iran,1910,-59.1333,-36.1504,-22.9829
Iran,1911,-51.12,-44.8256,-6.2944
Iran,1912,-51.552,-42.56,-8.992
Iran,1913,-49.3493,-50.9312,1.5819
Iran,1914,-42.312,-40.3536,-1.9584
Iran,1915,-35.456,-51.7504,16.2944
Iran,1916,-56.2693,-47.784,-8.4853
Iran,1917,-37.5467,-47.2144,9.6677
Iran,1918,-44.896,-39.9856,-4.9104
Iran,1919,-37.808,-46.2688,8.4608
Iran,1920,-46.544,-48.9392,2.3952
Iran,1921,-58.608,-37.3248,-21.2832
Iran,1922,-30.4427,-29.4624,-0.9803
Iran,1923,-31.6373,-43.7168,12.0795
Iran,1924,-24.4427,-38.0064,13.5637
Iran,1925,-9.048,-12.4544,3.4064
Iran,1926,74.08,21.9568,52.1232
Iran,1927,71.472,18.7408,52.7312
Iran,1928,78.1013,19.3088,58.7925
Iran,1929,89.8293,9.344,80.4853
Iran,1930,77.496,30.2864,47.2096
Iran,1931,95.464,22.7152,72.7488
Iran,1932,110.376,19.9728,90.4032
Iran,1933,106.312,32.552,73.76
Iran,1934,102.472,36.1984,66.2736
Iran,1935,93.44,31.3248,62.1152
Iran,1936,76.5387,31.4304,45.1083
Iran,1937,111.4587,17.5424,93.9163
Iran,1938,100.0027,14.8192,85.1835
Iran,1939,72.5733,21.504,51.0693
Iran,1940,67.248,28.5136,38.7344
Iran,1941,-51.5627,-39.5152,-12.0475
Iran,1942,-20.2533,-34.2528,13.9995
Iran,1943,-24.5253,-24.8896,0.3643
Iran,1944,-38.36,-25.5856,-12.7744
Iran,1945,-47.8187,-26.56,-21.2587
Iran,1946,-44.9467,-24.1936,-20.7531
Iran,1947,-46.0267,-29.344,-16.6827
Iran,1948,-17.3413,-10.4,-6.9413
Iran,1949,-18.576,-13.376,-5.2
Iran,1950,-24.464,-25.072,0.608
Iran,1951,-15.4453,-33.0048,17.5595
Iran,1952,-46.7173,-33.512,-13.2053
Iran,1953,-78.8,-54.2464,-24.5536
Iran,1954,19.1333,16.384,2.7493
Iran,1955,32.6667,11.3312,21.3355
Iran,1956,30.8027,12.8064,17.9963
Iran,1957,10.8213,21.1104,-10.2891
Iran,1958,25.312,22.9456,2.3664
Iran,1959,32.5467,20.2816,12.2651
Iran,1960,37.2427,12.8448,24.3979
Iran,1961,11.8667,18.1888,-6.3221
Iran,1962,14.048,19.0912,-5.0432
Iran,1963,6.736,-5.9264,12.6624
Iran,1964,56.6667,42.5056,14.1611
Iran,1965,52.2347,37.5376,14.6971
Iran,1966,62.8933,39.2608,23.6325
Iran,1967,59.5467,38.3552,21.1915
Iran,1968,97.5973,74.3712,23.2261
Iran,1969,113.7493,79.3648,34.3845
Iran,1970,127.5653,59.7408,67.8245
Iran,1971,118.4693,77.5232,40.9461
Iran,1972,105.488,76.2992,29.1888
Iran,1973,129.5467,94.1088,35.4379
Iran,1974,118.632,103.3536,15.2784
Iran,1975,136.072,97.0752,38.9968
Iran,1976,59.1707,13.4528,45.7179
Iran,1977,-0.8933,-11.3984,10.5051
Iran,1978,-37.7893,-37.0576,-0.7317
Iran,1979,-55.9147,-50.4928,-5.4219
Iran,1980,-76.5173,-76.7664,0.2491
Iran,1981,-93.904,-44.0,-49.904
Iran,1982,-87.7573,-60.608,-27.1493
Iran,1983,-90.5707,-50.7504,-39.8203
Iran,1984,-61.728,-41.6032,-20.1248
Iran,1985,-64.768,-56.2736,-8.4944
Iran,1986,-92.8267,-59.8112,-33.0155
Iran,1987,-83.096,-52.24,-30.856
Iran,1988,-50.0693,-33.776,-16.2933
Iran,1989,-10.496,-26.7744,16.2784
Iran,1990,19.9093,-1.92,21.8293
Iran,1991,3.6213,9.5056,-5.8843
Iran,1992,3.8773,-8.2,12.0773
Iran,1993,-0.8453,5.92,-6.7653
Iran,1994,6.6667,-1.4224,8.0891
Iran,1995,-6.3787,-6.9728,0.5941
Iran,1996,0.528,-1.6352,2.1632
Iran,1997,-0.176,6.0384,-6.2144
Iran,1998,3.6347,13.256,-9.6213
Iran,1999,11.9307,5.3824,6.5483
Iran,2000,7.3547,-2.488,9.8427
Iran,2001,-10.88,-5.0816,-5.7984
Iran,2002,-13.44,-0.3088,-13.1312
Iran,2003,-6.1093,-0.0672,-6.0421
Iran,2004,0.512,3.1136,-2.6016
Iran,2005,-2.8,-3.6848,0.8848
Iran,2006,-3.2667,-12.824,9.5573
Iran,2007,-15.528,-13.488,-2.04
Iran,2008,-10.6347,-4.4752,-6.1595
Iran,2009,-48.5067,-32.8272,-15.6795
Iran,2010,-18.472,-52.2848,33.8128
Iran,2011,-21.712,-35.472,13.76
Iran,2012,-8.448,-41.4432,32.9952
Iran,2013,-9.2,-5.824,-3.376
Iran,2014,-15.0613,-13.088,-1.9733
Iran,2015,-12.912,-5.7424,-7.1696
Iran,2016,-6.5173,9.3888,-15.9061
Iran,2017,1.8933,5.5712,-3.6779
Iran,2018,-30.752,-55.9312,25.1792
Iran,2019,-32.592,-53.736,21.144
Iran,2020,-40.64,-45.4832,4.8432
Iran,2021,-28.6347,-44.9008,16.2661
Iran,2022,-56.5707,-57.6928,1.1221
Iran,2023,-21.0453,-33.1552,12.1099
Iran,2024,-38.864,-40.6848,1.8208
Iran,2025,-19.1387,-29.928,10.7893
Iran,2026,-33.784,-30.384,-3.4
Latium Vetus,460,-43.136,-33.152,-9.984
Latium Vetus,480,11.4133,-11.624,23.0373
Latium Vetus,500,46.312,15.1232,31.1888
Latium Vetus,520,17.1813,-1.3552,18.5365
Latium Vetus,540,-94.92,-48.288,-46.632
Latium Vetus,560,-43.2427,-48.8016,5.5589
Latium Vetus,580,-47.6693,-42.7696,-4.8997
Latium Vetus,600,-18.3467,-32.2048,13.8581
Latium Vetus,620,-52.832,-36.36,-16.472
Latium Vetus,640,-39.3067,-40.128,0.8213
Latium Vetus,660,-40.9733,-29.3056,-11.6677
Latium Vetus,680,-38.384,-21.3264,-17.0576
Latium Vetus,700,-41.88,-28.4608,-13.4192
Latium Vetus,720,-41.408,-35.3856,-6.0224
Latium Vetus,740,-48.888,-36.592,-12.296
Latium Vetus,760,-0.2667,-16.1312,15.8645
Latium Vetus,780,42.352,-20.5056,62.8576
Latium Vetus,800,84.176,6.776,77.4
Latium Vetus,820,-19.056,-25.0496,5.9936
Latium Vetus,840,-45.968,-38.8704,-7.0976
Latium Vetus,860,-75.296,-44.88,-30.416
Latium Vetus,880,-58.6933,-41.4928,-17.2005
Latium Vetus,900,-53.9093,-31.1344,-22.7749
Latium Vetus,920,-47.0213,-26.4432,-20.5781
Latium Vetus,940,-51.232,-25.8736,-25.3584
Latium Vetus,960,-27.2907,-18.7264,-8.5643
Latium Vetus,980,1.856,-31.92,33.776
Latium Vetus,1000,5.6667,4.1328,1.5339
Latium Vetus,1020,-9.0213,-22.496,13.4747
Latium Vetus,1040,-31.616,-22.7344,-8.8816
Latium Vetus,1060,-15.3067,-7.3232,-7.9835
Latium Vetus,1080,-22.048,-13.8784,-8.1696
Latium Vetus,1100,2.8453,-18.7888,21.6341
Latium Vetus,1120,13.888,8.5408,5.3472
Latium Vetus,1140,-33.0507,-23.3152,-9.7355
Latium Vetus,1160,-31.0747,-27.64,-3.4347
Latium Vetus,1180,27.8,34.832,-7.032
Latium Vetus,1200,108.0853,45.44,62.6453
Latium Vetus,1220,62.8587,23.2992,39.5595
Latium Vetus,1240,11.7227,-9.9072,21.6299
Latium Vetus,1260,56.6,30.328,26.272
Latium Vetus,1280,62.1733,31.9056,30.2677
Latium Vetus,1300,29.856,4.1328,25.7232
Latium Vetus,1320,-68.9867,-49.12,-19.8667
Latium Vetus,1340,-62.8827,-45.0256,-17.8571
Latium Vetus,1360,-49.968,-35.616,-14.352
Latium Vetus,1380,-66.536,-48.752,-17.784
Latium Vetus,1400,-73.5627,-60.8976,-12.6651
Latium Vetus,1420,-30.144,-21.624,-8.52
Latium Vetus,1440,58.2933,32.2544,26.0389
Latium Vetus,1460,50.624,40.4544,10.1696
Latium Vetus,1480,101.1307,28.6832,72.4475
Latium Vetus,1500,107.6107,62.8224,44.7883
Latium Vetus,1520,109.7707,49.8912,59.8795
Latium Vetus,1540,12.96,-21.2624,34.2224
Latium Vetus,1560,106.76,7.9968,98.7632
Latium Vetus,1580,105.304,32.9904,72.3136
Latium Vetus,1600,95.2347,14.6752,80.5595
Latium Vetus,1620,49.68,-3.7984,53.4784
Latium Vetus,1640,27.1413,-11.0384,38.1797
Latium Vetus,1660,21.056,-2.008,23.064
Latium Vetus,1680,31.6187,18.5504,13.0683
Latium Vetus,1700,3.496,-10.352,13.848
Latium Vetus,1720,-2.4587,-16.6272,14.1685
Latium Vetus,1740,18.448,-20.9216,39.3696
Latium Vetus,1760,-30.112,-23.3952,-6.7168
Latium Vetus,1780,-41.3067,-34.0096,-7.2971
Latium Vetus,1800,-70.496,-64.9344,-5.5616
Latium Vetus,1820,-13.8987,-28.6432,14.7445
Latium Vetus,1840,-54.752,-61.5024,6.7504
Latium Vetus,1860,-74.0693,-65.944,-8.1253
Latium Vetus,1880,-6.448,0.3008,-6.7488
Latium Vetus,1900,22.6453,-2.4272,25.0725
Latium Vetus,1920,-86.7893,-55.9696,-30.8197
Latium Vetus,1940,-48.8587,-23.8656,-24.9931
Latium Vetus,1960,113.4293,111.3664,2.0629
Latium Vetus,1980,24.8107,31.8192,-7.0085
Latium Vetus,2000,102.528,30.7488,71.7792
Latium Vetus,2010,-1.0933,-21.4624,20.3691
Norway,1880,33.72,51.496,-17.776
Norway,1881,33.72,51.496,-17.776
Norway,1882,33.72,51.496,-17.776
Norway,1883,33.72,51.496,-17.776
Norway,1884,56.7867,51.496,5.2907
Norway,1885,34.4533,55.576,-21.1227
Norway,1886,34.4533,55.576,-21.1227
Norway,1887,34.4533,55.576,-21.1227
Norway,1888,34.4533,55.576,-21.1227
Norway,1889,34.4533,55.576,-21.1227
Norway,1890,34.4533,55.576,-21.1227
Norway,1891,34.4533,55.576,-21.1227
Norway,1892,34.4533,55.576,-21.1227
Norway,1893,34.4533,55.576,-21.1227
Norway,1894,34.4533,55.576,-21.1227
Norway,1895,5.3867,55.576,-50.1893
Norway,1896,22.4533,55.576,-33.1227
Norway,1897,34.4533,55.576,-21.1227
Norway,1898,34.4533,55.576,-21.1227
Norway,1899,17.3867,55.576,-38.1893
Norway,1900,22.4533,55.576,-33.1227
Norway,1901,34.4533,55.576,-21.1227
Norway,1902,34.4533,55.576,-21.1227
Norway,1903,34.4533,55.576,-21.1227
Norway,1904,34.4533,55.576,-21.1227
Norway,1905,152.5467,138.488,14.0587
Norway,1906,140.2133,112.072,28.1413
Norway,1907,140.2133,135.52,4.6933
Norway,1908,140.2133,112.072,28.1413
Norway,1909,140.2133,120.68,19.5333
Norway,1910,140.2133,112.072,28.1413
Norway,1911,140.2133,112.072,28.1413
Norway,1912,140.2133,112.072,28.1413
Norway,1913,140.2133,127.048,13.1653
Norway,1914,-13.5333,-10.304,-3.2293
Norway,1915,-13.5333,-15.504,1.9707
Norway,1916,-5.5333,-19.504,13.9707
Norway,1917,-5.5333,-24.704,19.1707
Norway,1918,-5.5333,-10.304,4.7707
Norway,1919,21.72,-6.568,28.288
Norway,1920,5.0533,1.752,3.3013
Norway,1921,21.72,-6.776,28.496
Norway,1922,21.72,-1.448,23.168
Norway,1923,21.72,12.152,9.568
Norway,1924,21.72,12.152,9.568
Norway,1925,21.72,22.552,-0.832
Norway,1926,21.72,20.472,1.248
Norway,1927,21.72,12.152,9.568
Norway,1928,21.72,12.152,9.568
Norway,1929,-8.5733,-42.0144,33.4411
Norway,1930,-8.5733,-41.7744,33.2011
Norway,1931,-19.24,-34.3504,15.1104
Norway,1932,-8.5733,-36.3904,27.8171
Norway,1933,-8.5733,-27.4064,18.8331
Norway,1934,46.9867,34.96,12.0267
Norway,1935,68.9867,43.96,25.0267
Norway,1936,46.9867,61.36,-14.3733
Norway,1937,46.9867,34.96,12.0267
Norway,1938,41.92,34.96,6.96
Norway,1939,26.8533,34.96,-8.1067
Norway,1940,-35.5733,-30.328,-5.2453
Norway,1941,-27.0667,-25.68,-1.3867
Norway,1942,-27.0667,-15.36,-11.7067
Norway,1943,-27.0667,-28.88,1.8133
Norway,1944,-30.0,-25.68,-4.32
Norway,1945,180.88,126.552,54.328
Norway,1946,108.88,105.224,3.656
Norway,1947,108.88,105.224,3.656
Norway,1948,108.88,132.104,-23.224
Norway,1949,119.88,105.224,14.656
Norway,1950,124.2133,132.464,-8.2507
Norway,1951,124.2133,132.464,-8.2507
Norway,1952,133.88,132.464,1.416
Norway,1953,133.88,132.464,1.416
Norway,1954,133.88,132.464,1.416
Norway,1955,147.88,139.464,8.416
Norway,1956,133.88,132.464,1.416
Norway,1957,133.88,132.464,1.416
Norway,1958,133.88,132.464,1.416
Norway,1959,133.88,132.464,1.416
Norway,1960,133.88,132.464,1.416
Norway,1961,133.88,132.464,1.416
Norway,1962,133.88,132.464,1.416
Norway,1963,133.88,132.464,1.416
Norway,1964,133.88,132.464,1.416
Norway,1965,97.88,119.992,-22.112
Norway,1966,101.88,119.992,-18.112
Norway,1967,101.88,119.992,-18.112
Norway,1968,101.88,119.992,-18.112
Norway,1969,101.88,140.08,-38.2
Norway,1970,101.88,131.4,-29.52
Norway,1971,101.88,119.992,-18.112
Norway,1972,25.8133,33.064,-7.2507
Norway,1973,27.48,47.944,-20.464
Norway,1974,144.5467,286.8416,-142.2949
Norway,1975,144.5467,227.0976,-82.5509
Norway,1976,144.5467,198.5376,-53.9909
Norway,1977,144.5467,198.5376,-53.9909
Norway,1978,144.5467,198.5376,-53.9909
Norway,1979,144.5467,198.5376,-53.9909
Norway,1980,144.5467,198.5376,-53.9909
Norway,1981,137.08,198.5376,-61.4576
Norway,1982,144.5467,198.5376,-53.9909
Norway,1983,144.5467,198.5376,-53.9909
Norway,1984,144.5467,198.5376,-53.9909
Norway,1985,144.5467,198.5376,-53.9909
Norway,1986,58.08,-42.48,100.56
Norway,1987,58.08,4.096,53.984
Norway,1988,58.08,-14.808,72.888
Norway,1989,58.08,-20.704,78.784
Norway,1990,58.08,-16.704,74.784
Norway,1991,58.08,-8.096,66.176
Norway,1992,58.08,4.096,53.984
Norway,1993,130.28,206.688,-76.408
Norway,1994,113.9467,154.848,-40.9013
Norway,1995,130.28,172.128,-41.848
Norway,1996,144.68,189.696,-45.016
Norway,1997,130.28,172.128,-41.848
Norway,1998,130.28,151.968,-21.688
Norway,1999,130.28,172.128,-41.848
Norway,2000,130.28,172.128,-41.848
Norway,2001,109.96,170.976,-61.016
Norway,2002,117.96,170.976,-53.016
Norway,2003,117.96,170.976,-53.016
Norway,2004,117.96,170.976,-53.016
Norway,2005,117.96,170.976,-53.016
Norway,2006,117.96,170.976,-53.016
Norway,2007,117.96,170.976,-53.016
Norway,2008,117.96,170.976,-53.016
Norway,2009,117.96,170.976,-53.016
Norway,2010,117.96,170.976,-53.016
Norway,2011,72.96,155.616,-82.656
Norway,2012,134.2933,163.536,-29.2427
Norway,2013,117.96,170.976,-53.016
Norway,2014,117.96,18.12,99.84
Norway,2015,117.96,32.56,85.4
Norway,2016,117.96,77.56,40.4
Norway,2017,117.96,114.048,3.912
Norway,2018,117.96,114.048,3.912
Norway,2019,117.96,114.048,3.912
Norway,2020,101.6267,47.808,53.8187
Norway,2021,117.96,99.648,18.312
Norway,2022,93.6267,141.488,-47.8613
Norway,2023,109.96,103.968,5.992
Norway,2024,125.96,114.048,11.912
Norway,2025,117.96,114.048,3.912
Norway,2026,117.96,114.048,3.912
Poland,1875,-50.72,-35.744,-14.976
Poland,1876,-50.72,-35.744,-14.976
Poland,1877,-50.72,-35.744,-14.976
Poland,1878,-50.72,-35.744,-14.976
Poland,1879,-50.72,-35.744,-14.976
Poland,1880,-39.0533,-30.944,-8.1093
Poland,1881,-39.0533,-30.944,-8.1093
Poland,1882,-39.0533,-30.944,-8.1093
Poland,1883,-39.0533,-30.944,-8.1093
Poland,1884,-39.0533,-30.944,-8.1093
Poland,1885,-39.0533,-30.944,-8.1093
Poland,1886,-31.3333,-30.944,-0.3893
Poland,1887,-31.3333,-30.944,-0.3893
Poland,1888,-31.3333,-30.944,-0.3893
Poland,1889,-31.3333,-30.944,-0.3893
Poland,1890,-30.0,-27.68,-2.32
Poland,1891,-30.0,-27.68,-2.32
Poland,1892,-30.0,-27.68,-2.32
Poland,1893,-30.0,-27.68,-2.32
Poland,1894,-30.0,-27.68,-2.32
Poland,1895,-30.0,-27.92,-2.08
Poland,1896,-30.0,-27.92,-2.08
Poland,1897,-30.0,-27.92,-2.08
Poland,1898,-30.0,-27.92,-2.08
Poland,1899,-30.0,-27.92,-2.08
Poland,1900,-30.0,-22.48,-7.52
Poland,1901,-30.0,-22.48,-7.52
Poland,1902,-30.0,-22.48,-7.52
Poland,1903,-30.0,-22.48,-7.52
Poland,1904,-30.0,-22.48,-7.52
Poland,1905,-62.0667,-62.64,0.5733
Poland,1906,-52.6,-33.88,-18.72
Poland,1907,-52.6,-33.88,-18.72
Poland,1908,-52.6,-33.88,-18.72
Poland,1909,-52.6,-33.88,-18.72
Poland,1910,-52.6,-33.88,-18.72
Poland,1911,-52.6,-33.88,-18.72
Poland,1912,-58.4667,-35.84,-22.6267
Poland,1913,-55.6667,-35.84,-19.8267
Poland,1914,-84.0667,-73.472,-10.5947
Poland,1915,-98.0,-85.0,-13.0
Poland,1916,-111.6,-85.0,-26.6
Poland,1917,-108.6667,-82.6,-26.0667
Poland,1918,-134.6667,-87.6,-47.0667
Poland,1919,-54.6667,-51.8,-2.8667
Poland,1920,-76.6667,-81.2,4.5333
Poland,1921,-11.6,-16.16,4.56
Poland,1922,-11.2,-8.2,-3.0
Poland,1923,-10.0,-23.0,13.0
Poland,1924,-10.0,-4.0,-6.0
Poland,1925,0.0,4.4,-4.4
Poland,1926,-10.0,4.4,-14.4
Poland,1927,0.0,6.4,-6.4
Poland,1928,2.0,9.4,-7.4
Poland,1929,0.0,-9.6,9.6
Poland,1930,-7.2,-14.6,7.4
Poland,1931,-10.0,-32.6,22.6
Poland,1932,-10.0,-32.6,22.6
Poland,1933,-10.0,-18.12,8.12
Poland,1934,0.0,-9.36,9.36
Poland,1935,0.0,0.88,-0.88
Poland,1936,-10.0,0.48,-10.48
Poland,1937,-20.0,-8.6,-11.4
Poland,1938,-48.0,-29.8,-18.2
Poland,1939,-143.0667,-120.6,-22.4667
Poland,1940,-155.3333,-107.8,-47.5333
Poland,1941,-155.3333,-107.8,-47.5333
Poland,1942,-167.3333,-107.8,-59.5333
Poland,1943,-182.0,-107.8,-74.2
Poland,1944,-185.0,-107.8,-77.2
Poland,1945,-161.3333,-106.4,-54.9333
Poland,1946,-88.6667,-69.36,-19.3067
Poland,1947,-41.6667,-62.4,20.7333
Poland,1948,-34.0,-46.8,12.8
Poland,1949,-8.3333,-22.04,13.7067
Poland,1950,0.0,-4.8,4.8
Poland,1951,0.0,-4.8,4.8
Poland,1952,0.0,-4.8,4.8
Poland,1953,2.0,-2.88,4.88
Poland,1954,0.0,-2.88,2.88
Poland,1955,0.0,0.0,0.0
Poland,1956,-28.3333,-29.68,1.3467
Poland,1957,0.0,0.0,0.0
Poland,1958,0.0,0.0,0.0
Poland,1959,0.0,0.0,0.0
Poland,1960,0.0,0.0,0.0
Poland,1961,0.0,0.0,0.0
Poland,1962,0.0,0.0,0.0
Poland,1963,0.0,0.0,0.0
Poland,1964,0.0,0.0,0.0
Poland,1965,0.0,0.0,0.0
Poland,1966,0.0,0.0,0.0
Poland,1967,0.0,0.0,0.0
Poland,1968,-11.6667,-11.0,-0.6667
Poland,1969,0.0,0.0,0.0
Poland,1970,-10.0,-13.4,3.4
Poland,1971,0.0,6.0,-6.0
Poland,1972,0.0,6.0,-6.0
Poland,1973,0.0,10.0,-10.0
Poland,1974,0.0,10.0,-10.0
Poland,1975,0.0,10.0,-10.0
Poland,1976,-8.3333,-13.0,4.6667
Poland,1977,0.0,5.0,-5.0
Poland,1978,0.0,12.44,-12.44
Poland,1979,-8.3333,4.8,-13.1333
Poland,1980,-21.6667,-28.4,6.7333
Poland,1981,-46.6667,-62.4,15.7333
Poland,1982,-25.0,-45.4,20.4
Poland,1983,-16.6667,-27.2,10.5333
Poland,1984,1.6667,-19.4,21.0667
Poland,1985,1.6667,-19.48,21.1467
Poland,1986,-8.3333,-20.2,11.8667
Poland,1987,-26.2667,-37.64,11.3733
Poland,1988,-32.2,-43.8,11.6
Poland,1989,-38.3333,-43.4,5.0667
Poland,1990,-56.6667,-68.0,11.3333
Poland,1991,-56.6667,-66.4,9.7333
Poland,1992,-44.6667,-56.4,11.7333
Poland,1993,-10.0,-28.8,18.8
Poland,1994,-8.0,-2.24,-5.76
Poland,1995,9.6,17.88,-8.28
Poland,1996,24.0,25.84,-1.84
Poland,1997,24.0,27.56,-3.56
Poland,1998,25.6667,27.08,-1.4133
Poland,1999,25.6667,27.08,-1.4133
Poland,2000,25.6667,33.56,-7.8933
Poland,2001,25.6667,33.56,-7.8933
Poland,2002,25.6667,33.56,-7.8933
Poland,2003,32.3333,39.32,-6.9867
Poland,2004,64.6667,67.64,-2.9733
Poland,2005,64.6667,64.76,-0.0933
Poland,2006,52.6667,65.12,-12.4533
Poland,2007,52.6667,80.8,-28.1333
Poland,2008,52.6667,66.36,-13.6933
Poland,2009,64.6667,75.0,-10.3333
Poland,2010,52.6667,74.0,-21.3333
Poland,2011,55.0667,80.0,-24.9333
Poland,2012,55.0667,82.0,-26.9333
Poland,2013,55.0667,82.0,-26.9333
Poland,2014,52.6667,73.6,-20.9333
Poland,2015,42.3333,73.6,-31.2667
Poland,2016,18.3333,59.2,-40.8667
Poland,2017,18.3333,59.2,-40.8667
Poland,2018,18.3333,54.2,-35.8667
Poland,2019,18.3333,54.2,-35.8667
Poland,2020,8.3333,2.2,6.1333
Poland,2021,18.3333,38.8,-20.4667
Poland,2022,4.0,32.8,-28.8
Poland,2023,32.0,60.2,-28.2
Poland,2024,46.4,61.6,-15.2
Poland,2025,46.4,61.6,-15.2
Poland,2026,46.4,61.6,-15.2
Russia,1800,70.68,0.3824,70.2976
Russia,1801,46.3573,-5.3792,51.7365
Russia,1802,52.48,3.056,49.424
Russia,1803,63.96,-8.1728,72.1328
Russia,1804,50.4587,3.3584,47.1003
Russia,1805,15.3333,-0.8272,16.1605
Russia,1806,-5.328,-0.6048,-4.7232
Russia,1807,23.92,4.2016,19.7184
Russia,1808,68.32,-8.864,77.184
Russia,1809,61.3627,2.3088,59.0539
Russia,1810,53.8213,-4.4896,58.3109
Russia,1811,68.5707,-1.8912,70.4619
Russia,1812,-42.1493,-48.776,6.6267
Russia,1813,2.4133,-18.2656,20.6789
Russia,1814,105.2587,-0.8832,106.1419
Russia,1815,73.44,-0.696,74.136
Russia,1816,73.2773,5.5424,67.7349
Russia,1817,68.8693,5.136,63.7333
Russia,1818,64.056,5.6576,58.3984
Russia,1819,79.2907,3.5136,75.7771
Russia,1820,66.1707,5.7712,60.3995
Russia,1821,69.056,1.3408,67.7152
Russia,1822,63.68,6.4336,57.2464
Russia,1823,74.496,4.2336,70.2624
Russia,1824,71.92,-1.4992,73.4192
Russia,1825,-5.392,-6.3744,0.9824
Russia,1826,98.008,7.28,90.728
Russia,1827,87.5947,12.7264,74.8683
Russia,1828,108.0267,12.472,95.5547
Russia,1829,107.904,18.9744,88.9296
Russia,1830,105.8027,8.8624,96.9403
Russia,1831,92.16,8.768,83.392
Russia,1832,95.456,11.904,83.552
Russia,1833,99.5413,17.8336,81.7077
Russia,1834,82.224,18.1008,64.1232
Russia,1835,105.344,12.0432,93.3008
Russia,1836,93.9547,11.0272,82.9275
Russia,1837,95.0347,10.4976,84.5371
Russia,1838,93.6667,5.8224,87.8443
Russia,1839,96.6507,12.576,84.0747
Russia,1840,89.0027,4.9232,84.0795
Russia,1841,86.0133,17.824,68.1893
Russia,1842,98.784,12.616,86.168
Russia,1843,84.8587,9.5632,75.2955
Russia,1844,88.512,4.7232,83.7888
Russia,1845,96.8213,8.1632,88.6581
Russia,1846,83.3787,11.1936,72.1851
Russia,1847,107.7653,14.7248,93.0405
Russia,1848,88.8747,12.76,76.1147
Russia,1849,101.8107,11.6432,90.1675
Russia,1850,79.6587,9.8544,69.8043
Russia,1851,96.8933,16.472,80.4213
Russia,1852,103.5253,6.8416,96.6837
Russia,1853,33.1947,-4.176,37.3707
Russia,1854,-40.2133,-30.2816,-9.9317
Russia,1855,-40.3147,-23.1056,-17.2091
Russia,1856,-18.736,-19.5968,0.8608
Russia,1857,41.5307,-2.3344,43.8651
Russia,1858,55.056,5.6272,49.4288
Russia,1859,33.8587,2.5664,31.2923
Russia,1860,38.608,8.0928,30.5152
Russia,1861,21.2667,-15.7648,37.0315
Russia,1862,29.6827,0.1664,29.5163
Russia,1863,42.392,14.336,28.056
Russia,1864,38.248,6.1216,32.1264
Russia,1865,47.952,2.7616,45.1904
Russia,1866,45.1813,11.0976,34.0837
Russia,1867,34.128,14.4832,19.6448
Russia,1868,41.824,8.3616,33.4624
Russia,1869,36.9547,13.2624,23.6923
Russia,1870,37.768,9.6192,28.1488
Russia,1871,49.1893,8.8192,40.3701
Russia,1872,43.968,3.7536,40.2144
Russia,1873,38.2027,14.8704,23.3323
Russia,1874,65.0373,11.376,53.6613
Russia,1875,52.032,14.08,37.952
Russia,1876,40.872,2.0224,38.8496
Russia,1877,30.6187,-1.9392,32.5579
Russia,1878,49.464,5.7264,43.7376
Russia,1879,26.008,11.2752,14.7328
Russia,1880,44.3093,7.6544,36.6549
Russia,1881,-19.9467,-22.3728,2.4261
Russia,1882,74.4,5.0912,69.3088
Russia,1883,63.776,10.5968,53.1792
Russia,1884,84.12,11.2256,72.8944
Russia,1885,85.9307,1.7392,84.1915
Russia,1886,82.776,1.6224,81.1536
Russia,1887,85.48,5.2368,80.2432
Russia,1888,64.96,2.4128,62.5472
Russia,1889,74.5173,7.4864,67.0309
Russia,1890,61.6667,4.5728,57.0939
Russia,1891,77.5947,7.2256,70.3691
Russia,1892,83.4773,10.248,73.2293
Russia,1893,60.768,1.4192,59.3488
Russia,1894,79.6,6.8768,72.7232
Russia,1895,55.6027,34.8512,20.7515
Russia,1896,77.168,25.3296,51.8384
Russia,1897,44.944,32.3056,12.6384
Russia,1898,62.4347,33.6512,28.7835
Russia,1899,55.7813,31.8592,23.9221
Russia,1900,47.952,38.6032,9.3488
Russia,1901,64.1493,33.4624,30.6869
Russia,1902,65.3173,28.352,36.9653
Russia,1903,61.8507,31.9872,29.8635
Russia,1904,-54.0,-20.7248,-33.2752
Russia,1905,-78.08,-57.1136,-20.9664
Russia,1906,42.296,32.3312,9.9648
Russia,1907,43.5093,29.8528,13.6565
Russia,1908,28.2907,37.3648,-9.0741
Russia,1909,39.1733,31.7376,7.4357
Russia,1910,37.92,25.1392,12.7808
Russia,1911,42.5013,28.8752,13.6261
Russia,1912,37.5493,25.1872,12.3621
Russia,1913,32.424,37.7344,-5.3104
Russia,1914,36.2773,6.912,29.3653
Russia,1915,-44.224,-32.5696,-11.6544
Russia,1916,-55.3173,-40.0064,-15.3109
Russia,1917,-64.7813,-57.5008,-7.2805
Russia,1918,-120.2267,-57.9808,-62.2459
Russia,1919,-100.2933,-64.2848,-36.0085
Russia,1920,-67.2507,-44.304,-22.9467
Russia,1921,-89.1307,-56.032,-33.0987
Russia,1922,15.7333,-17.5584,33.2917
Russia,1923,4.032,-2.8384,6.8704
Russia,1924,-13.832,-16.2112,2.3792
Russia,1925,4.2773,3.168,1.1093
Russia,1926,1.6853,-1.0976,2.7829
Russia,1927,-1.9627,-13.0368,11.0741
Russia,1928,46.1093,-53.5968,99.7061
Russia,1929,28.2133,-63.624,91.8373
Russia,1930,24.712,-53.6432,78.3552
Russia,1931,-3.736,-62.3952,58.6592
Russia,1932,41.184,-64.944,106.128
Russia,1933,67.4613,-19.1984,86.6597
Russia,1934,58.6827,-22.472,81.1547
Russia,1935,84.376,-9.952,94.328
Russia,1936,-29.9413,-31.0704,1.1291
Russia,1937,-111.856,-81.64,-30.216
Russia,1938,-81.8853,-56.1888,-25.6965
Russia,1939,95.72,9.9072,85.8128
Russia,1940,69.9973,12.8592,57.1381
Russia,1941,-77.4613,-57.4656,-19.9957
Russia,1942,-103.3867,-51.2912,-52.0955
Russia,1943,-1.7707,-23.7648,21.9941
Russia,1944,137.3867,21.0944,116.2923
Russia,1945,190.96,13.784,177.176
Russia,1946,134.4373,14.1232,120.3141
Russia,1947,61.52,-33.6384,95.1584
Russia,1948,99.36,13.8976,85.4624
Russia,1949,147.592,5.1904,142.4016
Russia,1950,114.152,5.5168,108.6352
Russia,1951,129.3867,15.0096,114.3771
Russia,1952,119.4187,23.4336,95.9851
Russia,1953,83.4133,17.3104,66.1029
Russia,1954,98.6853,39.0912,59.5941
Russia,1955,115.776,66.224,49.552
Russia,1956,117.28,70.264,47.016
Russia,1957,145.3013,106.448,38.8533
Russia,1958,137.8453,115.3248,22.5205
Russia,1959,130.76,93.4208,37.3392
Russia,1960,156.0133,115.16,40.8533
Russia,1961,132.9813,79.232,53.7493
Russia,1962,42.064,98.5408,-56.4768
Russia,1963,83.408,51.9584,31.4496
Russia,1964,90.0,58.4928,31.5072
Russia,1965,112.3947,68.8736,43.5211
Russia,1966,134.208,71.5936,62.6144
Russia,1967,120.4853,72.6896,47.7957
Russia,1968,115.952,53.872,62.08
Russia,1969,124.8,72.6896,52.1104
Russia,1970,109.864,77.992,31.872
Russia,1971,134.152,33.4464,100.7056
Russia,1972,111.5147,36.7488,74.7659
Russia,1973,113.92,46.6784,67.2416
Russia,1974,124.1813,40.728,83.4533
Russia,1975,122.6133,29.9456,92.6677
Russia,1976,101.9413,33.2848,68.6565
Russia,1977,105.216,34.7888,70.4272
Russia,1978,120.568,32.6672,87.9008
Russia,1979,66.7733,40.368,26.4053
Russia,1980,45.136,7.984,37.152
Russia,1981,52.9947,4.6816,48.3131
Russia,1982,50.1333,7.32,42.8133
Russia,1983,47.104,8.8528,38.2512
Russia,1984,56.2693,14.6688,41.6005
Russia,1985,92.6453,39.4704,53.1749
Russia,1986,27.0453,51.8144,-24.7691
Russia,1987,46.56,53.824,-7.264
Russia,1988,-0.72,4.9184,-5.6384
Russia,1989,-17.0667,-4.9648,-12.1019
Russia,1990,-51.616,-22.8272,-28.7888
Russia,1991,-96.4853,-49.9392,-46.5461
Russia,1992,-66.7147,-43.7152,-22.9995
Russia,1993,-59.52,-39.872,-19.648
Russia,1994,-68.6187,-43.0576,-25.5611
Russia,1995,-48.48,-34.7184,-13.7616
Russia,1996,-44.2213,-39.4656,-4.7557
Russia,1997,-33.6533,-38.7168,5.0635
Russia,1998,-37.6,-58.8048,21.2048
Russia,1999,-65.3093,-50.2848,-15.0245
Russia,2000,16.3467,10.5584,5.7883
Russia,2001,28.8747,2.1152,26.7595
Russia,2002,-6.0427,3.5264,-9.5691
Russia,2003,-2.0933,14.6288,-16.7221
Russia,2004,132.1493,68.528,63.6213
Russia,2005,133.1867,83.7216,49.4651
Russia,2006,130.3947,70.2656,60.1291
Russia,2007,111.4373,83.9232,27.5141
Russia,2008,139.3093,24.7728,114.5365
Russia,2009,114.4747,-2.6096,117.0843
Russia,2010,113.7173,77.1968,36.5205
Russia,2011,123.36,73.632,49.728
Russia,2012,101.616,55.472,46.144
Russia,2013,140.472,75.2384,65.2336
Russia,2014,100.5573,33.192,67.3653
Russia,2015,77.92,-1.888,79.808
Russia,2016,93.36,-19.8416,113.2016
Russia,2017,138.7093,27.0144,111.6949
Russia,2018,146.304,32.824,113.48
Russia,2019,149.6,23.5488,126.0512
Russia,2020,53.6,-31.6576,85.2576
Russia,2021,150.848,35.8368,115.0112
Russia,2022,-43.5573,-68.2496,24.6923
Russia,2023,-47.0773,-58.7904,11.7131
Russia,2024,-45.6427,-42.7696,-2.8731
Russia,2025,0.8507,-11.8752,12.7259
Russia,2026,-6.336,-11.472,5.136
Sweden,1850,13.4133,-2.448,15.8613
Sweden,1860,16.1867,25.56,-9.3733
Sweden,1870,35.0133,41.152,-6.1387
Sweden,1880,29.8773,52.176,-22.2987
Sweden,1890,16.88,54.56,-37.68
Sweden,1900,10.96,61.84,-50.88
Sweden,1910,63.8667,102.9168,-39.0501
Sweden,1920,46.6667,48.12,-1.4533
Sweden,1930,48.6667,8.2,40.4667
Sweden,1940,18.0,36.2,-18.2
Sweden,1950,166.9333,184.0,-17.0667
Sweden,1960,233.3333,269.12,-35.7867
Sweden,1970,126.4667,111.6,14.8667
Sweden,1980,97.5333,104.736,-7.2027
Sweden,1990,-4.72,-27.424,22.704
Sweden,2000,98.6,130.04,-31.44
Sweden,2010,71.1067,95.12,-24.0133
Sweden,2020,-23.2,4.8,-28.0
Sweden,2026,-16.4667,-4.944,-11.5227
Thailand,1850,17.3333,14.84,2.4933
Thailand,1855,34.24,11.008,23.232
Thailand,1860,56.6,28.24,28.36
Thailand,1865,65.92,28.928,36.992
Thailand,1870,20.0,22.128,-2.128
Thailand,1875,59.2,31.44,27.76
Thailand,1880,101.2,55.688,45.512
Thailand,1885,89.04,52.88,36.16
Thailand,1890,44.8667,50.92,-6.0533
Thailand,1895,-16.6,19.64,-36.24
Thailand,1900,106.4,101.4,5.0
Thailand,1905,135.5733,97.2,38.3733
Thailand,1910,120.8667,94.76,26.1067
Thailand,1915,61.9333,33.776,28.1573
Thailand,1920,33.4667,5.944,27.5227
Thailand,1925,41.96,24.48,17.48
Thailand,1930,-46.4133,-44.56,-1.8533
Thailand,1935,6.8,-15.88,22.68
Thailand,1940,-14.4,-20.064,5.664
Thailand,1945,-60.2133,-35.296,-24.9173
Thailand,1950,38.4,15.8,22.6
Thailand,1955,50.8,25.24,25.56
Thailand,1960,102.0,70.8,31.2
Thailand,1965,120.8,99.8,21.0
Thailand,1970,70.0,49.6,20.4
Thailand,1975,-30.3733,-45.68,15.3067
Thailand,1980,42.0,56.88,-14.88
Thailand,1985,53.0667,88.24,-35.1733
Thailand,1990,38.0,117.6,-79.6
Thailand,1995,52.9333,118.2,-65.2667
Thailand,2000,64.1333,36.2,27.9333
Thailand,2005,21.9333,86.408,-64.4747
Thailand,2010,-68.0,-24.8,-43.2
Thailand,2015,-7.6,-17.888,10.288
Thailand,2020,-70.0,-76.8,6.8
Thailand,2025,-25.6667,-5.8,-19.8667
USA,1900,71.2667,109.84,-38.5733
USA,1901,71.2667,109.84,-38.5733
USA,1902,71.2667,109.84,-38.5733
USA,1903,71.2667,109.84,-38.5733
USA,1904,71.2667,109.84,-38.5733
USA,1905,71.2667,109.84,-38.5733
USA,1906,71.2667,109.84,-38.5733
USA,1907,48.8667,50.4128,-1.5461
USA,1908,71.2667,98.0128,-26.7461
USA,1909,71.2667,98.0128,-26.7461
USA,1910,75.0667,120.256,-45.1893
USA,1911,75.0667,120.256,-45.1893
USA,1912,75.0667,120.256,-45.1893
USA,1913,75.0667,120.256,-45.1893
USA,1914,75.0667,120.256,-45.1893
USA,1915,75.0667,120.256,-45.1893
USA,1916,75.0667,120.256,-45.1893
USA,1917,96.0,109.296,-13.296
USA,1918,135.2107,129.7216,5.4891
USA,1919,60.0,63.704,-3.704
USA,1920,62.6667,112.0,-49.3333
USA,1921,62.6667,71.84,-9.1733
USA,1922,74.2,114.56,-40.36
USA,1923,74.2,114.56,-40.36
USA,1924,74.2,114.56,-40.36
USA,1925,106.0,183.2,-77.2
USA,1926,106.0,183.2,-77.2
USA,1927,106.0,183.2,-77.2
USA,1928,106.0,183.2,-77.2
USA,1929,24.48,1.6624,22.8176
USA,1930,-3.168,-34.0512,30.8832
USA,1931,-9.44,-41.4656,32.0256
USA,1932,-14.3467,-50.544,36.1973
USA,1933,-5.28,-38.656,33.376
USA,1934,27.2,-22.48,49.68
USA,1935,43.8133,13.6256,30.1877
USA,1936,43.8133,13.6256,30.1877
USA,1937,43.8133,13.6256,30.1877
USA,1938,43.8133,13.6256,30.1877
USA,1939,71.4,59.36,12.04
USA,1940,102.0,112.04,-10.04
USA,1941,191.4667,173.352,18.1147
USA,1942,191.4667,173.352,18.1147
USA,1943,217.6,209.04,8.56
USA,1944,217.6,209.04,8.56
USA,1945,210.9013,195.4,15.5013
USA,1946,144.8,173.536,-28.736
USA,1947,144.8,173.536,-28.736
USA,1948,144.8,173.536,-28.736
USA,1949,144.8,173.536,-28.736
USA,1950,145.5333,199.328,-53.7947
USA,1951,145.5333,199.328,-53.7947
USA,1952,145.5333,199.328,-53.7947
USA,1953,145.5333,199.328,-53.7947
USA,1954,151.2,192.832,-41.632
USA,1955,151.2,192.832,-41.632
USA,1956,151.2,192.832,-41.632
USA,1957,151.2,192.832,-41.632
USA,1958,151.2,192.832,-41.632
USA,1959,151.2,192.832,-41.632
USA,1960,151.2,192.832,-41.632
USA,1961,151.2,192.832,-41.632
USA,1962,134.4,196.8,-62.4
USA,1963,127.4,169.648,-42.248
USA,1964,127.4,169.648,-42.248
USA,1965,127.4,169.648,-42.248
USA,1966,127.4,169.648,-42.248
USA,1967,76.4,111.936,-35.536
USA,1968,27.4,40.5168,-13.1168
USA,1969,47.2667,49.7072,-2.4405
USA,1970,47.2667,49.7072,-2.4405
USA,1971,47.2667,49.7072,-2.4405
USA,1972,47.2667,49.7072,-2.4405
USA,1973,26.9067,1.2368,25.6699
USA,1974,5.2,-18.68,23.88
USA,1975,35.4,22.32,13.08
USA,1976,35.4,22.32,13.08
USA,1977,35.4,22.32,13.08
USA,1978,35.4,22.32,13.08
USA,1979,10.0,-16.4,26.4
USA,1980,10.0,-16.4,26.4
USA,1981,52.4,2.16,50.24
USA,1982,52.4,2.16,50.24
USA,1983,73.36,24.0,49.36
USA,1984,119.4,90.336,29.064
USA,1985,119.4,90.336,29.064
USA,1986,119.4,90.336,29.064
USA,1987,119.4,90.336,29.064
USA,1988,119.4,90.336,29.064
USA,1989,161.728,143.472,18.256
USA,1990,161.728,143.472,18.256
USA,1991,161.728,143.472,18.256
USA,1992,140.4667,163.664,-23.1973
USA,1993,140.4667,163.664,-23.1973
USA,1994,140.4667,163.664,-23.1973
USA,1995,140.4667,163.664,-23.1973
USA,1996,140.4667,163.664,-23.1973
USA,1997,196.0,232.704,-36.704
USA,1998,196.0,232.704,-36.704
USA,1999,196.0,232.704,-36.704
USA,2000,196.0,232.704,-36.704
USA,2001,127.6,91.12,36.48
USA,2002,127.6,91.12,36.48
USA,2003,121.2,90.624,30.576
USA,2004,121.2,90.624,30.576
USA,2005,121.2,90.624,30.576
USA,2006,121.2,90.624,30.576
USA,2007,93.3333,51.84,41.4933
USA,2008,21.2,-30.832,52.032
USA,2009,33.3333,-21.2,54.5333
USA,2010,57.5627,14.04,43.5227
USA,2011,57.5627,14.04,43.5227
USA,2012,104.0667,71.04,33.0267
USA,2013,104.0667,71.04,33.0267
USA,2014,104.0667,71.04,33.0267
USA,2015,104.0667,71.04,33.0267
USA,2016,69.8,63.5232,6.2768
USA,2017,62.6,51.7808,10.8192
USA,2018,62.6,51.7808,10.8192
USA,2019,62.6,51.7808,10.8192
USA,2020,8.6933,-51.56,60.2533
USA,2021,17.2053,-28.4416,45.6469
USA,2022,17.2053,-28.4416,45.6469
USA,2023,17.2053,-28.4416,45.6469
USA,2024,15.7333,-33.08,48.8133
USA,2025,-11.6667,-56.528,44.8613
USA,2026,-8.6667,-46.656,37.9893
United Kingdom,1880,284.9733,199.248,85.7253
United Kingdom,1881,284.9733,199.248,85.7253
United Kingdom,1882,284.9733,199.248,85.7253
United Kingdom,1883,284.9733,199.248,85.7253
United Kingdom,1884,284.9733,203.248,81.7253
United Kingdom,1885,245.3067,199.248,46.0587
United Kingdom,1886,231.3067,172.368,58.9387
United Kingdom,1887,284.9733,199.248,85.7253
United Kingdom,1888,284.9733,199.248,85.7253
United Kingdom,1889,284.9733,199.248,85.7253
United Kingdom,1890,284.9733,195.248,89.7253
United Kingdom,1891,284.9733,195.248,89.7253
United Kingdom,1892,245.3067,195.248,50.0587
United Kingdom,1893,245.3067,184.608,60.6987
United Kingdom,1894,284.9733,195.248,89.7253
United Kingdom,1895,284.9733,199.248,85.7253
United Kingdom,1896,284.9733,199.248,85.7253
United Kingdom,1897,284.9733,199.248,85.7253
United Kingdom,1898,284.9733,199.248,85.7253
United Kingdom,1899,268.44,188.048,80.392
United Kingdom,1900,251.9067,188.048,63.8587
United Kingdom,1901,251.9067,199.248,52.6587
United Kingdom,1902,268.44,199.248,69.192
United Kingdom,1903,284.9733,199.248,85.7253
United Kingdom,1904,284.9733,199.248,85.7253
United Kingdom,1905,284.9733,199.248,85.7253
United Kingdom,1906,284.9733,197.8592,87.1141
United Kingdom,1907,284.9733,197.8592,87.1141
United Kingdom,1908,284.9733,186.848,98.1253
United Kingdom,1909,268.64,164.28,104.36
United Kingdom,1910,231.3067,164.28,67.0267
United Kingdom,1911,231.3067,160.28,71.0267
United Kingdom,1912,231.3067,160.28,71.0267
United Kingdom,1913,268.64,199.248,69.392
United Kingdom,1914,167.0667,99.12,67.9467
United Kingdom,1915,94.7333,62.44,32.2933
United Kingdom,1916,78.4,60.12,18.28
United Kingdom,1917,55.0667,11.96,43.1067
United Kingdom,1918,94.7333,75.04,19.6933
United Kingdom,1919,122.2667,92.52,29.7467
United Kingdom,1920,136.2667,78.64,57.6267
United Kingdom,1921,147.4667,45.84,101.6267
United Kingdom,1922,161.4667,102.72,58.7467
United Kingdom,1923,180.1333,102.72,77.4133
United Kingdom,1924,194.1333,110.52,83.6133
United Kingdom,1925,201.1333,122.52,78.6133
United Kingdom,1926,116.6667,19.64,97.0267
United Kingdom,1927,198.3333,110.52,87.8133
United Kingdom,1928,198.3333,122.52,75.8133
United Kingdom,1929,198.3333,114.12,84.2133
United Kingdom,1930,177.3333,59.32,118.0133
United Kingdom,1931,109.6667,0.7392,108.9275
United Kingdom,1932,149.3333,22.28,127.0533
United Kingdom,1933,179.6667,54.52,125.1467
United Kingdom,1934,198.3333,84.72,113.6133
United Kingdom,1935,184.3333,93.12,91.2133
United Kingdom,1936,157.3333,93.12,64.2133
United Kingdom,1937,191.3333,122.52,68.8133
United Kingdom,1938,149.3333,115.72,33.6133
United Kingdom,1939,143.2667,91.84,51.4267
United Kingdom,1940,41.4933,21.16,20.3333
United Kingdom,1941,41.4933,27.16,14.3333
United Kingdom,1942,41.1733,27.16,14.0133
United Kingdom,1943,41.1733,26.6,14.5733
United Kingdom,1944,100.3733,65.0,35.3733
United Kingdom,1945,140.9067,70.4,70.5067
United Kingdom,1946,171.2667,106.0,65.2667
United Kingdom,1947,154.9333,91.8,63.1333
United Kingdom,1948,149.3333,107.4,41.9333
United Kingdom,1949,149.3333,120.8,28.5333
United Kingdom,1950,165.6667,135.2,30.4667
United Kingdom,1951,165.6667,143.6,22.0667
United Kingdom,1952,214.6667,152.0,62.6667
United Kingdom,1953,214.6667,152.0,62.6667
United Kingdom,1954,214.6667,152.0,62.6667
United Kingdom,1955,214.6667,152.0,62.6667
United Kingdom,1956,163.3333,142.2,21.1333
United Kingdom,1957,184.3333,152.0,32.3333
United Kingdom,1958,177.3333,128.2,49.1333
United Kingdom,1959,198.3333,152.0,46.3333
United Kingdom,1960,198.3333,152.0,46.3333
United Kingdom,1961,198.3333,152.0,46.3333
United Kingdom,1962,198.3333,152.0,46.3333
United Kingdom,1963,177.3333,152.0,25.3333
United Kingdom,1964,198.3333,152.0,46.3333
United Kingdom,1965,198.3333,152.0,46.3333
United Kingdom,1966,177.3333,111.6,65.7333
United Kingdom,1967,177.3333,86.0,91.3333
United Kingdom,1968,177.3333,86.4,90.9333
United Kingdom,1969,157.3333,86.4,70.9333
United Kingdom,1970,145.3333,82.4,62.9333
United Kingdom,1971,145.3333,57.2,88.1333
United Kingdom,1972,89.3333,34.8,54.5333
United Kingdom,1973,103.3333,48.8,54.5333
United Kingdom,1974,79.3333,10.2,69.1333
United Kingdom,1975,79.3333,-10.6,89.9333
United Kingdom,1976,79.3333,-10.6,89.9333
United Kingdom,1977,79.3333,-10.6,89.9333
United Kingdom,1978,79.3333,-19.0,98.3333
United Kingdom,1979,102.5333,-14.2,116.7333
United Kingdom,1980,115.7333,4.6,111.1333
United Kingdom,1981,89.3333,4.6,84.7333
United Kingdom,1982,154.9333,51.6,103.3333
United Kingdom,1983,168.4667,63.6,104.8667
United Kingdom,1984,168.4667,49.8,118.6667
United Kingdom,1985,168.4667,80.4,88.0667
United Kingdom,1986,186.6667,93.6,93.0667
United Kingdom,1987,214.6667,127.2,87.4667
United Kingdom,1988,214.6667,140.4,74.2667
United Kingdom,1989,214.6667,143.4,71.2667
United Kingdom,1990,177.3333,95.4,81.9333
United Kingdom,1991,163.3333,64.8,98.5333
United Kingdom,1992,95.6667,45.0,50.6667
United Kingdom,1993,135.3333,52.2,83.1333
United Kingdom,1994,198.3333,104.6,93.7333
United Kingdom,1995,198.3333,107.6,90.7333
United Kingdom,1996,198.3333,107.6,90.7333
United Kingdom,1997,212.8,147.6,65.2
United Kingdom,1998,212.8,160.8,52.0
United Kingdom,1999,212.8,160.8,52.0
United Kingdom,2000,212.8,160.8,52.0
United Kingdom,2001,168.4667,129.4,39.0667
United Kingdom,2002,205.8,151.0,54.8
United Kingdom,2003,132.5333,113.2,19.3333
United Kingdom,2004,146.5333,113.2,33.3333
United Kingdom,2005,146.5333,113.2,33.3333
United Kingdom,2006,180.1333,121.6,58.5333
United Kingdom,2007,192.7333,142.6,50.1333
United Kingdom,2008,117.1333,3.6,113.5333
United Kingdom,2009,115.7333,-6.4,122.1333
United Kingdom,2010,143.7333,32.0,111.7333
United Kingdom,2011,131.1333,29.6,101.5333
United Kingdom,2012,143.7333,51.8,91.9333
United Kingdom,2013,143.7333,71.0,72.7333
United Kingdom,2014,160.0667,90.0,70.0667
United Kingdom,2015,147.4667,93.0,54.4667
United Kingdom,2016,91.4667,63.0,28.4667
United Kingdom,2017,51.9333,50.6,1.3333
United Kingdom,2018,51.4667,50.6,0.8667
United Kingdom,2019,22.5333,43.6,-21.0667
United Kingdom,2020,21.0,-36.2,57.2
United Kingdom,2021,76.1333,7.4,68.7333
United Kingdom,2022,51.9333,9.0,42.9333
United Kingdom,2023,75.2667,9.0,66.2667
United Kingdom,2024,86.9333,23.6,63.3333
United Kingdom,2025,97.7333,48.0,49.7333
United Kingdom,2026,97.7333,48.0,49.7333
