Society,Source,File,Yr,Cog%,Heart,Pulse,V,C,B,Ph,Cr,Helm,Lore,Hand,Arch,System
Argentina,nations_ENS,Argentina_ENS.csv,2026,12.8,-2.62,-33.5,0,0,4,0,4,B,B,Cr,Cr,Sys-Crisis
Argentina,v23_canonical,Argentina_ENS_1950_2026_cleaned.csv,2026,12.8,-2.62,-33.5,0,0,4,0,4,B,B,Cr,Cr,Sys-Crisis
Argentina,v23_usp,Argentina_CAMS5_ensemble_1950_2026_cleaned.csv,2026,12.8,-2.62,-33.5,0,0,4,0,4,B,B,Cr,Cr,Sys-Crisis
Argentina,v23_usp,Argentina_cam5_1950_2026_cleaned.csv,2026,12.8,-2.62,-33.5,0,0,4,0,4,B,B,Cr,Cr,Sys-Crisis
Australia,cleaned,Australian_Gem_Jan30.csv,2025,68.4,2.88,197.0,6,2,0,0,0,V,V,C,V,Strained-Viable
Australia,v23_usp,Australia_cam5_1996_2026_cleaned.csv,2026,40.9,2.12,86.7,6,2,0,0,0,V,V,C,V,Strained-Viable
Australia,nations_ENS,Australia_ENS.csv,2026,30.4,0.63,19.2,1,4,2,1,0,C,C,C,V,Fragmented
Australia,v23_canonical,Australia_ENS_1875_2026_cleaned.csv,2026,30.4,0.63,19.2,1,4,2,1,0,C,C,C,V,Fragmented
Brazil,nations_ENS,Brazil_ENS.csv,2025,56.4,0.75,42.3,0,7,1,0,0,C,C,B,C,Fragmented
Canada,nations_ENS,Canada_ENS.csv,2026,27.8,-1.48,-41.1,0,0,6,2,0,B,Ph,B,Ph,Burning
Canada,v23_canonical,Canada_ENS_1850_2026_cleaned.csv,2026,27.8,-1.48,-41.1,0,0,6,2,0,B,Ph,B,Ph,Burning
Chile,nations_ENS,Chile_ENS.csv,2026,36.1,2.3,83.0,5,3,0,0,0,C,V,C,V,Strained-Viable
Chile,v23_canonical,Chile_ENS_1875_2026_cleaned.csv,2026,36.1,2.3,83.0,5,3,0,0,0,C,V,C,V,Strained-Viable
China,nations_ENS,China_ENS.csv,2025,52.6,2.75,144.6,6,2,0,0,0,V,C,C,V,Strained-Viable
China,v23_canonical,China_ENS_1800_2025_cleaned.csv,2025,52.6,2.75,144.6,6,2,0,0,0,V,C,C,V,Strained-Viable
China,v23_usp,China_CAMS_1900_2026_cleaned.csv,2026,47.8,1.38,66.0,4,1,0,3,0,C,V,Ph,V,Fragmented
China,v23_usp,China_CAMS5_ensemble_1850_2026_cleaned.csv,2026,41.8,0.05,2.1,0,4,3,1,0,Ph,C,B,C,Fragmented
Colombia,nations_ENS,Colombia_ENS.csv,2026,22.9,-0.38,-8.7,0,2,4,2,0,Ph,C,B,C,Burning
Denmark,nations_ENS,Denmark_ENS.csv,2025,46.9,6.5,304.8,8,0,0,0,0,V,V,V,V,Adaptive
France,v23_usp,France_1900_2026_cleaned.csv,2026,31.0,0.38,11.8,2,2,3,1,0,C,V,B,V,Fragmented
France,nations_ENS,France_ENS.csv,2026,40.1,-0.1,-4.0,0,4,4,0,0,B,C,B,C,Burning
France,v23_canonical,France_ENS_1850_2026_cleaned.csv,2026,40.1,-0.1,-4.0,0,4,4,0,0,B,C,B,C,Burning
Germany,nations_ENS,Germany_ENS.csv,2026,33.7,0.1,3.4,1,4,3,0,0,C,B,B,C,Fragmented
Germany,v23_canonical,Germany_ENS_1880_2026_cleaned.csv,2026,33.7,0.1,3.4,1,4,3,0,0,C,B,B,C,Fragmented
Germany,cleaned,Germany_cleaned.csv,2025,37.1,0.06,2.2,2,2,3,1,0,?,?,?,?,Fragmented
Germany,v23_usp,Germany_CAMS_1900_2026_cleaned.csv,2026,31.1,-1.38,-42.9,0,0,6,2,0,B,Ph,B,Ph,Burning
Hong Kong,nations_ENS,Hong_Kong_ENS.csv,2015,44.9,1.75,78.6,6,1,0,1,0,V,V,Ph,V,Strained-Viable
Hong Kong,cleaned,Hong_Kong_cleaned.csv,2015,44.9,1.75,78.6,6,1,0,1,0,?,?,?,?,Strained-Viable
Hong Kong,cleaned,Hongkong_Manual_cleaned.csv,2015,44.9,1.75,78.6,6,1,0,1,0,?,?,?,?,Strained-Viable
India,nations_ENS,India_ENS.csv,2026,37.3,1.0,37.3,4,2,1,0,1,C,B,Cr,C,Fragmented
Indonesia,nations_ENS,Indonesia_ENS.csv,2025,26.8,-1.75,-46.9,0,0,6,1,1,B,Ph,Cr,B,Sys-Crisis
Indonesia,cleaned,Indonesia_cleaned.csv,2025,26.8,-1.75,-46.9,0,0,6,1,1,?,?,?,?,Sys-Crisis
Iran,nations_ENS,Iran_ENS.csv,2026,17.4,-2.0,-34.8,0,0,6,0,2,Cr,B,B,B,Sys-Crisis
Iran,v23_canonical,Iran_ENS_1875_2026_cleaned.csv,2026,17.4,-2.0,-34.8,0,0,6,0,2,Cr,B,B,B,Sys-Crisis
Iraq,nations_ENS,Iraq_ENS.csv,2025,20.8,-0.88,-18.3,0,0,5,3,0,B,B,B,Ph,Burning
Iraq,cleaned,Iraq_cleaned.csv,2025,20.8,-0.88,-18.3,0,0,5,3,0,?,?,?,?,Burning
Israel,nations_ENS,Israel_ENS.csv,2025,47.2,0.0,0.0,0,0,0,8,0,Ph,Ph,Ph,Ph,Fragmented
Israel_cleaned,cleaned,Israel_cleaned.csv,2025,47.2,0.0,0.0,0,0,0,8,0,?,?,?,?,Fragmented
Italy,nations_ENS,Italy_ENS.csv,2024,24.0,-1.38,-33.1,0,0,7,1,0,B,B,B,Ph,Burning
Italy,cleaned,Italy19002025_cleaned.csv,2024,24.0,-1.38,-33.1,0,0,7,1,0,?,?,?,?,Burning
Italy,cleaned,Italy_cleaned.csv,2024,24.0,-1.38,-33.1,0,0,7,1,0,?,?,?,?,Burning
Japan,nations_ENS,Japan_ENS.csv,2026,33.2,0.78,25.9,2,3,1,2,0,C,Ph,B,V,Fragmented
Japan,cleaned,Japan_cleaned.csv,2025,25.5,-5.75,-146.6,1,0,0,0,7,?,?,?,?,Sys-Crisis
Lebanon,nations_ENS,Lebanon_ENS.csv,2025,23.6,-0.38,-9.0,0,1,2,5,0,Ph,C,B,Ph,Fragmented
Lebanon,cleaned,Lebanon_cleaned.csv,2025,23.6,-0.38,-9.0,0,1,2,5,0,?,?,?,?,Fragmented
Netherlands,nations_ENS,Netherlands_ENS.csv,2024,33.9,6.0,203.4,7,1,0,0,0,V,C,V,V,Adaptive
New Zealand,v23_usp,NewZealand_Gem_April_cleaned.csv,2026,72.2,2.62,189.2,8,0,0,0,0,V,V,V,V,Adaptive
New Zealand,v23_usp,New_Zealand_1900_2026_claude_cleaned.csv,2026,21.0,-0.62,-13.0,1,2,5,0,0,B,C,B,C,Burning
Norway,nations_ENS,Norway_ENS.csv,2026,41.7,2.53,105.5,7,0,1,0,0,V,V,V,V,Adaptive
Norway,v23_canonical,Norway_ENS_1880_2026_cleaned.csv,2026,41.7,2.53,105.5,7,0,1,0,0,V,V,V,V,Adaptive
Pakistan,nations_ENS,Pakistan_ENS.csv,2025,34.1,1.0,34.1,0,8,0,0,0,C,C,C,C,Fragmented
Pakistan,cleaned,Pakistan_cleaned.csv,2025,34.1,1.0,34.1,0,8,0,0,0,?,?,?,?,Fragmented
Poland,nations_ENS,Poland_ENS.csv,2026,33.7,1.62,54.6,3,5,0,0,0,C,C,C,C,Fragmented
Poland,v23_canonical,Poland_ENS_1875_2026_cleaned.csv,2026,33.7,1.62,54.6,3,5,0,0,0,C,C,C,C,Fragmented
Russia,nations_ENS,Russia_ENS.csv,2026,36.9,-0.3,-11.1,0,1,6,1,0,B,Ph,B,C,Burning
Russia,v23_canonical,Russia_ENS_1800_2026_cleaned.csv,2026,36.9,-0.3,-11.1,0,1,6,1,0,B,Ph,B,C,Burning
Russia,cleaned,Russia_cleaned.csv,2025,38.1,-3.62,-137.9,0,1,4,1,2,?,?,?,?,Sys-Crisis
Saudi Arabia,nations_ENS,Saudi_Arabia_ENS.csv,2026,68.9,3.0,206.7,7,1,0,0,0,V,C,V,V,Adaptive
Singapore,nations_ENS,Singapore_ENS.csv,2025,91.5,5.5,503.2,8,0,0,0,0,V,V,V,V,Adaptive
South Africa,nations_ENS,South_Africa_ENS.csv,2025,39.6,-1.0,-39.6,1,0,7,0,0,B,B,V,B,Burning
Sweden,nations_ENS,Sweden_ENS.csv,2025,93.8,4.75,445.6,7,1,0,0,0,V,C,V,V,Adaptive
Sweden,v23_canonical,Sweden_ENS_1880_2026_cleaned.csv,2026,37.6,-0.3,-11.3,0,2,5,1,0,B,C,B,Ph,Burning
Syria,nations_ENS,Syria_ENS.csv,2024,5.4,-8.25,-44.6,0,0,0,0,8,Cr,Cr,Cr,Cr,Sys-Crisis
Syria,cleaned,Syria_cleaned.csv,2024,5.4,-8.25,-44.6,0,0,0,0,8,?,?,?,?,Sys-Crisis
Thailand,cleaned,Thailand_1850_2025_Thailand_1850_2025_cleaned.csv,2025,41.1,3.0,123.3,8,0,0,0,0,?,?,?,?,Adaptive
Thailand,nations_ENS,Thailand_ENS.csv,2025,32.0,-0.5,-16.0,0,2,4,2,0,B,B,Ph,B,Burning
Thailand,v23_canonical,Thailand_ENS_1850_2026_cleaned.csv,2025,32.0,-0.5,-16.0,0,2,4,2,0,B,B,Ph,B,Burning
Türkiye,nations_ENS,Turkiye_ENS.csv,2026,27.6,0.42,11.6,3,2,2,0,1,V,B,Cr,B,Fragmented
UAE,nations_ENS,UAE_ENS.csv,2026,100.0,6.62,662.0,8,0,0,0,0,V,V,V,V,Adaptive
USA,v23_usp,USA_cam5_1996_2026_cleaned.csv,2026,26.6,-1.85,-49.2,0,1,5,1,1,B,B,B,Cr,Sys-Crisis
Ukraine,cleaned,Ukraine.csv,2025,36.8,0.25,9.2,2,2,4,0,0,?,?,?,?,Burning
Ukraine,nations_ENS,Ukraine_ENS.csv,2025,52.4,-0.12,-6.3,3,1,3,0,1,V,V,B,C,Sym-Comp
Ukraine,cleaned,Ukraine_gem_1930_Jan26.csv,2025,52.4,-0.12,-6.3,3,1,3,0,1,V,V,B,C,Sym-Comp
United Kingdom,cleaned,UK_Grok_nov_new.csv,2025,55.9,2.5,139.8,4,4,0,0,0,?,?,?,?,Fragmented
United Kingdom,nations_ENS,UK_ENS.csv,2026,35.2,1.75,61.6,4,2,0,2,0,Ph,C,Ph,V,Fragmented
United Kingdom,v23_canonical,UK_ENS_1880_2026_cleaned.csv,2026,35.2,1.75,61.6,4,2,0,2,0,Ph,C,Ph,V,Fragmented
United States,nations_ENS,USA_ENS.csv,2026,16.0,-2.2,-35.2,0,0,5,1,2,B,Cr,Cr,B,Sys-Crisis
Venezuela,nations_ENS,Venezuela_ENS.csv,2025,10.1,-7.75,-78.3,0,0,2,0,6,B,Cr,Cr,Cr,Sys-Crisis
