Society,Year,series_file,tier,range_tier,eta_unscaled,eta_x1000,interpretation_hermes,V_mean,sigma_V,BS_Lore,BS_Archive,C_Hands,S_Hands,numerator,denominator,epsilon
Saudi Arabia,2025,Saudi_Arabia_cleaned_Bij_v10.csv,usp_or_legacy,out_of_range,12.699552,12699.552,Artificial high anchoring (Singapore pattern),27.9375,3.244587,1.446167,1.95145,9.0,0.0,25.399103,2.0,2.0
Australia,2024,Australia_cleaned_Bij_v10.csv,usp_or_legacy,out_of_range,2.804774,2804.774,Artificial high anchoring (Singapore pattern),20.15625,0.779999,0.801868,0.874451,8.0,0.0,5.609549,2.0,2.0
Denmark,2025,Denmark_ENS_Bij_v10.csv,canonical_ens,out_of_range,1.317354,1317.354,Artificial high anchoring (Singapore pattern),16.84375,3.018012,0.562274,0.720894,6.5,0.0,2.634708,2.0,2.0
UAE,2026,UAE_ENS_Bij_v10.csv,canonical_ens,in_range,1.043185,1043.185,Artificial high anchoring (Singapore pattern),21.625,0.484123,0.640819,0.640819,10.0,4.0,4.106489,3.936492,2.0
Netherlands,2024,Netherlands_ENS_Bij_v10.csv,canonical_ens,out_of_range,0.89062,890.62,Artificial high anchoring (Singapore pattern),14.8125,3.622305,0.41796,0.608821,7.0,0.0,1.781241,2.0,2.0
Thailand,2025,Thailand_1850_2025_Thailand_1850_2025_cleaned_Bij_v10.csv,usp_or_legacy,in_range,0.374623,374.623,Moderate Maritime,12.9375,0.165359,0.377404,0.377404,7.0,4.0,0.997035,2.661438,2.0
Singapore,2025,Singapore_ENS_Bij_v10.csv,canonical_ens,in_range,0.183776,183.776,Moderate Maritime,19.6875,1.919269,0.534047,0.581372,8.0,6.0,2.483841,13.515614,2.0
Pakistan,2025,Pakistan_ENS_Bij_v10.csv,canonical_ens,in_range,0.16879,168.79,Moderate Maritime,10.4375,0.165359,0.268606,0.268606,7.0,6.0,0.505045,2.992157,2.0
Pakistan,2025,Pakistan_cleaned_Bij_v10.csv,usp_or_legacy,in_range,0.16879,168.79,Moderate Maritime,10.4375,0.165359,0.268606,0.268606,7.0,6.0,0.505045,2.992157,2.0
Sweden,2025,Sweden_ENS_Bij_v10.csv,canonical_ens,in_range,0.138996,138.996,Moderate Maritime,19.125,2.57087,0.407061,0.56358,9.0,5.0,2.064701,14.854352,2.0
Israel,2025,Israel_ENS_Bij_v10.csv,canonical_ens,in_range,0.137782,137.782,Moderate Maritime,10.375,0.216506,0.263053,0.263053,7.0,7.0,0.484379,3.515544,2.0
israel,2025,Israel_cleaned_Bij_v10.csv,usp_or_legacy,in_range,0.137782,137.782,Moderate Maritime,10.375,0.216506,0.263053,0.263053,7.0,7.0,0.484379,3.515544,2.0
England,1900,England_cleaned_Bij_v10.csv,usp_or_legacy,in_range,0.131622,131.622,Moderate Maritime,16.3125,2.221169,0.388817,0.460584,8.0,4.0,1.432663,10.884678,2.0
New Zealand,2026,NewZealand_Gem_April_cleaned_Bij_v10.csv,usp_or_legacy,in_range,0.112813,112.813,Moderate Maritime,15.1875,1.657134,0.377943,0.445603,8.0,6.0,1.347301,11.942805,2.0
SpaceX,2026,SpaceX_cam5_2006_2026_cleaned_Bij_v10.csv,usp_or_legacy,in_range,0.080109,80.109,Organic / WATCH range,14.2,2.095829,0.405323,0.352346,7.0,5.0,0.999698,12.479146,2.0
Norway,2026,Norway_ENS_Bij_v10.csv,canonical_ens,in_range,0.079943,79.943,Organic / WATCH range,12.15,2.314627,0.366363,0.409447,6.0,4.0,0.900036,11.25851,2.0
Australia,2026,Australia_cam5_1996_2026_cleaned_Bij_v10.csv,usp_or_legacy,in_range,0.070035,70.035,Organic / WATCH range,11.8125,1.618979,0.327005,0.360342,6.0,5.0,0.707001,10.094896,2.0
China,2025,China_ENS_Bij_v10.csv,canonical_ens,in_range,0.070021,70.021,Organic / WATCH range,13.4875,2.137427,0.361885,0.396491,6.4,5.2,0.9183,13.11462,2.0
Indigenous Australia,2025,IndigenousAustralia_cleaned_Bij_v10.csv,usp_or_legacy,in_range,0.063821,63.821,Organic / WATCH range,12.375,2.087912,0.403643,0.382828,6.0,6.0,0.927156,14.52747,2.0
Chile,2026,Chile_ENS_Bij_v10.csv,canonical_ens,in_range,0.058886,58.886,Organic / WATCH range,11.15,1.779045,0.349279,0.367373,5.0,5.0,0.641579,10.895223,2.0
Poland,2026,Poland_ENS_Bij_v10.csv,canonical_ens,in_range,0.055505,55.505,Organic / WATCH range,10.2875,1.261386,0.307885,0.299514,5.0,5.0,0.46108,8.306928,2.0
Saudi Arabia,2026,Saudi_Arabia_ENS_Bij_v10.csv,canonical_ens,in_range,0.052486,52.486,Organic / WATCH range,15.6875,2.656801,0.31423,0.374581,8.0,6.0,0.941637,17.940808,2.0
Russia,2026,Russia_ENS_Bij_v10.csv,canonical_ens,in_range,0.051409,51.409,Organic / WATCH range,8.75,1.225765,0.257447,0.277605,6.2,5.4,0.443105,8.619131,2.0
United Kingdom,2026,UK_ENS_Bij_v10.csv,canonical_ens,in_range,0.047385,47.385,Organic / WATCH range,10.65,2.054264,0.315772,0.368291,5.0,5.0,0.58148,12.271319,2.0
Hong Kong,2015,Hong_Kong_cleaned_Bij_v10.csv,usp_or_legacy,in_range,0.045793,45.793,Organic / WATCH range,11.5,1.767767,0.330063,0.349806,5.0,6.0,0.57729,12.606602,2.0
Hong Kong,2015,Hong_Kong_ENS_Bij_v10.csv,canonical_ens,in_range,0.045793,45.793,Organic / WATCH range,11.5,1.767767,0.330063,0.349806,5.0,6.0,0.57729,12.606602,2.0
Hong Kong,2015,Hongkong_Manual_cleaned_Bij_v10.csv,usp_or_legacy,in_range,0.045793,45.793,Organic / WATCH range,11.5,1.767767,0.330063,0.349806,5.0,6.0,0.57729,12.606602,2.0
usa,2025,USA_cleaned_Bij_v10.csv,usp_or_legacy,out_of_range,0.043185,43.185,Organic / WATCH range,10.1625,3.026523,0.284499,0.382135,3.8,2.5,0.413125,9.566308,2.0
USA,2025,USA_HighRes_cleaned_Bij_v10.csv,usp_or_legacy,out_of_range,0.043185,43.185,Organic / WATCH range,10.1625,3.026523,0.284499,0.382135,3.8,2.5,0.413125,9.566308,2.0
usa_maximum_1790-2025_us_high_res,2025,Usa_Maximum_1790-2025_Us_High_Res_2025_1_cleaned_Bij_v10.csv,usp_or_legacy,out_of_range,0.043185,43.185,Organic / WATCH range,10.1625,3.026523,0.284499,0.382135,3.8,2.5,0.413125,9.566308,2.0
USA,2025,USA_Reconstructed_cleaned_Bij_v10.csv,usp_or_legacy,out_of_range,0.043185,43.185,Organic / WATCH range,10.1625,3.026523,0.284499,0.382135,3.8,2.5,0.413125,9.566308,2.0
China,2026,China_CAMS_1900_2026_cleaned_Bij_v10.csv,usp_or_legacy,in_range,0.042248,42.248,Organic / WATCH range,11.625,2.341874,0.336189,0.336189,6.0,6.0,0.678136,16.051245,2.0
Australia,2026,Australia_ENS_Bij_v10.csv,canonical_ens,in_range,0.040686,40.686,Organic / WATCH range,8.9,1.633248,0.270492,0.305828,5.0,5.0,0.41362,10.166241,2.0
Brazil,2025,Brazil_ENS_Bij_v10.csv,canonical_ens,in_range,0.038073,38.073,Organic / WATCH range,11.875,1.386317,0.288214,0.288214,6.0,8.0,0.498402,13.090537,2.0
Germany,2026,Germany_ENS_Bij_v10.csv,canonical_ens,in_range,0.033074,33.074,Organic / WATCH range,8.5875,1.684071,0.263856,0.278121,5.0,5.4,0.36692,11.093981,2.0
Canada,1905,Canada_cleaned_Bij_v10.csv,usp_or_legacy,in_range,0.027047,27.047,Organic / WATCH range,9.875,2.496873,0.312953,0.312953,4.0,5.0,0.391758,14.484365,2.0
Australia,2026,Australia_2026_cleaned_Bij_v10.csv,usp_or_legacy,in_range,0.02248,22.48,Organic / WATCH range,13.5625,3.422695,0.286673,0.383996,6.0,8.0,0.660488,29.381563,2.0
Japan,2026,Japan_ENS_Bij_v10.csv,canonical_ens,in_range,0.021865,21.865,Organic / WATCH range,9.025,2.426803,0.296327,0.305498,4.0,6.0,0.362109,16.560821,2.0
France,2026,France_ENS_Bij_v10.csv,canonical_ens,in_range,0.020971,20.971,Organic / WATCH range,9.0625,2.162717,0.271477,0.271477,5.0,7.2,0.3685,17.571561,2.0
Germany,2026,Germany_CAMS_1900_2026_cleaned_Bij_v10.csv,usp_or_legacy,in_range,0.020484,20.484,Organic / WATCH range,6.8125,1.69443,0.238295,0.238295,5.0,7.0,0.283922,13.861011,2.0
Latium Vetus,2010,LatimVetus_ENS_460_2010_cleaned_Bij_v10.csv,cleaned_ens,in_range,0.019536,19.536,Organic / WATCH range,7.6,2.658477,0.281748,0.296087,5.2,7.6,0.433794,22.204425,2.0
New Zealand,2026,New_Zealand_1900_2026_claude_cleaned_Bij_v10.csv,usp_or_legacy,in_range,0.019357,19.357,Organic / WATCH range,6.25,2.331845,0.24881,0.24881,5.0,6.0,0.309533,15.991069,2.0
Russia,1830,Russia_1800_1830_claude_cleaned_Bij_v10.csv,usp_or_legacy,in_range,0.018207,18.207,Organic / WATCH range,9.0,2.304886,0.269426,0.245092,5.0,7.0,0.33017,18.134203,2.0
Spain,1830,Spain_1800_1830_cleaned_Bij_v10.csv,usp_or_legacy,in_range,0.017614,17.614,Organic / WATCH range,7.1875,3.665187,0.262351,0.268463,6.0,6.0,0.42259,23.99112,2.0
Colombia,2026,Colombia_ENS_Bij_v10.csv,canonical_ens,in_range,0.017543,17.543,Organic / WATCH range,6.8125,1.836054,0.238925,0.238925,4.0,6.0,0.228341,13.016323,2.0
Ukraine,2025,Ukraine_ENS_Bij_v10.csv,canonical_ens,out_of_range,0.017222,17.222,Organic / WATCH range,10.3125,5.744223,0.339745,0.305669,7.0,7.0,0.726947,42.209558,2.0
Thailand,2025,Thailand_ENS_Bij_v10.csv,canonical_ens,in_range,0.017007,17.007,Organic / WATCH range,7.8125,1.836054,0.222039,0.199394,5.0,6.0,0.221367,13.016323,2.0
China,2026,China_CAMS5_ensemble_1850_2026_cleaned_Bij_v10.csv,usp_or_legacy,in_range,0.016464,16.464,Organic / WATCH range,9.425,2.242069,0.26823,0.27152,4.0,7.0,0.291319,17.694485,2.0
Iraq,2025,Iraq_cleaned_Bij_v10.csv,usp_or_legacy,in_range,0.015844,15.844,Organic / WATCH range,6.1875,1.559998,0.22622,0.22622,4.0,7.0,0.204702,12.919986,2.0
Iraq,2025,Iraq_ENS_Bij_v10.csv,canonical_ens,in_range,0.015844,15.844,Organic / WATCH range,6.1875,1.559998,0.22622,0.22622,4.0,7.0,0.204702,12.919986,2.0
France,2026,France_1900_2026_cleaned_Bij_v10.csv,usp_or_legacy,in_range,0.014631,14.631,Organic / WATCH range,8.5,3.984344,0.307013,0.356124,4.0,7.0,0.437339,29.890411,2.0
South Africa,2025,South_Africa_ENS_Bij_v10.csv,canonical_ens,in_range,0.014602,14.602,Organic / WATCH range,7.875,4.614854,0.182193,0.182193,9.0,4.0,0.29875,20.459415,2.0
Germany,2025,Germany_cleaned_Bij_v10.csv,usp_or_legacy,out_of_range,0.01381,13.81,Organic / WATCH range,9.5625,2.545676,0.217501,0.284015,5.0,8.0,0.308867,22.365412,2.0
Lebanon,2025,Lebanon_ENS_Bij_v10.csv,canonical_ens,in_range,0.012896,12.896,Organic / WATCH range,6.875,1.980372,0.241878,0.211429,4.0,7.0,0.20456,15.862607,2.0
Lebanon,2025,Lebanon_cleaned_Bij_v10.csv,usp_or_legacy,in_range,0.012896,12.896,Organic / WATCH range,6.875,1.980372,0.241878,0.211429,4.0,7.0,0.20456,15.862607,2.0
Italy,2024,Italy_cleaned_Bij_v10.csv,usp_or_legacy,out_of_range,0.011302,11.302,Organic / WATCH range,5.875,1.57619,0.194402,0.212338,4.0,8.0,0.165116,14.60952,2.0
Italy,2024,Italy_ENS_Bij_v10.csv,canonical_ens,in_range,0.011302,11.302,Organic / WATCH range,5.875,1.57619,0.194402,0.212338,4.0,8.0,0.165116,14.60952,2.0
Italy,2024,Italy19002025_cleaned_Bij_v10.csv,usp_or_legacy,out_of_range,0.011302,11.302,Organic / WATCH range,5.875,1.57619,0.194402,0.212338,4.0,8.0,0.165116,14.60952,2.0
India,2026,India_ENS_Bij_v10.csv,canonical_ens,in_range,0.010272,10.272,Organic / WATCH range,9.925,3.147916,0.249166,0.260748,3.8,7.0,0.246884,24.035412,2.0
Iran,2026,Iran_ENS_Bij_v10.csv,canonical_ens,in_range,0.010064,10.064,Organic / WATCH range,4.1625,1.840474,0.185024,0.182371,4.0,6.2,0.134971,13.410937,2.0
Canada,2026,Canada_ENS_Bij_v10.csv,canonical_ens,in_range,0.009013,9.013,Organic / WATCH range,6.3125,2.483665,0.227511,0.221511,4.0,8.2,0.201585,22.366056,2.0
Indonesia,2025,Indonesia_ENS_Bij_v10.csv,canonical_ens,in_range,0.008913,8.913,Organic / WATCH range,6.0,2.136001,0.220711,0.1927,4.0,8.0,0.170124,19.088007,2.0
Indonesia,2025,Indonesia_cleaned_Bij_v10.csv,usp_or_legacy,in_range,0.008913,8.913,Organic / WATCH range,6.0,2.136001,0.220711,0.1927,4.0,8.0,0.170124,19.088007,2.0
Türkiye,2026,Turkiye_ENS_Bij_v10.csv,canonical_ens,in_range,0.006267,6.267,Organic / WATCH range,8.0625,3.306031,0.213298,0.19439,3.8,7.0,0.157559,25.14222,2.0
USA,2026,MARKER_USA_1900_2026_ENSEMBLE_MEAN_cleaned_Bij_v10.csv,usp_or_legacy,in_range,0.004236,4.236,Organic / WATCH range,4.1125,3.045258,0.134237,0.175197,4.2,7.0,0.098775,23.316803,2.0
Argentina,2026,Argentina_CAMS5_calc_1950_2026_cleaned_Bij_v10.csv,usp_or_legacy,in_range,0.003919,3.919,Organic / WATCH range,2.7,1.443087,0.141496,0.125052,3.0,8.0,0.053083,13.544696,2.0
Argentina,2026,Argentina_CAMS5_ensemble_1950_2026_cleaned_Bij_v10.csv,usp_or_legacy,in_range,0.003919,3.919,Organic / WATCH range,2.7,1.443087,0.141496,0.125052,3.0,8.0,0.053083,13.544696,2.0
Argentina,2026,Argentina_cam5_1950_2026_cleaned_Bij_v10.csv,usp_or_legacy,in_range,0.003919,3.919,Organic / WATCH range,2.7,1.443087,0.141496,0.125052,3.0,8.0,0.053083,13.544696,2.0
Argentina,2026,Argentina_ENS_Bij_v10.csv,canonical_ens,in_range,0.003919,3.919,Organic / WATCH range,2.7,1.443087,0.141496,0.125052,3.0,8.0,0.053083,13.544696,2.0
Roman Empire,425,New_Rome_Ad_5Y_Rome_0_Bce_5Ad_10Ad_15Ad_20_Ad_cleaned_Bij_v10.csv,usp_or_legacy,out_of_range,0.003818,3.818,Organic / WATCH range,4.3125,2.609328,0.123017,0.224022,1.0,2.0,0.027558,7.218656,2.0
France,1830,France_1800_1830_GEM_cleaned_Bij_v10.csv,usp_or_legacy,in_range,0.003074,3.074,Organic / WATCH range,5.5625,4.390597,0.151483,0.232893,4.0,10.0,0.141117,45.905972,2.0
USA,2026,USA_cam5_1996_2026_cleaned_Bij_v10.csv,usp_or_legacy,in_range,0.003061,3.061,Organic / WATCH range,5.425,2.650354,0.178151,0.145028,3.0,8.8,0.077511,25.323113,2.0
Russia,2025,Russia_cleaned_Bij_v10.csv,usp_or_legacy,in_range,0.002286,2.286,Organic / WATCH range,5.1875,6.632955,0.15664,0.110801,9.0,10.0,0.156202,68.329551,2.0
United States,2026,USA_ENS_Bij_v10.csv,canonical_ens,in_range,0.001957,1.957,Organic / WATCH range,3.55,2.371708,0.112302,0.130128,3.0,8.6,0.043841,22.396691,2.0
Japan,2025,Japan_cleaned_Bij_v10.csv,usp_or_legacy,in_range,0.001006,1.006,Organic / WATCH range,1.4375,4.952509,0.153048,0.153048,2.0,9.0,0.046847,46.57258,2.0
Rome,450,Rome_CAMS_recalculated_cleaned_Bij_v10.csv,usp_or_legacy,in_range,0.000812,0.812,Organic / WATCH range,-1.0,4.48609,0.146337,0.130084,2.0,10.0,0.038072,46.860896,2.0
Afghanistan,2025,Afghanistan_cleaned_Bij_v10.csv,usp_or_legacy,in_range,0.000422,0.422,Organic / WATCH range,-2.75,1.920286,0.097971,0.091258,1.0,10.0,0.008941,21.202864,2.0
France,1830,France_1800_1830_claude_cleaned_Bij_v10.csv,usp_or_legacy,in_range,0.000318,0.318,Organic / WATCH range,-4.25,2.291288,0.069358,0.057199,2.0,10.0,0.007934,24.912878,2.0
Venezuela,2025,Venezuela_ENS_Bij_v10.csv,canonical_ens,in_range,0.000275,0.275,Organic / WATCH range,-2.9375,4.772562,0.094553,0.048195,3.0,10.0,0.013671,49.725616,2.0
Syria,2024,Syria_cleaned_Bij_v10.csv,usp_or_legacy,in_range,0.000241,0.241,Organic / WATCH range,-4.9375,1.509087,0.069568,0.059179,1.0,10.0,0.004117,17.090871,2.0
Syria,2024,Syria_ENS_Bij_v10.csv,canonical_ens,in_range,0.000241,0.241,Organic / WATCH range,-4.9375,1.509087,0.069568,0.059179,1.0,10.0,0.004117,17.090871,2.0
Netherlands,2024,Netherlands_cleaned_Bij_v10.csv,usp_or_legacy,out_of_range,-0.418619,-418.619,Organic / WATCH range,16.4375,4.326066,0.476914,0.834147,7.0,-2.0,2.784711,-6.652131,2.0
Denmark,2025,Denmark_cleaned_Bij_v10.csv,usp_or_legacy,out_of_range,-0.744888,-744.888,Organic / WATCH range,19.84375,3.89097,0.758445,1.167585,6.5,-2.5,5.756065,-7.727425,2.0
usa_master,2023,USA_Master_cleaned_Bij_v10.csv,usp_or_legacy,out_of_range,-0.924762,-924.762,Organic / WATCH range,19.4375,1.157516,1.163112,1.21301,4.0,-7.0,5.643468,-6.102613,2.0
Singapore,2025,Singapore_cleaned_Bij_v10.csv,usp_or_legacy,out_of_range,-1.764095,-1764.095,Organic / WATCH range,17.0,2.474874,0.855625,0.76021,8.0,-2.0,5.203636,-2.949747,2.0
Iran,2025,Iran_cleaned_Bij_v10.csv,usp_or_legacy,out_of_range,-2.374935,-2374.935,Organic / WATCH range,23.0625,4.977685,1.706838,1.581327,7.0,-2.0,18.893484,-7.955369,2.0
France,2024,France_Master_3_France_1785_1790_1795_1800_cleaned_Bij_v10.csv,usp_or_legacy,out_of_range,-4.100646,-4100.646,Organic / WATCH range,18.75,2.979094,0.728958,0.917957,6.0,-1.0,4.014917,-0.979094,2.0
France,2024,France_1785_1800_cleaned_Bij_v10.csv,usp_or_legacy,out_of_range,-4.100646,-4100.646,Organic / WATCH range,18.75,2.979094,0.728958,0.917957,6.0,-1.0,4.014917,-0.979094,2.0
France,2024,France_cleaned_Bij_v10.csv,usp_or_legacy,out_of_range,-4.100646,-4100.646,Organic / WATCH range,18.75,2.979094,0.728958,0.917957,6.0,-1.0,4.014917,-0.979094,2.0
India,2024,India_cleaned_Bij_v10.csv,usp_or_legacy,out_of_range,-14.563652,-14563.652,Organic / WATCH range,24.6875,0.899218,1.51167,1.538451,10.0,-4.0,23.256312,-1.596874,2.0
WorldCom,2001,WorldCom_cleaned_Bij_v10.csv,usp_or_legacy,out_of_range,,,Moderate Maritime,0.0625,5.875997,,,3.0,10.0,,60.759973,2.0
