Society,Year,Node,C_sd,K_sd,S_sd,A_sd,V_range,V_min,V_max
Ethiopia,1960,Helm,0.4472,0.5477,0.5477,0.5477,1.5,5.0,6.5
Ethiopia,1960,Shield,0.4472,0.4472,0.4472,0.8367,2.0,6.0,8.0
Ethiopia,1960,Lore,0.7071,1.0954,0.7071,0.8367,3.5,9.0,12.5
Ethiopia,1960,Stewards,0.5477,0.8944,0.4472,0.7071,4.5,2.5,7.0
Ethiopia,1960,Craft,0.0,0.5477,0.0,0.4472,1.0,5.0,6.0
Ethiopia,1960,Hands,0.4472,0.8367,0.4472,0.5477,1.0,2.5,3.5
Ethiopia,1960,Archive,0.5477,0.0,0.5477,0.4472,2.0,5.0,7.0
Ethiopia,1960,Flow,0.8367,0.0,0.4472,0.5477,2.0,3.5,5.5
Ethiopia,1961,Helm,0.5477,0.4472,0.0,0.7071,2.0,4.0,6.0
Ethiopia,1961,Shield,0.4472,0.8367,0.5477,0.8367,1.0,6.0,7.0
Ethiopia,1961,Lore,0.4472,0.4472,0.5477,0.8944,2.5,8.5,11.0
Ethiopia,1961,Stewards,0.7071,0.0,0.4472,0.4472,3.0,3.0,6.0
Ethiopia,1961,Craft,0.4472,0.7071,0.7071,0.0,3.0,3.0,6.0
Ethiopia,1961,Hands,0.7071,0.4472,0.8367,0.8367,3.0,2.0,5.0
Ethiopia,1961,Archive,0.0,0.4472,0.5477,0.7071,1.5,4.0,5.5
Ethiopia,1961,Flow,0.7071,0.5477,1.0,0.8944,1.0,4.0,5.0
Ethiopia,1962,Helm,0.5477,0.7071,0.5477,0.5477,3.5,2.5,6.0
Ethiopia,1962,Shield,0.4472,0.5477,0.5477,0.5477,2.5,5.0,7.5
Ethiopia,1962,Lore,1.0954,0.7071,0.8944,0.5477,5.0,7.0,12.0
Ethiopia,1962,Stewards,0.5477,0.7071,0.8944,0.8944,2.0,3.5,5.5
Ethiopia,1962,Craft,0.4472,0.4472,0.5477,0.0,2.0,4.0,6.0
Ethiopia,1962,Hands,0.7071,0.0,0.4472,0.0,2.0,2.5,4.5
Ethiopia,1962,Archive,0.0,0.4472,0.5477,0.0,2.0,5.0,7.0
Ethiopia,1962,Flow,0.8367,0.0,0.7071,0.0,3.0,2.5,5.5
Ethiopia,1963,Helm,0.4472,0.0,0.4472,0.7071,1.0,4.5,5.5
Ethiopia,1963,Shield,0.4472,0.4472,0.5477,0.4472,2.0,4.5,6.5
Ethiopia,1963,Lore,0.5477,0.5477,0.5477,0.7071,4.0,7.5,11.5
Ethiopia,1963,Stewards,0.7071,0.8367,0.5477,0.5477,3.0,3.0,6.0
Ethiopia,1963,Craft,0.0,0.8367,0.8944,0.0,3.0,3.0,6.0
Ethiopia,1963,Hands,0.8944,0.8367,0.5477,0.7071,4.0,1.5,5.5
Ethiopia,1963,Archive,0.8944,0.7071,0.4472,1.0,4.0,3.5,7.5
Ethiopia,1963,Flow,0.4472,0.0,0.4472,0.0,1.0,3.5,4.5
Ethiopia,1964,Helm,0.7071,0.4472,0.0,0.8367,1.5,3.0,4.5
Ethiopia,1964,Shield,0.7071,1.0,0.4472,0.5477,3.5,3.0,6.5
Ethiopia,1964,Lore,0.5477,0.7071,0.4472,0.5477,2.5,7.5,10.0
Ethiopia,1964,Stewards,0.4472,0.0,0.4472,0.8367,2.5,2.5,5.0
Ethiopia,1964,Craft,0.7071,0.8367,0.8944,0.4472,2.0,4.0,6.0
Ethiopia,1964,Hands,0.4472,0.0,0.4472,0.4472,1.5,2.5,4.0
Ethiopia,1964,Archive,0.4472,0.8367,0.5477,0.4472,2.5,3.0,5.5
Ethiopia,1964,Flow,0.5477,0.8367,0.7071,0.0,2.0,1.5,3.5
Ethiopia,1965,Helm,0.8367,0.7071,0.5477,0.8367,2.5,1.5,4.0
Ethiopia,1965,Shield,0.5477,0.8367,0.5477,0.4472,3.5,2.5,6.0
Ethiopia,1965,Lore,0.5477,0.5477,0.4472,0.4472,2.0,8.0,10.0
Ethiopia,1965,Stewards,0.8367,0.4472,0.4472,0.5477,3.5,1.5,5.0
Ethiopia,1965,Craft,0.8944,0.5477,0.4472,0.7071,4.0,2.5,6.5
Ethiopia,1965,Hands,0.4472,0.4472,0.7071,0.7071,2.0,2.5,4.5
Ethiopia,1965,Archive,0.0,0.0,0.4472,0.5477,1.5,4.5,6.0
Ethiopia,1965,Flow,0.5477,0.4472,0.5477,1.0,3.0,2.0,5.0
Ethiopia,1966,Helm,0.5477,0.4472,0.8367,0.5477,2.5,1.5,4.0
Ethiopia,1966,Shield,0.0,0.7071,0.4472,0.4472,1.5,4.0,5.5
Ethiopia,1966,Lore,0.4472,0.4472,0.4472,0.5477,1.0,7.5,8.5
Ethiopia,1966,Stewards,0.5477,0.7071,0.0,0.5477,1.5,2.5,4.0
Ethiopia,1966,Craft,0.5477,0.0,0.5477,0.0,2.0,3.0,5.0
Ethiopia,1966,Hands,0.4472,0.7071,0.4472,0.5477,0.5,3.0,3.5
Ethiopia,1966,Archive,0.4472,0.4472,0.5477,0.8367,2.5,4.0,6.5
Ethiopia,1966,Flow,0.5477,0.7071,0.8367,0.4472,3.0,1.5,4.5
Ethiopia,1967,Helm,0.5477,0.5477,0.0,0.5477,1.5,0.5,2.0
Ethiopia,1967,Shield,0.4472,0.5477,0.4472,0.0,1.0,3.5,4.5
Ethiopia,1967,Lore,0.5477,0.5477,0.7071,0.4472,3.0,5.5,8.5
Ethiopia,1967,Stewards,0.8944,0.4472,0.8367,0.5477,2.0,1.5,3.5
Ethiopia,1967,Craft,0.7071,0.5477,0.5477,0.4472,2.5,3.0,5.5
Ethiopia,1967,Hands,0.4472,0.4472,0.4472,0.8367,4.0,1.0,5.0
Ethiopia,1967,Archive,0.5477,0.8367,0.8367,0.5477,4.5,1.5,6.0
Ethiopia,1967,Flow,0.5477,0.4472,0.4472,0.4472,3.0,1.5,4.5
Ethiopia,1968,Helm,0.5477,0.4472,0.5477,0.5477,3.5,-0.5,3.0
Ethiopia,1968,Shield,0.5477,0.4472,0.0,0.5477,1.5,3.5,5.0
Ethiopia,1968,Lore,0.7071,0.5477,0.5477,0.5477,2.0,5.5,7.5
Ethiopia,1968,Stewards,0.8367,0.4472,0.4472,0.4472,1.5,2.0,3.5
Ethiopia,1968,Craft,0.0,0.0,0.5477,0.7071,1.0,4.0,5.0
Ethiopia,1968,Hands,0.4472,1.3038,0.5477,0.8367,4.0,1.0,5.0
Ethiopia,1968,Archive,0.5477,0.4472,0.8944,0.0,2.0,3.0,5.0
Ethiopia,1968,Flow,0.5477,0.0,0.5477,0.0,2.0,1.5,3.5
Ethiopia,1969,Helm,0.4472,1.0,0.5477,0.5477,1.5,-0.5,1.0
Ethiopia,1969,Shield,0.8367,0.5477,0.5477,0.0,3.0,2.5,5.5
Ethiopia,1969,Lore,0.0,0.5477,0.5477,0.5477,1.5,6.5,8.0
Ethiopia,1969,Stewards,0.5477,0.4472,0.5477,0.4472,3.0,1.5,4.5
Ethiopia,1969,Craft,0.0,0.0,0.7071,0.5477,2.5,3.0,5.5
Ethiopia,1969,Hands,0.5477,0.7071,0.8944,0.7071,3.0,2.0,5.0
Ethiopia,1969,Archive,0.4472,0.4472,0.8367,0.0,2.0,3.0,5.0
Ethiopia,1969,Flow,0.5477,0.4472,0.5477,0.0,1.0,1.5,2.5
Ethiopia,1970,Helm,0.7071,0.5477,0.5477,0.5477,1.5,-1.0,0.5
Ethiopia,1970,Shield,0.5477,0.0,0.4472,0.4472,1.0,2.5,3.5
Ethiopia,1970,Lore,0.0,0.7071,0.8367,0.5477,2.5,4.5,7.0
Ethiopia,1970,Stewards,0.5477,0.7071,0.0,0.5477,2.0,1.5,3.5
Ethiopia,1970,Craft,0.0,0.5477,0.7071,0.0,2.0,4.0,6.0
Ethiopia,1970,Hands,0.5477,0.7071,0.5477,1.1402,3.0,2.5,5.5
Ethiopia,1970,Archive,0.5477,0.5477,0.7071,0.8367,2.5,1.5,4.0
Ethiopia,1970,Flow,0.4472,0.4472,0.5477,0.4472,1.5,1.5,3.0
Ethiopia,1971,Helm,0.8367,1.3038,1.3038,0.7071,4.5,-2.5,2.0
Ethiopia,1971,Shield,1.1402,0.7071,1.2247,0.8367,5.5,0.5,6.0
Ethiopia,1971,Lore,1.9235,1.8708,1.0,0.7071,6.5,0.5,7.0
Ethiopia,1971,Stewards,1.2247,1.1402,0.4472,0.8367,2.0,2.0,4.0
Ethiopia,1971,Craft,0.5477,0.7071,1.5811,1.6432,6.0,-0.5,5.5
Ethiopia,1971,Hands,0.8367,0.7071,1.0954,1.8166,5.5,-2.0,3.5
Ethiopia,1971,Archive,0.5477,0.4472,0.8367,0.8944,2.5,1.5,4.0
Ethiopia,1971,Flow,0.8944,0.8944,1.3038,0.8367,4.0,-1.0,3.0
Ethiopia,1972,Helm,1.3038,0.5477,0.8367,0.8944,3.0,-2.0,1.0
Ethiopia,1972,Shield,1.4142,0.5477,0.8944,0.8367,3.5,0.0,3.5
Ethiopia,1972,Lore,0.8367,1.0954,1.0,0.5477,4.0,1.5,5.5
Ethiopia,1972,Stewards,1.0,1.3038,0.5477,1.1402,2.5,0.0,2.5
Ethiopia,1972,Craft,1.0,1.3416,1.2247,0.4472,6.5,0.5,7.0
Ethiopia,1972,Hands,0.4472,0.0,0.8944,0.8944,2.5,0.0,2.5
Ethiopia,1972,Archive,0.8944,0.5477,0.8367,1.6733,4.0,2.5,6.5
Ethiopia,1972,Flow,0.5477,1.9235,0.5477,0.7071,3.5,2.0,5.5
Ethiopia,1973,Helm,0.8367,1.3416,1.2247,2.1213,5.5,-6.5,-1.0
Ethiopia,1973,Shield,1.6432,1.3038,0.5477,0.5477,3.5,-0.5,3.0
Ethiopia,1973,Lore,1.4142,0.4472,0.8367,1.3038,3.5,3.5,7.0
Ethiopia,1973,Stewards,1.9494,1.5166,0.4472,1.3038,7.5,-1.0,6.5
Ethiopia,1973,Craft,0.5477,2.1213,1.6733,1.9235,9.5,-1.0,8.5
Ethiopia,1973,Hands,0.7071,1.1402,0.8944,1.1402,2.5,0.5,3.0
Ethiopia,1973,Archive,1.3038,1.4832,2.0736,1.6432,7.0,0.0,7.0
Ethiopia,1973,Flow,1.3038,1.5166,1.8166,0.7071,2.0,2.5,4.5
Ethiopia,1974,Helm,1.0954,2.2804,0.8367,0.5477,8.0,-5.5,2.5
Ethiopia,1974,Shield,0.5477,0.8367,1.5166,2.0494,4.0,-2.0,2.0
Ethiopia,1974,Lore,0.5477,2.3022,1.7321,1.7889,11.0,-0.5,10.5
Ethiopia,1974,Stewards,1.6733,1.0954,1.3038,0.4472,1.5,0.5,2.0
Ethiopia,1974,Craft,1.8166,1.8708,2.0736,1.4832,5.5,1.5,7.0
Ethiopia,1974,Hands,1.3038,1.3038,1.6432,1.3038,4.5,0.0,4.5
Ethiopia,1974,Archive,1.3038,1.5166,2.3022,2.1679,8.0,-2.0,6.0
Ethiopia,1974,Flow,1.0954,1.9494,1.6733,1.0954,8.0,-1.0,7.0
Ethiopia,1975,Helm,0.8367,2.3452,1.3416,1.5166,6.5,-5.5,1.0
Ethiopia,1975,Shield,0.5477,1.5166,0.8367,0.8944,5.5,1.0,6.5
Ethiopia,1975,Lore,1.1402,1.7321,1.9494,1.4832,5.5,1.0,6.5
Ethiopia,1975,Stewards,1.5166,0.8944,1.0954,1.6432,7.0,-1.5,5.5
Ethiopia,1975,Craft,1.0954,1.5166,1.0954,1.5166,3.5,-1.0,2.5
Ethiopia,1975,Hands,1.1402,0.8367,1.3038,1.0,7.0,-1.5,5.5
Ethiopia,1975,Archive,1.6733,1.4142,1.6432,1.6733,5.0,0.0,5.0
Ethiopia,1975,Flow,1.3038,2.0494,1.5811,0.8944,8.0,-4.5,3.5
Ethiopia,1976,Helm,1.1402,1.0954,1.0954,0.7071,3.5,-1.0,2.5
Ethiopia,1976,Shield,0.8367,1.7889,1.5166,1.2247,5.5,1.5,7.0
Ethiopia,1976,Lore,0.7071,0.8944,0.8367,0.4472,3.5,4.0,7.5
Ethiopia,1976,Stewards,1.9235,0.4472,1.0,1.3038,6.0,-2.0,4.0
Ethiopia,1976,Craft,1.4832,0.8367,0.5477,0.8367,3.0,1.5,4.5
Ethiopia,1976,Hands,0.5477,0.5477,0.5477,1.1402,2.0,3.0,5.0
Ethiopia,1976,Archive,0.8367,0.8367,1.4832,0.8367,6.5,0.0,6.5
Ethiopia,1976,Flow,0.8367,1.1402,0.4472,0.8944,2.0,-1.0,1.0
Ethiopia,1977,Helm,1.1402,0.5477,0.8944,0.4472,4.0,2.0,6.0
Ethiopia,1977,Shield,1.3416,1.9494,0.8944,1.8708,6.0,2.5,8.5
Ethiopia,1977,Lore,1.0,0.7071,1.2247,1.1402,4.0,5.0,9.0
Ethiopia,1977,Stewards,0.8367,0.8367,0.5477,0.8367,4.5,-2.0,2.5
Ethiopia,1977,Craft,0.0,0.4472,1.0954,0.7071,2.0,1.0,3.0
Ethiopia,1977,Hands,0.7071,1.1402,0.7071,0.4472,4.0,1.5,5.5
Ethiopia,1977,Archive,1.0954,1.3038,0.5477,0.5477,6.0,-1.5,4.5
Ethiopia,1977,Flow,0.8367,1.3038,0.8367,1.1402,5.5,-2.5,3.0
Ethiopia,1978,Helm,0.4472,0.4472,1.0,1.0954,1.5,1.0,2.5
Ethiopia,1978,Shield,1.1402,1.5166,0.8944,1.5166,6.5,3.5,10.0
Ethiopia,1978,Lore,0.4472,0.4472,0.0,0.0,2.0,6.0,8.0
Ethiopia,1978,Stewards,0.5477,0.7071,0.4472,0.8367,1.5,-0.5,1.0
Ethiopia,1978,Craft,0.8367,0.4472,0.4472,0.0,3.0,2.0,5.0
Ethiopia,1978,Hands,0.5477,0.5477,0.4472,0.0,2.0,1.5,3.5
Ethiopia,1978,Archive,0.7071,0.5477,0.7071,0.7071,4.5,1.0,5.5
Ethiopia,1978,Flow,0.5477,0.4472,0.4472,0.4472,2.0,-0.5,1.5
Ethiopia,1979,Helm,0.5477,0.4472,0.7071,0.4472,4.0,-1.0,3.0
Ethiopia,1979,Shield,0.8944,1.5811,1.5166,0.5477,3.5,3.0,6.5
Ethiopia,1979,Lore,0.4472,0.5477,0.4472,0.7071,1.5,5.5,7.0
Ethiopia,1979,Stewards,0.0,0.4472,0.4472,0.8944,0.5,1.0,1.5
Ethiopia,1979,Craft,0.0,0.0,0.4472,0.8367,2.0,2.5,4.5
Ethiopia,1979,Hands,0.7071,0.4472,0.4472,0.4472,2.0,1.5,3.5
Ethiopia,1979,Archive,0.5477,0.4472,0.0,0.8367,2.5,1.5,4.0
Ethiopia,1979,Flow,0.0,0.8367,0.4472,0.7071,4.0,-1.0,3.0
Ethiopia,1980,Helm,0.4472,0.0,0.4472,0.8367,1.0,1.0,2.0
Ethiopia,1980,Shield,0.8367,0.8367,1.2247,1.1402,2.0,3.5,5.5
Ethiopia,1980,Lore,0.4472,0.7071,0.4472,0.4472,2.0,6.0,8.0
Ethiopia,1980,Stewards,0.5477,0.0,0.4472,0.4472,2.0,-1.0,1.0
Ethiopia,1980,Craft,0.5477,0.8367,0.5477,0.0,2.0,3.0,5.0
Ethiopia,1980,Hands,0.4472,0.0,1.0954,0.0,4.0,0.5,4.5
Ethiopia,1980,Archive,0.4472,0.4472,0.4472,0.4472,2.5,2.5,5.0
Ethiopia,1980,Flow,0.4472,0.4472,0.0,0.4472,2.0,-1.5,0.5
Ethiopia,1981,Helm,0.4472,0.5477,0.4472,0.5477,1.5,0.0,1.5
Ethiopia,1981,Shield,0.7071,0.7071,0.8944,0.8367,3.5,3.5,7.0
Ethiopia,1981,Lore,0.5477,0.4472,0.0,0.5477,2.0,5.0,7.0
Ethiopia,1981,Stewards,0.4472,0.4472,0.4472,0.5477,2.0,-1.0,1.0
Ethiopia,1981,Craft,0.4472,0.4472,0.4472,0.4472,2.5,2.0,4.5
Ethiopia,1981,Hands,0.4472,0.0,0.8367,0.4472,2.5,1.5,4.0
Ethiopia,1981,Archive,0.5477,0.4472,0.4472,0.7071,2.0,2.5,4.5
Ethiopia,1981,Flow,0.0,0.0,0.5477,0.8367,2.0,-2.0,0.0
Ethiopia,1982,Helm,0.7071,0.5477,0.0,0.5477,1.5,0.5,2.0
Ethiopia,1982,Shield,0.4472,0.7071,0.5477,0.4472,3.0,4.0,7.0
Ethiopia,1982,Lore,0.4472,0.5477,0.0,0.0,2.0,4.5,6.5
Ethiopia,1982,Stewards,0.5477,0.4472,0.4472,0.4472,2.5,-0.5,2.0
Ethiopia,1982,Craft,0.5477,0.5477,0.4472,0.4472,1.5,2.0,3.5
Ethiopia,1982,Hands,0.7071,0.4472,0.5477,0.0,2.0,0.5,2.5
Ethiopia,1982,Archive,0.4472,0.0,0.5477,0.5477,1.5,1.5,3.0
Ethiopia,1982,Flow,0.4472,0.5477,0.5477,0.0,1.0,-0.5,0.5
Ethiopia,1983,Helm,0.5477,0.5477,0.7071,0.4472,1.0,0.0,1.0
Ethiopia,1983,Shield,0.4472,0.8367,0.4472,0.4472,4.0,3.0,7.0
Ethiopia,1983,Lore,0.0,0.5477,0.5477,0.5477,2.0,5.5,7.5
Ethiopia,1983,Stewards,0.5477,0.7071,0.4472,0.5477,2.5,-0.5,2.0
Ethiopia,1983,Craft,0.7071,0.8367,0.4472,0.8367,1.5,2.5,4.0
Ethiopia,1983,Hands,0.0,0.4472,0.4472,0.4472,2.5,0.5,3.0
Ethiopia,1983,Archive,0.5477,0.4472,0.4472,0.7071,3.0,1.5,4.5
Ethiopia,1983,Flow,0.0,0.0,0.5477,0.5477,1.5,-2.5,-1.0
Ethiopia,1984,Helm,0.4472,0.5477,0.5477,0.8367,3.0,-0.5,2.5
Ethiopia,1984,Shield,0.5477,0.7071,0.0,0.7071,2.5,4.0,6.5
Ethiopia,1984,Lore,0.5477,0.8944,1.0954,0.5477,2.0,4.5,6.5
Ethiopia,1984,Stewards,0.4472,0.4472,0.4472,0.5477,2.5,-0.5,2.0
Ethiopia,1984,Craft,0.8367,0.0,0.8367,0.8367,3.5,1.0,4.5
Ethiopia,1984,Hands,0.4472,0.8367,0.8367,0.4472,2.5,0.5,3.0
Ethiopia,1984,Archive,0.5477,0.4472,0.4472,0.5477,2.0,1.0,3.0
Ethiopia,1984,Flow,0.8367,0.4472,0.5477,0.5477,2.0,-3.0,-1.0
Ethiopia,1985,Helm,0.5477,0.8367,0.4472,0.5477,1.5,0.0,1.5
Ethiopia,1985,Shield,0.8367,0.8367,0.4472,0.4472,1.5,4.5,6.0
Ethiopia,1985,Lore,0.8367,0.5477,0.7071,0.8367,2.0,5.5,7.5
Ethiopia,1985,Stewards,0.7071,0.4472,0.8367,0.4472,2.5,-0.5,2.0
Ethiopia,1985,Craft,1.0,0.4472,0.5477,0.5477,3.0,1.0,4.0
Ethiopia,1985,Hands,0.5477,0.8367,0.8367,0.0,3.0,1.5,4.5
Ethiopia,1985,Archive,0.7071,0.5477,0.5477,0.7071,2.5,2.0,4.5
Ethiopia,1985,Flow,0.4472,0.5477,0.5477,0.8367,2.5,-2.0,0.5
Ethiopia,1986,Helm,0.5477,0.4472,0.8367,0.4472,4.5,-1.5,3.0
Ethiopia,1986,Shield,0.4472,0.5477,0.7071,0.4472,2.0,3.0,5.0
Ethiopia,1986,Lore,0.8367,0.8367,0.7071,0.7071,1.5,4.0,5.5
Ethiopia,1986,Stewards,0.5477,0.4472,0.0,0.5477,2.0,-1.0,1.0
Ethiopia,1986,Craft,0.4472,0.0,0.5477,0.7071,3.0,1.5,4.5
Ethiopia,1986,Hands,0.4472,0.4472,0.7071,0.5477,1.5,0.5,2.0
Ethiopia,1986,Archive,0.5477,0.7071,0.8944,0.4472,4.0,1.0,5.0
Ethiopia,1986,Flow,0.5477,0.4472,0.5477,0.7071,1.5,-2.0,-0.5
Ethiopia,1987,Helm,0.5477,0.0,0.8367,0.5477,2.0,-1.0,1.0
Ethiopia,1987,Shield,0.5477,0.4472,0.8367,0.5477,1.5,2.0,3.5
Ethiopia,1987,Lore,0.4472,0.0,0.7071,0.5477,2.5,3.5,6.0
Ethiopia,1987,Stewards,0.8367,0.8944,0.4472,0.5477,3.0,-1.5,1.5
Ethiopia,1987,Craft,0.7071,0.7071,0.5477,0.4472,2.5,1.0,3.5
Ethiopia,1987,Hands,0.8367,0.5477,0.4472,0.8367,4.5,-1.0,3.5
Ethiopia,1987,Archive,0.4472,0.4472,0.4472,0.4472,3.0,2.0,5.0
Ethiopia,1987,Flow,0.4472,0.5477,0.5477,0.8367,3.0,-2.5,0.5
Ethiopia,1988,Helm,1.0,1.1402,0.5477,1.3416,3.0,-3.0,0.0
Ethiopia,1988,Shield,1.9235,1.3416,1.1402,0.7071,8.0,-0.5,7.5
Ethiopia,1988,Lore,0.8367,1.5166,0.4472,1.9235,4.0,2.5,6.5
Ethiopia,1988,Stewards,1.1402,1.3038,1.2247,0.8367,2.5,0.0,2.5
Ethiopia,1988,Craft,1.3038,0.8367,0.5477,0.0,2.0,2.0,4.0
Ethiopia,1988,Hands,0.4472,1.4142,0.5477,1.1402,4.0,0.5,4.5
Ethiopia,1988,Archive,1.3416,0.4472,1.0,1.1402,5.5,-2.0,3.5
Ethiopia,1988,Flow,0.5477,0.8367,0.8367,0.8944,3.5,-3.0,0.5
Ethiopia,1989,Helm,0.8944,1.4832,0.7071,0.8367,5.0,-3.0,2.0
Ethiopia,1989,Shield,1.2247,1.1402,1.0,0.4472,6.0,-2.0,4.0
Ethiopia,1989,Lore,0.7071,0.8944,1.3038,1.7889,4.0,3.0,7.0
Ethiopia,1989,Stewards,0.8944,1.0954,0.8367,1.0,5.0,-1.5,3.5
Ethiopia,1989,Craft,0.8944,1.1402,0.5477,1.0954,6.0,-2.0,4.0
Ethiopia,1989,Hands,0.5477,1.5166,1.0954,0.7071,4.5,-0.5,4.0
Ethiopia,1989,Archive,1.2247,1.6432,0.8944,0.8944,4.0,-0.5,3.5
Ethiopia,1989,Flow,1.1402,1.3038,0.8944,1.5166,6.0,-3.0,3.0
Ethiopia,1990,Helm,2.0494,1.5166,1.6432,0.8367,7.5,0.0,7.5
Ethiopia,1990,Shield,1.3038,1.8166,1.3038,0.8367,7.5,-4.5,3.0
Ethiopia,1990,Lore,2.0,1.5811,1.0954,1.7889,12.0,1.0,13.0
Ethiopia,1990,Stewards,1.5166,0.8944,2.49,1.3038,3.5,-3.0,0.5
Ethiopia,1990,Craft,2.0494,0.8367,1.9235,1.8166,4.5,0.5,5.0
Ethiopia,1990,Hands,2.3875,1.6432,1.1402,1.8166,9.0,-2.5,6.5
Ethiopia,1990,Archive,1.4142,2.3022,1.5166,1.3038,9.5,-2.5,7.0
Ethiopia,1990,Flow,0.8367,1.6733,1.7889,1.9494,6.0,-3.5,2.5
Ethiopia,1991,Helm,1.6432,0.4472,1.1402,1.7321,8.0,-3.5,4.5
Ethiopia,1991,Shield,1.5166,1.1402,0.0,1.7889,5.0,-4.5,0.5
Ethiopia,1991,Lore,2.1679,2.1679,0.7071,1.2247,10.0,0.5,10.5
Ethiopia,1991,Stewards,1.0,1.1402,1.5811,1.3416,4.0,-1.5,2.5
Ethiopia,1991,Craft,1.5166,1.9494,1.2247,1.6733,3.5,1.5,5.0
Ethiopia,1991,Hands,1.8708,2.1679,1.7321,0.8367,10.0,-3.5,6.5
Ethiopia,1991,Archive,1.0954,1.0954,1.0954,1.6432,5.5,-1.0,4.5
Ethiopia,1991,Flow,0.7071,0.8944,1.9235,1.9235,5.5,-5.5,0.0
Ethiopia,1992,Helm,1.5811,1.2247,0.5477,1.7889,8.0,-2.0,6.0
Ethiopia,1992,Shield,0.8367,1.4142,0.8367,0.8367,6.5,-5.5,1.0
Ethiopia,1992,Lore,0.8944,0.8367,1.2247,0.8944,3.0,5.0,8.0
Ethiopia,1992,Stewards,1.4832,0.7071,0.8367,1.6432,3.0,-0.5,2.5
Ethiopia,1992,Craft,0.5477,1.5811,1.1402,1.0954,5.5,1.5,7.0
Ethiopia,1992,Hands,1.8166,1.8708,0.8367,1.4832,9.0,-3.5,5.5
Ethiopia,1992,Archive,2.1213,1.5811,1.6432,1.9494,8.5,-1.5,7.0
Ethiopia,1992,Flow,0.8944,0.8944,1.2247,1.9494,6.5,-6.5,0.0
Ethiopia,1993,Helm,0.5477,0.8944,0.8367,1.0954,3.0,1.0,4.0
Ethiopia,1993,Shield,1.7889,1.1402,0.8367,0.5477,6.5,-2.0,4.5
Ethiopia,1993,Lore,1.4832,0.4472,0.8367,1.1402,2.5,6.0,8.5
Ethiopia,1993,Stewards,0.4472,0.7071,0.8367,1.1402,2.5,1.0,3.5
Ethiopia,1993,Craft,1.1402,0.5477,1.1402,1.3038,4.5,0.0,4.5
Ethiopia,1993,Hands,1.0,1.0,0.4472,0.8944,3.0,1.5,4.5
Ethiopia,1993,Archive,1.0954,1.0954,1.6432,0.5477,4.5,0.5,5.0
Ethiopia,1993,Flow,0.8944,0.8367,1.1402,0.0,5.0,-3.5,1.5
Ethiopia,1994,Helm,0.4472,0.8367,1.1402,1.0954,4.0,2.0,6.0
Ethiopia,1994,Shield,0.7071,0.8944,0.7071,0.8944,5.0,-3.5,1.5
Ethiopia,1994,Lore,0.8367,1.3038,1.0954,1.0,4.0,4.0,8.0
Ethiopia,1994,Stewards,0.8944,1.2247,1.5166,1.0,9.0,-1.5,7.5
Ethiopia,1994,Craft,1.5166,0.8367,1.0954,1.0,6.0,0.5,6.5
Ethiopia,1994,Hands,1.1402,0.7071,0.8944,0.8367,7.0,-2.0,5.0
Ethiopia,1994,Archive,0.8944,0.4472,0.5477,0.4472,3.0,1.5,4.5
Ethiopia,1994,Flow,0.7071,0.8367,0.7071,1.4832,2.5,-2.0,0.5
Ethiopia,1995,Helm,0.5477,0.5477,0.4472,0.5477,2.0,6.5,8.5
Ethiopia,1995,Shield,0.8944,0.8367,0.5477,1.3038,4.5,1.0,5.5
Ethiopia,1995,Lore,0.7071,0.4472,0.4472,0.4472,1.0,8.0,9.0
Ethiopia,1995,Stewards,1.0954,0.5477,0.5477,0.4472,2.0,2.0,4.0
Ethiopia,1995,Craft,0.8944,0.5477,0.8944,0.5477,4.5,2.0,6.5
Ethiopia,1995,Hands,0.4472,0.7071,0.5477,0.4472,2.5,1.5,4.0
Ethiopia,1995,Archive,1.1402,0.8944,0.0,0.4472,4.5,1.5,6.0
Ethiopia,1995,Flow,0.7071,0.0,0.4472,0.5477,2.5,-0.5,2.0
Ethiopia,1996,Helm,0.5477,0.8367,0.4472,0.4472,3.0,6.5,9.5
Ethiopia,1996,Shield,1.1402,0.4472,1.1402,1.1402,4.5,2.0,6.5
Ethiopia,1996,Lore,0.5477,0.5477,0.0,0.0,2.0,7.0,9.0
Ethiopia,1996,Stewards,0.5477,0.5477,0.7071,0.5477,1.5,1.5,3.0
Ethiopia,1996,Craft,0.4472,0.4472,0.4472,0.0,2.0,2.5,4.5
Ethiopia,1996,Hands,0.5477,0.5477,0.4472,0.5477,2.5,1.5,4.0
Ethiopia,1996,Archive,0.5477,0.4472,0.7071,0.4472,1.0,3.0,4.0
Ethiopia,1996,Flow,0.7071,0.7071,0.5477,0.4472,2.5,-0.5,2.0
Ethiopia,1997,Helm,0.4472,0.0,0.5477,0.5477,2.0,6.5,8.5
Ethiopia,1997,Shield,1.3416,1.0954,1.3038,1.8708,8.5,-0.5,8.0
Ethiopia,1997,Lore,0.5477,0.4472,1.0,0.4472,2.5,7.0,9.5
Ethiopia,1997,Stewards,0.4472,0.4472,0.0,0.5477,1.5,3.0,4.5
Ethiopia,1997,Craft,0.4472,0.7071,0.8367,0.4472,1.0,5.5,6.5
Ethiopia,1997,Hands,0.8367,1.0,0.5477,0.7071,2.5,1.0,3.5
Ethiopia,1997,Archive,0.5477,0.5477,0.4472,0.5477,1.5,2.5,4.0
Ethiopia,1997,Flow,0.5477,0.5477,0.0,0.0,2.0,2.0,4.0
Ethiopia,1998,Helm,0.5477,0.4472,0.4472,0.5477,1.5,7.5,9.0
Ethiopia,1998,Shield,2.1679,1.8166,1.0954,1.6432,5.5,3.5,9.0
Ethiopia,1998,Lore,0.8944,0.8367,0.8367,0.5477,3.5,5.5,9.0
Ethiopia,1998,Stewards,0.5477,0.8944,0.4472,0.5477,2.5,2.0,4.5
Ethiopia,1998,Craft,0.5477,0.4472,0.4472,0.5477,1.5,4.0,5.5
Ethiopia,1998,Hands,0.4472,0.4472,0.5477,0.5477,2.5,1.5,4.0
Ethiopia,1998,Archive,0.8367,0.4472,0.4472,0.5477,4.0,2.5,6.5
Ethiopia,1998,Flow,0.5477,0.8944,0.4472,0.5477,2.5,1.5,4.0
Ethiopia,1999,Helm,0.4472,0.5477,0.4472,0.5477,2.0,8.0,10.0
Ethiopia,1999,Shield,2.0494,1.1402,1.6733,2.1679,7.0,4.0,11.0
Ethiopia,1999,Lore,0.4472,0.4472,0.8367,0.0,2.0,7.0,9.0
Ethiopia,1999,Stewards,0.0,0.7071,0.8367,0.0,3.0,2.5,5.5
Ethiopia,1999,Craft,0.4472,0.5477,0.5477,0.8944,2.0,6.0,8.0
Ethiopia,1999,Hands,0.8367,0.0,0.8944,0.5477,2.5,2.5,5.0
Ethiopia,1999,Archive,0.4472,0.0,0.4472,0.4472,2.0,3.5,5.5
Ethiopia,1999,Flow,0.5477,0.4472,0.5477,0.5477,2.0,3.0,5.0
Ethiopia,2000,Helm,0.5477,0.5477,0.4472,0.7071,2.5,8.0,10.5
Ethiopia,2000,Shield,0.8944,0.4472,1.0,1.1402,4.0,4.5,8.5
Ethiopia,2000,Lore,0.4472,0.7071,0.5477,0.0,1.0,7.0,8.0
Ethiopia,2000,Stewards,0.4472,0.0,0.7071,0.4472,3.0,2.5,5.5
Ethiopia,2000,Craft,0.4472,0.5477,0.5477,0.8367,2.5,5.5,8.0
Ethiopia,2000,Hands,0.5477,0.5477,0.5477,0.7071,2.0,2.5,4.5
Ethiopia,2000,Archive,0.0,0.4472,0.5477,0.7071,2.0,4.5,6.5
Ethiopia,2000,Flow,0.5477,0.4472,0.4472,0.7071,2.5,3.5,6.0
Ethiopia,2001,Helm,0.0,0.5477,0.5477,0.5477,2.5,6.5,9.0
Ethiopia,2001,Shield,1.1402,1.0954,1.0954,0.8367,4.0,5.5,9.5
Ethiopia,2001,Lore,0.0,0.7071,1.0,0.0,2.0,7.0,9.0
Ethiopia,2001,Stewards,0.4472,0.8944,0.5477,0.8944,4.0,4.0,8.0
Ethiopia,2001,Craft,0.5477,0.5477,0.4472,0.4472,2.5,6.5,9.0
Ethiopia,2001,Hands,0.4472,0.7071,0.5477,0.8367,3.0,2.5,5.5
Ethiopia,2001,Archive,0.4472,0.4472,0.8944,0.7071,2.5,4.5,7.0
Ethiopia,2001,Flow,0.8367,0.7071,0.0,0.7071,2.0,4.5,6.5
Ethiopia,2002,Helm,0.8944,0.8367,1.7889,1.3416,9.5,2.5,12.0
Ethiopia,2002,Shield,0.5477,0.7071,0.5477,0.0,2.0,6.5,8.5
Ethiopia,2002,Lore,0.0,0.5477,0.8367,0.4472,2.5,7.0,9.5
Ethiopia,2002,Stewards,0.5477,0.4472,0.4472,0.5477,3.0,2.5,5.5
Ethiopia,2002,Craft,0.5477,0.5477,0.5477,0.5477,2.0,6.0,8.0
Ethiopia,2002,Hands,0.7071,0.5477,0.4472,0.7071,3.0,3.0,6.0
Ethiopia,2002,Archive,0.4472,0.7071,0.4472,0.7071,2.5,5.0,7.5
Ethiopia,2002,Flow,0.5477,0.8367,0.4472,0.7071,3.5,4.5,8.0
Ethiopia,2003,Helm,0.7071,1.0954,0.7071,1.6733,4.0,7.5,11.5
Ethiopia,2003,Shield,0.8944,0.8367,0.8367,0.4472,3.5,7.0,10.5
Ethiopia,2003,Lore,0.8367,0.0,0.4472,0.7071,2.5,7.0,9.5
Ethiopia,2003,Stewards,0.5477,0.4472,0.5477,0.7071,2.0,4.5,6.5
Ethiopia,2003,Craft,0.8944,0.5477,0.5477,0.5477,2.5,6.0,8.5
Ethiopia,2003,Hands,0.8367,0.4472,1.0,0.0,2.0,4.0,6.0
Ethiopia,2003,Archive,0.8367,0.5477,0.7071,0.5477,4.5,3.5,8.0
Ethiopia,2003,Flow,0.4472,0.5477,0.5477,0.5477,1.5,6.5,8.0
Ethiopia,2004,Helm,2.1679,2.1213,1.1402,1.8708,4.0,5.5,9.5
Ethiopia,2004,Shield,0.0,0.8367,0.0,1.0,3.0,7.0,10.0
Ethiopia,2004,Lore,0.7071,0.5477,0.4472,0.0,2.0,7.5,9.5
Ethiopia,2004,Stewards,0.8367,0.5477,0.5477,0.4472,2.0,5.5,7.5
Ethiopia,2004,Craft,0.5477,0.4472,0.8944,0.7071,4.5,5.0,9.5
Ethiopia,2004,Hands,0.0,0.5477,0.4472,0.5477,1.5,3.5,5.0
Ethiopia,2004,Archive,0.5477,0.0,0.5477,0.0,2.0,3.5,5.5
Ethiopia,2004,Flow,0.5477,0.8367,0.5477,0.0,2.0,6.0,8.0
Ethiopia,2005,Helm,1.9494,0.8944,1.5166,2.0736,9.0,4.0,13.0
Ethiopia,2005,Shield,0.4472,0.4472,0.8367,0.0,2.0,8.5,10.5
Ethiopia,2005,Lore,0.4472,0.7071,0.4472,0.5477,2.5,7.0,9.5
Ethiopia,2005,Stewards,0.5477,0.4472,0.4472,0.4472,2.5,5.0,7.5
Ethiopia,2005,Craft,0.7071,0.4472,0.5477,0.4472,2.5,8.0,10.5
Ethiopia,2005,Hands,0.8944,0.8944,0.8944,0.8367,3.5,1.5,5.0
Ethiopia,2005,Archive,0.4472,0.4472,0.8944,0.5477,2.5,4.5,7.0
Ethiopia,2005,Flow,0.7071,0.0,0.5477,0.5477,3.0,6.0,9.0
Ethiopia,2006,Helm,0.8944,1.3038,1.3038,2.1679,5.5,5.5,11.0
Ethiopia,2006,Shield,0.5477,0.7071,0.4472,0.8944,2.0,8.0,10.0
Ethiopia,2006,Lore,0.0,0.5477,0.8367,0.5477,1.5,7.0,8.5
Ethiopia,2006,Stewards,0.5477,0.0,0.5477,0.7071,2.0,5.5,7.5
Ethiopia,2006,Craft,0.7071,0.5477,0.7071,0.0,1.0,9.0,10.0
Ethiopia,2006,Hands,0.4472,0.0,0.4472,0.7071,1.5,4.0,5.5
Ethiopia,2006,Archive,0.5477,0.0,0.0,0.7071,1.5,4.0,5.5
Ethiopia,2006,Flow,0.4472,0.5477,0.4472,0.5477,1.5,8.0,9.5
Ethiopia,2007,Helm,1.3038,1.0954,0.5477,0.8367,4.0,8.0,12.0
Ethiopia,2007,Shield,0.4472,0.0,0.4472,0.4472,2.0,7.5,9.5
Ethiopia,2007,Lore,1.0,0.4472,0.5477,0.8367,3.0,6.0,9.0
Ethiopia,2007,Stewards,0.4472,0.4472,0.5477,0.4472,2.0,5.5,7.5
Ethiopia,2007,Craft,0.5477,0.8367,0.0,0.4472,1.5,9.0,10.5
Ethiopia,2007,Hands,0.5477,0.5477,0.4472,0.4472,2.0,4.0,6.0
Ethiopia,2007,Archive,0.5477,1.1402,0.5477,0.0,4.0,4.5,8.5
Ethiopia,2007,Flow,0.0,0.7071,0.8367,0.4472,2.0,8.5,10.5
Ethiopia,2008,Helm,1.0954,0.8367,0.8944,0.8944,2.0,9.0,11.0
Ethiopia,2008,Shield,0.5477,0.4472,0.4472,0.4472,2.0,6.5,8.5
Ethiopia,2008,Lore,0.4472,0.5477,0.7071,0.5477,1.5,7.0,8.5
Ethiopia,2008,Stewards,1.0,0.5477,0.5477,0.4472,3.5,4.5,8.0
Ethiopia,2008,Craft,0.4472,0.5477,0.4472,0.4472,1.5,9.0,10.5
Ethiopia,2008,Hands,0.8367,0.5477,0.4472,0.5477,3.0,2.0,5.0
Ethiopia,2008,Archive,0.4472,0.5477,0.7071,0.5477,3.0,3.0,6.0
Ethiopia,2008,Flow,0.4472,0.5477,0.4472,0.4472,1.0,8.5,9.5
Ethiopia,2009,Helm,0.5477,1.0,0.8367,0.8367,2.5,8.5,11.0
Ethiopia,2009,Shield,0.4472,0.5477,0.8367,0.5477,3.0,6.0,9.0
Ethiopia,2009,Lore,0.5477,0.4472,0.5477,0.8367,2.0,7.0,9.0
Ethiopia,2009,Stewards,0.4472,0.5477,0.8367,0.0,2.0,5.5,7.5
Ethiopia,2009,Craft,0.5477,0.5477,0.0,0.4472,2.0,9.0,11.0
Ethiopia,2009,Hands,0.4472,0.4472,0.7071,0.0,3.0,4.0,7.0
Ethiopia,2009,Archive,0.7071,0.7071,0.0,0.8367,3.0,3.0,6.0
Ethiopia,2009,Flow,0.4472,0.4472,0.4472,0.4472,3.5,8.0,11.5
Ethiopia,2010,Helm,0.5477,0.4472,0.5477,0.0,3.0,7.0,10.0
Ethiopia,2010,Shield,0.8944,0.8944,0.4472,0.5477,2.5,6.5,9.0
Ethiopia,2010,Lore,0.4472,0.8944,0.7071,0.4472,3.5,6.0,9.5
Ethiopia,2010,Stewards,0.0,0.7071,0.5477,0.0,2.0,6.5,8.5
Ethiopia,2010,Craft,0.8944,0.5477,0.4472,0.8367,2.5,8.5,11.0
Ethiopia,2010,Hands,0.4472,0.4472,0.7071,0.4472,3.0,2.0,5.0
Ethiopia,2010,Archive,0.0,0.4472,0.4472,0.5477,1.5,3.5,5.0
Ethiopia,2010,Flow,0.0,0.0,0.5477,0.4472,1.5,9.5,11.0
Ethiopia,2011,Helm,0.8944,0.4472,0.8944,0.5477,3.5,7.0,10.5
Ethiopia,2011,Shield,0.5477,0.5477,0.4472,0.8367,3.0,6.5,9.5
Ethiopia,2011,Lore,0.4472,0.4472,0.0,0.7071,1.0,7.0,8.0
Ethiopia,2011,Stewards,1.0,0.5477,0.5477,0.5477,3.0,6.0,9.0
Ethiopia,2011,Craft,0.5477,0.4472,0.8367,0.7071,1.0,9.0,10.0
Ethiopia,2011,Hands,0.4472,0.0,0.5477,0.8944,2.0,3.0,5.0
Ethiopia,2011,Archive,0.5477,0.4472,0.0,0.4472,2.0,3.5,5.5
Ethiopia,2011,Flow,0.7071,0.5477,0.4472,0.0,3.0,8.5,11.5
Ethiopia,2012,Helm,0.4472,0.4472,0.7071,0.0,3.0,7.0,10.0
Ethiopia,2012,Shield,0.5477,0.4472,0.4472,0.5477,2.5,7.5,10.0
Ethiopia,2012,Lore,0.5477,1.0,0.8367,0.4472,2.0,6.5,8.5
Ethiopia,2012,Stewards,0.5477,0.4472,0.7071,0.5477,3.0,5.5,8.5
Ethiopia,2012,Craft,0.4472,0.5477,0.4472,0.4472,1.5,9.5,11.0
Ethiopia,2012,Hands,0.4472,0.5477,0.5477,0.7071,2.5,1.5,4.0
Ethiopia,2012,Archive,0.4472,0.7071,0.5477,0.0,4.0,1.5,5.5
Ethiopia,2012,Flow,0.4472,0.4472,0.4472,0.4472,2.0,8.5,10.5
Ethiopia,2013,Helm,0.8367,0.8367,0.5477,0.7071,4.0,6.5,10.5
Ethiopia,2013,Shield,0.4472,0.7071,0.5477,0.4472,3.0,7.0,10.0
Ethiopia,2013,Lore,0.0,0.8944,0.0,0.5477,2.5,6.0,8.5
Ethiopia,2013,Stewards,0.4472,0.5477,0.0,0.4472,1.0,6.5,7.5
Ethiopia,2013,Craft,0.4472,0.7071,0.4472,0.8367,2.5,10.0,12.5
Ethiopia,2013,Hands,0.8367,0.8367,0.7071,0.8367,3.5,2.5,6.0
Ethiopia,2013,Archive,0.4472,0.0,0.8944,0.4472,2.5,2.5,5.0
Ethiopia,2013,Flow,0.5477,1.0,0.5477,0.5477,2.5,8.5,11.0
Ethiopia,2014,Helm,0.4472,0.5477,0.4472,0.5477,1.5,8.0,9.5
Ethiopia,2014,Shield,0.0,0.4472,0.5477,0.5477,2.0,6.0,8.0
Ethiopia,2014,Lore,0.7071,0.4472,0.4472,0.8367,2.0,7.0,9.0
Ethiopia,2014,Stewards,0.4472,0.4472,0.8367,0.0,3.0,5.5,8.5
Ethiopia,2014,Craft,0.5477,0.0,0.5477,0.5477,2.5,8.5,11.0
Ethiopia,2014,Hands,0.4472,0.4472,0.7071,1.0954,2.5,2.5,5.0
Ethiopia,2014,Archive,0.7071,0.4472,0.5477,0.5477,2.5,3.0,5.5
Ethiopia,2014,Flow,0.8367,0.5477,0.8944,0.4472,2.0,7.5,9.5
Ethiopia,2015,Helm,0.5477,0.5477,0.4472,0.5477,3.0,7.5,10.5
Ethiopia,2015,Shield,0.5477,0.4472,0.0,0.4472,2.5,6.5,9.0
Ethiopia,2015,Lore,0.0,0.5477,0.4472,0.4472,1.5,7.0,8.5
Ethiopia,2015,Stewards,0.5477,0.5477,0.4472,0.8944,2.0,5.5,7.5
Ethiopia,2015,Craft,0.4472,0.4472,0.0,0.5477,0.5,11.0,11.5
Ethiopia,2015,Hands,0.4472,0.4472,0.5477,0.7071,2.5,3.0,5.5
Ethiopia,2015,Archive,0.5477,0.4472,0.5477,0.8367,2.5,3.5,6.0
Ethiopia,2015,Flow,0.4472,0.4472,0.4472,0.0,1.0,7.5,8.5
Ethiopia,2016,Helm,0.4472,0.4472,0.4472,0.4472,2.5,7.0,9.5
Ethiopia,2016,Shield,0.4472,0.5477,0.8944,0.5477,2.5,6.5,9.0
Ethiopia,2016,Lore,0.4472,0.0,0.4472,0.0,1.0,7.5,8.5
Ethiopia,2016,Stewards,0.5477,0.4472,0.8367,0.8944,3.5,4.0,7.5
Ethiopia,2016,Craft,0.8367,0.4472,0.5477,0.7071,3.5,8.5,12.0
Ethiopia,2016,Hands,0.8944,0.8367,0.5477,0.5477,4.5,0.5,5.0
Ethiopia,2016,Archive,0.5477,0.7071,0.5477,0.4472,2.0,3.5,5.5
Ethiopia,2016,Flow,0.5477,0.4472,0.8944,0.5477,4.0,5.5,9.5
Ethiopia,2017,Helm,0.7071,0.5477,0.8367,0.8367,3.5,6.0,9.5
Ethiopia,2017,Shield,0.8944,1.4832,1.0954,0.4472,5.0,4.5,9.5
Ethiopia,2017,Lore,1.0,0.8944,0.8944,0.7071,4.5,4.5,9.0
Ethiopia,2017,Stewards,0.8944,1.3038,0.8367,0.8367,3.0,4.0,7.0
Ethiopia,2017,Craft,1.3038,0.8367,0.8367,0.5477,6.5,9.0,15.5
Ethiopia,2017,Hands,1.3038,1.2247,0.7071,1.5811,1.5,3.5,5.0
Ethiopia,2017,Archive,1.6733,0.7071,0.7071,0.8367,6.5,-1.0,5.5
Ethiopia,2017,Flow,0.8367,0.5477,0.8367,0.8944,3.0,5.5,8.5
Ethiopia,2018,Helm,0.5477,1.9494,1.0954,1.0954,4.0,6.5,10.5
Ethiopia,2018,Shield,1.4142,0.5477,0.4472,0.8944,4.0,5.5,9.5
Ethiopia,2018,Lore,0.5477,0.8367,0.8367,1.0954,4.0,5.0,9.0
Ethiopia,2018,Stewards,1.1402,1.2247,1.4142,0.4472,5.0,1.0,6.0
Ethiopia,2018,Craft,1.1402,0.5477,1.4832,1.3038,8.0,6.5,14.5
Ethiopia,2018,Hands,1.1402,1.5166,0.4472,1.5166,3.5,2.5,6.0
Ethiopia,2018,Archive,1.1402,0.7071,1.1402,0.8367,5.0,1.0,6.0
Ethiopia,2018,Flow,1.0954,1.1402,1.0954,0.4472,8.0,2.5,10.5
Ethiopia,2019,Helm,1.3038,1.8708,1.3038,0.8944,9.0,0.0,9.0
Ethiopia,2019,Shield,1.1402,1.9235,0.8944,1.0,7.5,-0.5,7.0
Ethiopia,2019,Lore,1.8166,1.1402,1.5811,1.3038,8.5,0.0,8.5
Ethiopia,2019,Stewards,1.3038,1.8708,1.7889,1.1402,5.5,1.5,7.0
Ethiopia,2019,Craft,0.8367,1.3038,1.3038,1.6432,4.0,8.0,12.0
Ethiopia,2019,Hands,1.5811,0.4472,1.1402,2.1679,6.5,3.0,9.5
Ethiopia,2019,Archive,3.0332,1.6733,1.4142,1.1402,9.5,-2.0,7.5
Ethiopia,2019,Flow,1.5811,0.8944,1.0954,1.1402,5.0,3.5,8.5
Ethiopia,2020,Helm,1.3416,1.5166,0.8367,1.6432,3.0,2.0,5.0
Ethiopia,2020,Shield,1.4832,1.0954,0.8944,1.3416,4.0,-0.5,3.5
Ethiopia,2020,Lore,1.0954,1.6733,1.2247,1.4832,5.0,0.5,5.5
Ethiopia,2020,Stewards,1.4832,1.9235,1.0,1.5166,6.5,0.0,6.5
Ethiopia,2020,Craft,1.3038,1.3038,1.7889,0.8367,7.0,6.5,13.5
Ethiopia,2020,Hands,0.4472,0.4472,1.0954,1.2247,4.5,1.5,6.0
Ethiopia,2020,Archive,0.4472,1.1402,1.1402,0.4472,4.0,1.5,5.5
Ethiopia,2020,Flow,0.8367,1.0954,1.5811,1.8708,7.5,1.0,8.5
Ethiopia,2021,Helm,1.5811,1.9235,1.5166,1.0954,6.0,-0.5,5.5
Ethiopia,2021,Shield,2.0736,1.4832,1.0,1.9235,3.5,1.5,5.0
Ethiopia,2021,Lore,1.0954,2.7019,2.0494,0.5477,8.0,-2.0,6.0
Ethiopia,2021,Stewards,1.8166,1.3038,1.1402,1.9235,9.0,-3.0,6.0
Ethiopia,2021,Craft,1.8708,1.5166,0.8944,0.8367,9.0,5.0,14.0
Ethiopia,2021,Hands,1.9235,0.8944,1.7889,0.5477,6.0,0.0,6.0
Ethiopia,2021,Archive,0.8367,0.8367,1.9235,1.1402,9.0,-3.5,5.5
Ethiopia,2021,Flow,1.5811,1.5811,2.1679,1.0,7.0,2.0,9.0
Ethiopia,2022,Helm,0.8367,1.1402,0.7071,1.1402,4.5,0.5,5.0
Ethiopia,2022,Shield,1.1402,1.1402,1.8166,1.6432,7.5,2.0,9.5
Ethiopia,2022,Lore,1.6432,1.3416,1.6733,0.8367,5.5,1.5,7.0
Ethiopia,2022,Stewards,2.5495,1.0954,0.8944,1.2247,10.5,0.5,11.0
Ethiopia,2022,Craft,1.8708,1.2247,0.5477,1.3038,5.5,6.0,11.5
Ethiopia,2022,Hands,0.8367,1.8708,1.3038,1.4142,7.0,0.5,7.5
Ethiopia,2022,Archive,1.0954,1.8708,1.6432,1.0954,8.0,-0.5,7.5
Ethiopia,2022,Flow,1.4142,1.5166,2.2804,1.7321,7.0,1.0,8.0
Ethiopia,2023,Helm,0.8367,1.5166,1.5166,1.5166,4.0,3.5,7.5
Ethiopia,2023,Shield,1.0954,2.3875,1.4142,2.3875,5.0,2.0,7.0
Ethiopia,2023,Lore,1.4832,0.0,1.4142,1.5166,7.0,1.5,8.5
Ethiopia,2023,Stewards,1.3038,1.5166,1.7321,1.8166,5.0,-2.0,3.0
Ethiopia,2023,Craft,1.3038,0.8367,1.1402,1.1402,4.0,7.0,11.0
Ethiopia,2023,Hands,1.4832,1.6432,1.5166,0.8944,10.0,-4.0,6.0
Ethiopia,2023,Archive,0.8367,1.2247,1.5166,1.5166,6.0,1.5,7.5
Ethiopia,2023,Flow,1.9235,1.3038,1.7889,1.5166,7.0,2.0,9.0
Ethiopia,2024,Helm,0.5477,0.7071,0.8944,0.5477,2.5,3.5,6.0
Ethiopia,2024,Shield,0.8367,1.6733,1.8708,1.4832,6.0,2.0,8.0
Ethiopia,2024,Lore,0.7071,1.3416,1.8166,0.0,6.0,1.5,7.5
Ethiopia,2024,Stewards,0.8944,0.8367,1.0,1.7321,4.0,1.0,5.0
Ethiopia,2024,Craft,0.4472,1.7889,0.7071,0.8367,4.5,6.0,10.5
Ethiopia,2024,Hands,0.7071,0.8367,0.8367,1.1402,2.5,2.5,5.0
Ethiopia,2024,Archive,1.6733,1.2247,1.5166,0.8944,7.0,-0.5,6.5
Ethiopia,2024,Flow,0.5477,1.5166,1.1402,0.8944,5.5,5.0,10.5
Ethiopia,2025,Helm,0.8367,0.5477,0.4472,0.5477,2.5,5.5,8.0
Ethiopia,2025,Shield,1.5166,1.3038,1.8166,1.4832,9.5,-0.5,9.0
Ethiopia,2025,Lore,1.2247,0.8367,0.8944,0.5477,2.0,3.5,5.5
Ethiopia,2025,Stewards,0.4472,0.8367,1.0954,0.8944,4.0,1.0,5.0
Ethiopia,2025,Craft,0.8367,0.4472,1.1402,0.5477,2.0,8.5,10.5
Ethiopia,2025,Hands,0.8367,1.0,0.8367,0.5477,5.5,-0.5,5.0
Ethiopia,2025,Archive,0.7071,1.3038,1.0,0.8367,3.5,1.5,5.0
Ethiopia,2025,Flow,0.8367,1.6432,1.4832,1.3416,9.0,2.5,11.5
Ethiopia,2026,Helm,0.8367,0.4472,0.5477,0.4472,3.5,4.5,8.0
Ethiopia,2026,Shield,0.8367,0.7071,0.8944,1.3038,5.5,2.0,7.5
Ethiopia,2026,Lore,0.4472,0.4472,0.8367,0.0,2.0,3.0,5.0
Ethiopia,2026,Stewards,0.4472,0.0,0.4472,0.5477,1.5,3.5,5.0
Ethiopia,2026,Craft,0.4472,0.4472,0.4472,0.5477,1.5,9.0,10.5
Ethiopia,2026,Hands,0.8367,0.5477,0.5477,0.4472,2.0,2.0,4.0
Ethiopia,2026,Archive,0.8367,0.8367,1.0,0.8367,1.5,3.0,4.5
Ethiopia,2026,Flow,0.8367,0.0,0.8944,0.0,3.0,4.5,7.5
