Society,Year,F_Deficit
Afghanistan,1900,0.875
Afghanistan,1901,0.875
Afghanistan,1902,0.875
Afghanistan,1903,0.875
Afghanistan,1904,0.875
Afghanistan,1905,0.875
Afghanistan,1906,0.875
Afghanistan,1907,0.875
Afghanistan,1908,0.875
Afghanistan,1909,0.875
Afghanistan,1910,0.875
Afghanistan,1911,0.875
Afghanistan,1912,0.875
Afghanistan,1913,0.875
Afghanistan,1914,0.875
Afghanistan,1915,0.875
Afghanistan,1916,0.875
Afghanistan,1917,0.875
Afghanistan,1918,0.875
Afghanistan,1919,1.0
Afghanistan,1920,1.0
Afghanistan,1921,1.0
Afghanistan,1922,0.25
Afghanistan,1923,0.25
Afghanistan,1924,0.25
Afghanistan,1925,0.25
Afghanistan,1926,0.25
Afghanistan,1927,0.25
Afghanistan,1928,1.0
Afghanistan,1929,1.0
Afghanistan,1930,1.0
Afghanistan,1931,1.0
Afghanistan,1932,1.0
Afghanistan,1933,1.0
Afghanistan,1934,1.0
Afghanistan,1935,1.0
Afghanistan,1936,1.0
Afghanistan,1937,1.0
Afghanistan,1938,1.0
Afghanistan,1939,1.0
Afghanistan,1940,1.0
Afghanistan,1941,1.0
Afghanistan,1942,1.0
Afghanistan,1943,1.0
Afghanistan,1944,1.0
Afghanistan,1945,0.5
Afghanistan,1946,0.5
Afghanistan,1947,0.5
Afghanistan,1948,0.5
Afghanistan,1949,0.5
Afghanistan,1950,0.5
Afghanistan,1951,0.5
Afghanistan,1952,0.5
Afghanistan,1953,0.5
Afghanistan,1954,0.5
Afghanistan,1955,0.5
Afghanistan,1956,0.5
Afghanistan,1957,0.5
Afghanistan,1958,0.5
Afghanistan,1959,0.5
Afghanistan,1960,0.5
Afghanistan,1961,0.5
Afghanistan,1962,0.5
Afghanistan,1963,0.5
Afghanistan,1964,0.25
Afghanistan,1965,0.25
Afghanistan,1966,0.25
Afghanistan,1967,0.25
Afghanistan,1968,0.25
Afghanistan,1969,0.125
Afghanistan,1970,0.125
Afghanistan,1971,0.125
Afghanistan,1972,0.125
Afghanistan,1973,0.125
Afghanistan,1974,0.625
Afghanistan,1975,0.625
Afghanistan,1976,0.625
Afghanistan,1977,1.0
Afghanistan,1978,1.0
Afghanistan,1979,1.0
Afghanistan,1980,1.0
Afghanistan,1981,1.0
Afghanistan,1982,1.0
Afghanistan,1983,1.0
Afghanistan,1984,1.0
Afghanistan,1985,1.0
Afghanistan,1986,1.0
Afghanistan,1987,1.0
Afghanistan,1988,1.0
Afghanistan,1989,1.0
Afghanistan,1990,1.0
Afghanistan,1991,1.0
Afghanistan,1992,1.0
Afghanistan,1993,1.0
Afghanistan,1994,1.0
Afghanistan,1995,1.0
Afghanistan,1996,1.0
Afghanistan,1997,1.0
Afghanistan,1998,1.0
Afghanistan,1999,1.0
Afghanistan,2000,1.0
Afghanistan,2001,1.0
Afghanistan,2002,1.0
Afghanistan,2003,1.0
Afghanistan,2004,1.0
Afghanistan,2005,1.0
Afghanistan,2006,1.0
Afghanistan,2007,1.0
Afghanistan,2008,1.0
Afghanistan,2009,1.0
Afghanistan,2010,1.0
Afghanistan,2011,1.0
Afghanistan,2012,1.0
Afghanistan,2013,1.0
Afghanistan,2014,1.0
Afghanistan,2015,1.0
Afghanistan,2016,1.0
Afghanistan,2017,1.0
Afghanistan,2018,1.0
Afghanistan,2019,1.0
Afghanistan,2020,1.0
Afghanistan,2021,1.0
Afghanistan,2022,1.0
Afghanistan,2023,1.0
Afghanistan,2024,1.0
Afghanistan,2025,1.0
Argentina,1950,0.0
Argentina,1951,0.0
Argentina,1952,0.25
Argentina,1953,0.5
Argentina,1954,0.5
Argentina,1955,1.0
Argentina,1956,0.875
Argentina,1957,0.25
Argentina,1958,0.0
Argentina,1959,0.5
Argentina,1960,0.0
Argentina,1961,0.0
Argentina,1962,1.0
Argentina,1963,0.25
Argentina,1964,0.0
Argentina,1965,0.0
Argentina,1966,0.5
Argentina,1967,0.125
Argentina,1968,0.375
Argentina,1969,0.875
Argentina,1970,1.0
Argentina,1971,1.0
Argentina,1972,1.0
Argentina,1973,0.25
Argentina,1974,1.0
Argentina,1975,1.0
Argentina,1976,0.875
Argentina,1977,0.875
Argentina,1978,0.875
Argentina,1979,0.75
Argentina,1980,0.75
Argentina,1981,0.875
Argentina,1982,1.0
Argentina,1983,0.875
Argentina,1984,0.125
Argentina,1985,0.5
Argentina,1986,0.125
Argentina,1987,0.625
Argentina,1988,1.0
Argentina,1989,1.0
Argentina,1990,1.0
Argentina,1991,0.0
Argentina,1992,0.0
Argentina,1993,0.0
Argentina,1994,0.0
Argentina,1995,0.0
Argentina,1996,0.0
Argentina,1997,0.0
Argentina,1998,0.0
Argentina,1999,0.5
Argentina,2000,1.0
Argentina,2001,1.0
Argentina,2002,1.0
Argentina,2003,1.0
Argentina,2004,0.25
Argentina,2005,0.0
Argentina,2006,0.0
Argentina,2007,0.0
Argentina,2008,0.375
Argentina,2009,0.375
Argentina,2010,0.0
Argentina,2011,0.0
Argentina,2012,0.75
Argentina,2013,1.0
Argentina,2014,1.0
Argentina,2015,0.625
Argentina,2016,0.5
Argentina,2017,0.0
Argentina,2018,1.0
Argentina,2019,1.0
Argentina,2020,1.0
Argentina,2021,1.0
Argentina,2022,1.0
Argentina,2023,1.0
Argentina,2024,1.0
Argentina,2025,1.0
Australia,1900,0.125
Australia,1901,0.0
Australia,1902,0.0
Australia,1903,0.0
Australia,1904,0.0
Australia,1905,0.0
Australia,1906,0.0
Australia,1907,0.0
Australia,1908,0.0
Australia,1909,0.0
Australia,1910,0.0
Australia,1911,0.0
Australia,1912,0.0
Australia,1913,0.0
Australia,1914,0.375
Australia,1915,0.375
Australia,1916,0.375
Australia,1917,0.375
Australia,1918,0.375
Australia,1919,0.375
Australia,1920,0.375
Australia,1921,0.125
Australia,1922,0.125
Australia,1923,0.125
Australia,1924,0.125
Australia,1925,0.125
Australia,1926,0.125
Australia,1927,0.125
Australia,1928,0.375
Australia,1929,1.0
Australia,1930,1.0
Australia,1931,1.0
Australia,1932,1.0
Australia,1933,1.0
Australia,1934,0.25
Australia,1935,0.25
Australia,1936,0.25
Australia,1937,0.25
Australia,1938,0.25
Australia,1939,0.125
Australia,1940,0.125
Australia,1941,0.125
Australia,1942,0.375
Australia,1943,0.375
Australia,1944,0.0
Australia,1945,0.0
Australia,1946,0.0
Australia,1947,0.0
Australia,1948,0.125
Australia,1949,0.0
Australia,1950,0.0
Australia,1951,0.0
Australia,1952,0.0
Australia,1953,0.0
Australia,1954,0.0
Australia,1955,0.0
Australia,1956,0.0
Australia,1957,0.0
Australia,1958,0.0
Australia,1959,0.0
Australia,1960,0.0
Australia,1961,0.0
Australia,1962,0.0
Australia,1963,0.0
Australia,1964,0.0
Australia,1965,0.0
Australia,1966,0.375
Australia,1967,0.375
Australia,1968,0.375
Australia,1969,0.375
Australia,1970,0.375
Australia,1971,0.375
Australia,1972,0.125
Australia,1973,0.125
Australia,1974,0.5
Australia,1975,0.375
Australia,1976,0.125
Australia,1977,0.25
Australia,1978,0.25
Australia,1979,0.375
Australia,1980,0.25
Australia,1981,0.25
Australia,1982,0.375
Australia,1983,0.0
Australia,1984,0.0
Australia,1985,0.0
Australia,1986,0.0
Australia,1987,0.0
Australia,1988,0.0
Australia,1989,0.0
Australia,1990,0.625
Australia,1991,0.625
Australia,1992,0.625
Australia,1993,0.25
Australia,1994,0.25
Australia,1995,0.25
Australia,1996,0.0
Australia,1997,0.0
Australia,1998,0.0
Australia,1999,0.125
Australia,2000,0.0
Australia,2001,0.125
Australia,2002,0.125
Australia,2003,0.25
Australia,2004,0.125
Australia,2005,0.25
Australia,2006,0.25
Australia,2007,0.125
Australia,2008,0.375
Australia,2009,0.375
Australia,2010,0.25
Australia,2011,0.375
Australia,2012,0.25
Australia,2013,0.25
Australia,2014,0.375
Australia,2015,0.375
Australia,2016,0.375
Australia,2017,0.375
Australia,2018,0.375
Australia,2019,0.875
Australia,2020,0.75
Australia,2021,0.75
Australia,2022,0.625
Australia,2023,0.375
Australia,2024,0.25
Australia,2025,0.25
Brazil,1900,0.125
Brazil,1901,0.0
Brazil,1902,0.0
Brazil,1903,0.0
Brazil,1904,0.125
Brazil,1905,0.0
Brazil,1906,0.0
Brazil,1907,0.0
Brazil,1908,0.0
Brazil,1909,0.0
Brazil,1910,0.0
Brazil,1911,0.0
Brazil,1912,0.0
Brazil,1913,0.0
Brazil,1914,0.0
Brazil,1915,0.125
Brazil,1916,0.125
Brazil,1917,0.125
Brazil,1918,1.0
Brazil,1919,0.125
Brazil,1920,0.125
Brazil,1921,0.0
Brazil,1922,0.125
Brazil,1923,0.25
Brazil,1924,0.375
Brazil,1925,0.25
Brazil,1926,0.375
Brazil,1927,0.375
Brazil,1928,0.375
Brazil,1929,1.0
Brazil,1930,1.0
Brazil,1931,0.5
Brazil,1932,1.0
Brazil,1933,0.125
Brazil,1934,0.0
Brazil,1935,0.375
Brazil,1936,0.0
Brazil,1937,0.125
Brazil,1938,0.0
Brazil,1939,0.0
Brazil,1940,0.0
Brazil,1941,0.0
Brazil,1942,0.0
Brazil,1943,0.0
Brazil,1944,0.0
Brazil,1945,0.375
Brazil,1946,0.375
Brazil,1947,0.0
Brazil,1948,0.0
Brazil,1949,0.0
Brazil,1950,0.0
Brazil,1951,0.0
Brazil,1952,0.0
Brazil,1953,0.0
Brazil,1954,0.375
Brazil,1955,0.0
Brazil,1956,0.0
Brazil,1957,0.0
Brazil,1958,0.0
Brazil,1959,0.0
Brazil,1960,0.0
Brazil,1961,0.375
Brazil,1962,0.375
Brazil,1963,1.0
Brazil,1964,1.0
Brazil,1965,0.125
Brazil,1966,0.0
Brazil,1967,0.0
Brazil,1968,0.125
Brazil,1969,0.0
Brazil,1970,0.0
Brazil,1971,0.0
Brazil,1972,0.0
Brazil,1973,0.0
Brazil,1974,0.0
Brazil,1975,0.0
Brazil,1976,0.0
Brazil,1977,0.0
Brazil,1978,0.125
Brazil,1979,0.125
Brazil,1980,0.75
Brazil,1981,0.875
Brazil,1982,1.0
Brazil,1983,1.0
Brazil,1984,1.0
Brazil,1985,0.375
Brazil,1986,0.0
Brazil,1987,1.0
Brazil,1988,1.0
Brazil,1989,1.0
Brazil,1990,1.0
Brazil,1991,1.0
Brazil,1992,1.0
Brazil,1993,1.0
Brazil,1994,1.0
Brazil,1995,0.0
Brazil,1996,0.0
Brazil,1997,0.0
Brazil,1998,0.0
Brazil,1999,0.0
Brazil,2000,0.0
Brazil,2001,0.0
Brazil,2002,0.125
Brazil,2003,0.0
Brazil,2004,0.0
Brazil,2005,0.0
Brazil,2006,0.0
Brazil,2007,0.0
Brazil,2008,0.0
Brazil,2009,0.0
Brazil,2010,0.0
Brazil,2011,0.0
Brazil,2012,0.0
Brazil,2013,0.125
Brazil,2014,0.0
Brazil,2015,1.0
Brazil,2016,1.0
Brazil,2017,1.0
Brazil,2018,1.0
Brazil,2019,0.125
Brazil,2020,0.75
Brazil,2021,0.75
Brazil,2022,0.125
Brazil,2023,0.0
Brazil,2024,0.125
Brazil,2025,0.125
Canada,1900,0.0
Canada,1901,0.0
Canada,1902,0.25
Canada,1903,0.75
Canada,1904,0.125
Canada,1905,0.125
Canada,1906,1.0
Canada,1907,0.25
Canada,1908,0.0
Canada,1909,0.0
Canada,1910,0.0
Canada,1911,0.0
Canada,1912,0.375
Canada,1913,0.375
Canada,1914,0.5
Canada,1915,0.125
Canada,1916,0.0
Canada,1917,0.25
Canada,1918,0.5
Canada,1919,0.0
Canada,1920,0.0
Canada,1921,0.75
Canada,1922,0.0
Canada,1923,0.0
Canada,1924,0.25
Canada,1925,0.75
Chile,1900,0.125
Chile,1901,0.125
Chile,1902,0.125
Chile,1903,0.125
Chile,1904,0.125
Chile,1905,0.125
Chile,1906,0.125
Chile,1907,0.25
Chile,1908,0.125
Chile,1909,0.125
Chile,1910,0.125
Chile,1911,0.125
Chile,1912,0.125
Chile,1913,0.125
Chile,1914,0.125
Chile,1915,0.125
Chile,1916,0.125
Chile,1917,0.375
Chile,1918,0.375
Chile,1919,0.375
Chile,1920,0.5
Chile,1921,0.25
Chile,1922,0.375
Chile,1923,0.375
Chile,1924,0.75
Chile,1925,0.375
Chile,1926,0.125
Chile,1927,0.5
Chile,1928,0.125
Chile,1929,0.0
Chile,1930,0.5
Chile,1931,1.0
Chile,1932,1.0
Chile,1933,0.375
Chile,1934,0.25
Chile,1935,0.125
Chile,1936,0.125
Chile,1937,0.0
Chile,1938,0.0
Chile,1939,0.0
Chile,1940,0.0
Chile,1941,0.0
Chile,1942,0.0
Chile,1943,0.0
Chile,1944,0.0
Chile,1945,0.0
Chile,1946,0.0
Chile,1947,0.0
Chile,1948,0.125
Chile,1949,0.125
Chile,1950,0.0
Chile,1951,0.0
Chile,1952,0.0
Chile,1953,0.375
Chile,1954,0.5
Chile,1955,0.375
Chile,1956,0.375
Chile,1957,0.375
Chile,1958,0.0
Chile,1959,0.0
Chile,1960,0.0
Chile,1961,0.125
Chile,1962,0.0
Chile,1963,0.0
Chile,1964,0.0
Chile,1965,0.125
Chile,1966,0.0
Chile,1967,0.125
Chile,1968,0.0
Chile,1969,0.125
Chile,1970,0.375
Chile,1971,0.25
Chile,1972,0.875
Chile,1973,1.0
Chile,1974,1.0
Chile,1975,0.75
Chile,1976,0.375
Chile,1977,0.375
Chile,1978,0.375
Chile,1979,0.25
Chile,1980,0.25
Chile,1981,0.25
Chile,1982,0.75
Chile,1983,0.875
Chile,1984,0.5
Chile,1985,0.125
Chile,1986,0.25
Chile,1987,0.125
Chile,1988,0.125
Chile,1989,0.0
Chile,1990,0.0
Chile,1991,0.0
Chile,1992,0.0
Chile,1993,0.0
Chile,1994,0.0
Chile,1995,0.0
Chile,1996,0.0
Chile,1997,0.0
Chile,1998,0.0
Chile,1999,0.0
Chile,2000,0.0
Chile,2001,0.0
Chile,2002,0.0
Chile,2003,0.0
Chile,2004,0.0
Chile,2005,0.0
Chile,2006,0.0
Chile,2007,0.0
Chile,2008,0.0
Chile,2009,0.0
Chile,2010,0.0
Chile,2011,0.0
Chile,2012,0.0
Chile,2013,0.0
Chile,2014,0.0
Chile,2015,0.0
Chile,2016,0.0
Chile,2017,0.0
Chile,2018,0.0
Chile,2019,0.5
Chile,2020,0.375
Chile,2021,0.25
Chile,2022,0.25
Chile,2023,0.25
Chile,2024,0.0
Chile,2025,0.0
China,1900,1.0
China,1901,1.0
China,1902,1.0
China,1903,1.0
China,1904,1.0
China,1905,1.0
China,1906,1.0
China,1907,1.0
China,1908,1.0
China,1909,1.0
China,1910,1.0
China,1911,1.0
China,1912,1.0
China,1913,1.0
China,1914,0.875
China,1915,0.875
China,1916,0.875
China,1917,0.875
China,1918,0.75
China,1919,0.75
China,1920,0.75
China,1921,0.75
China,1922,0.75
China,1923,0.75
China,1924,0.75
China,1925,0.75
China,1926,0.75
China,1927,0.75
China,1928,0.75
China,1929,0.5
China,1930,0.5
China,1931,0.5
China,1932,0.125
China,1933,0.125
China,1934,0.125
China,1935,0.25
China,1936,0.25
China,1937,1.0
China,1938,1.0
China,1939,1.0
China,1940,1.0
China,1941,1.0
China,1942,1.0
China,1943,1.0
China,1944,1.0
China,1945,1.0
China,1946,1.0
China,1947,1.0
China,1948,1.0
China,1949,0.75
China,1950,0.625
China,1951,0.625
China,1952,0.0
China,1953,0.0
China,1954,0.0
China,1955,0.0
China,1956,0.0
China,1957,0.25
China,1958,0.25
China,1959,0.875
China,1960,0.875
China,1961,0.875
China,1962,0.625
China,1963,0.375
China,1964,0.0
China,1965,0.0
China,1966,0.875
China,1967,0.875
China,1968,0.875
China,1969,0.875
China,1970,0.875
China,1971,0.875
China,1972,0.875
China,1973,0.875
China,1974,0.875
China,1975,0.875
China,1976,0.875
China,1977,0.0
China,1978,0.0
China,1979,0.0
China,1980,0.0
China,1981,0.0
China,1982,0.0
China,1983,0.0
China,1984,0.0
China,1985,0.0
China,1986,0.0
China,1987,0.0
China,1988,0.0
China,1989,0.625
China,1990,0.375
China,1991,0.375
China,1992,0.0
China,1993,0.0
China,1994,0.0
China,1995,0.0
China,1996,0.0
China,1997,0.0
China,1998,0.0
China,1999,0.0
China,2000,0.0
China,2001,0.0
China,2002,0.0
China,2003,0.0
China,2004,0.0
China,2005,0.0
China,2006,0.0
China,2007,0.0
China,2008,0.0
China,2009,0.0
China,2010,0.0
China,2011,0.0
China,2012,0.0
China,2013,0.0
China,2014,0.0
China,2015,0.0
China,2016,0.0
China,2017,0.0
China,2018,0.0
China,2019,0.0
China,2020,0.125
China,2021,0.25
China,2022,0.375
China,2023,0.0
China,2024,0.0
China,2025,0.0
Colombia,1900,1.0
Colombia,1901,1.0
Colombia,1902,1.0
Colombia,1903,1.0
Colombia,1904,1.0
Colombia,1905,0.875
Colombia,1906,0.625
Colombia,1907,0.625
Colombia,1908,0.5
Colombia,1909,0.5
Colombia,1910,0.25
Colombia,1911,0.25
Colombia,1912,0.25
Colombia,1913,0.25
Colombia,1914,0.25
Colombia,1915,0.25
Colombia,1916,0.25
Colombia,1917,0.25
Colombia,1918,0.25
Colombia,1919,0.25
Colombia,1920,0.125
Colombia,1921,0.125
Colombia,1922,0.125
Colombia,1923,0.125
Colombia,1924,0.125
Colombia,1925,0.125
Colombia,1926,0.125
Colombia,1927,0.125
Colombia,1928,0.5
Colombia,1929,0.5
Colombia,1930,0.25
Colombia,1931,0.375
Colombia,1932,0.875
Colombia,1933,0.5
Colombia,1934,0.5
Colombia,1935,0.375
Colombia,1936,0.125
Colombia,1937,0.125
Colombia,1938,0.125
Colombia,1939,0.125
Colombia,1940,0.125
Colombia,1941,0.125
Colombia,1942,0.125
Colombia,1943,0.125
Colombia,1944,0.125
Colombia,1945,0.125
Colombia,1946,0.5
Colombia,1947,0.875
Colombia,1948,1.0
Colombia,1949,1.0
Colombia,1950,1.0
Colombia,1951,1.0
Colombia,1952,1.0
Colombia,1953,0.625
Colombia,1954,0.375
Colombia,1955,0.375
Colombia,1956,0.75
Colombia,1957,0.625
Colombia,1958,0.5
Colombia,1959,0.5
Colombia,1960,0.5
Colombia,1961,0.5
Colombia,1962,0.5
Colombia,1963,0.5
Colombia,1964,0.5
Colombia,1965,0.5
Colombia,1966,0.5
Colombia,1967,0.5
Colombia,1968,0.5
Colombia,1969,0.5
Colombia,1970,0.375
Colombia,1971,0.625
Colombia,1972,0.625
Colombia,1973,0.625
Colombia,1974,0.625
Colombia,1975,0.75
Colombia,1976,0.75
Colombia,1977,0.75
Colombia,1978,0.75
Colombia,1979,1.0
Colombia,1980,1.0
Colombia,1981,1.0
Colombia,1982,1.0
Colombia,1983,1.0
Colombia,1984,1.0
Colombia,1985,1.0
Colombia,1986,1.0
Colombia,1987,1.0
Colombia,1988,1.0
Colombia,1989,1.0
Colombia,1990,1.0
Colombia,1991,1.0
Colombia,1992,1.0
Colombia,1993,1.0
Colombia,1994,1.0
Colombia,1995,1.0
Colombia,1996,1.0
Colombia,1997,1.0
Colombia,1998,1.0
Colombia,1999,1.0
Colombia,2000,1.0
Colombia,2001,1.0
Colombia,2002,1.0
Colombia,2003,1.0
Colombia,2004,1.0
Colombia,2005,0.875
Colombia,2006,0.625
Colombia,2007,0.125
Colombia,2008,0.125
Colombia,2009,0.25
Colombia,2010,0.125
Colombia,2011,0.125
Colombia,2012,0.125
Colombia,2013,0.125
Colombia,2014,0.125
Colombia,2015,0.125
Colombia,2016,0.125
Colombia,2017,0.125
Colombia,2018,0.125
Colombia,2019,0.125
Colombia,2020,1.0
Colombia,2021,1.0
Colombia,2022,0.625
Colombia,2023,0.5
Colombia,2024,0.5
Colombia,2025,0.5
Denmark,1900,0.0
Denmark,1901,0.0
Denmark,1902,0.0
Denmark,1903,0.0
Denmark,1904,0.0
Denmark,1905,0.0
Denmark,1906,0.0
Denmark,1907,0.0
Denmark,1908,0.0
Denmark,1909,0.0
Denmark,1910,0.0
Denmark,1911,0.0
Denmark,1912,0.0
Denmark,1913,0.125
Denmark,1914,0.0
Denmark,1915,0.0
Denmark,1916,0.0
Denmark,1917,0.0
Denmark,1918,0.0
Denmark,1919,0.0
Denmark,1920,0.0
Denmark,1921,0.0
Denmark,1922,0.0
Denmark,1923,0.0
Denmark,1924,0.0
Denmark,1925,0.0
Denmark,1926,0.0
Denmark,1927,0.0
Denmark,1928,0.0
Denmark,1929,0.0
Denmark,1930,0.0
Denmark,1931,0.0
Denmark,1932,0.0
Denmark,1933,0.0
Denmark,1934,0.0
Denmark,1935,0.0
Denmark,1936,0.0
Denmark,1937,0.0
Denmark,1938,0.0
Denmark,1939,0.0
Denmark,1940,0.0
Denmark,1941,0.0
Denmark,1942,0.0
Denmark,1943,0.0
Denmark,1944,0.0
Denmark,1945,0.0
Denmark,1946,0.0
Denmark,1947,0.0
Denmark,1948,0.0
Denmark,1949,0.0
Denmark,1950,0.0
Denmark,1951,0.0
Denmark,1952,0.0
Denmark,1953,0.0
Denmark,1954,0.0
Denmark,1955,0.0
Denmark,1956,0.0
Denmark,1957,0.0
Denmark,1958,0.0
Denmark,1959,0.0
Denmark,1960,0.0
Denmark,1961,0.0
Denmark,1962,0.0
Denmark,1963,0.0
Denmark,1964,0.0
Denmark,1965,0.0
Denmark,1966,0.0
Egypt,1900,0.0
Egypt,1901,0.0
Egypt,1902,0.0
Egypt,1903,0.0
Egypt,1904,0.0
Egypt,1905,0.0
Egypt,1906,0.0
Egypt,1907,0.625
Egypt,1908,0.125
Egypt,1909,0.25
Egypt,1910,0.5
Egypt,1911,0.125
Egypt,1912,0.125
Egypt,1913,0.125
Egypt,1914,0.5
Egypt,1915,0.625
Egypt,1916,0.5
Egypt,1917,0.625
Egypt,1918,0.75
Egypt,1919,1.0
Egypt,1920,0.875
Egypt,1921,0.75
Egypt,1922,0.0
Egypt,1923,0.375
Egypt,1924,0.375
Egypt,1925,0.375
Egypt,1926,0.375
Egypt,1927,0.375
Egypt,1928,0.5
Egypt,1929,0.875
Egypt,1930,0.75
Egypt,1931,0.625
Egypt,1932,0.375
Egypt,1933,0.25
Egypt,1934,0.0
Egypt,1935,0.375
Egypt,1936,0.0
Egypt,1937,0.25
Egypt,1938,0.25
Egypt,1939,0.75
Egypt,1940,0.875
Egypt,1941,0.875
Egypt,1942,0.625
Egypt,1943,0.25
Egypt,1944,0.25
Egypt,1945,0.75
Egypt,1946,0.875
Egypt,1947,0.75
Egypt,1948,0.875
Egypt,1949,0.875
Egypt,1950,0.375
Egypt,1951,0.875
Egypt,1952,1.0
Egypt,1953,0.125
Egypt,1954,0.25
Egypt,1955,0.125
Egypt,1956,0.25
Egypt,1957,0.125
Egypt,1958,0.125
Egypt,1959,0.0
Egypt,1960,0.0
Egypt,1961,0.125
Egypt,1962,0.125
Egypt,1963,0.125
Egypt,1964,0.125
Egypt,1965,0.25
Egypt,1966,0.375
Egypt,1967,1.0
Egypt,1968,1.0
Egypt,1969,0.25
Egypt,1970,0.25
Egypt,1971,0.25
Egypt,1972,0.25
Egypt,1973,0.0
Egypt,1974,0.125
Egypt,1975,0.25
Egypt,1976,0.25
Egypt,1977,1.0
Egypt,1978,0.5
Egypt,1979,0.375
Egypt,1980,0.375
Egypt,1981,0.5
Egypt,1982,0.375
Egypt,1983,0.25
Egypt,1984,0.25
Egypt,1985,0.375
Egypt,1986,0.5
Egypt,1987,0.5
Egypt,1988,0.375
Egypt,1989,0.375
Egypt,1990,0.25
Egypt,1991,0.25
Egypt,1992,0.5
Egypt,1993,0.5
Egypt,1994,0.625
Egypt,1995,0.625
Egypt,1996,0.25
Egypt,1997,0.75
Egypt,1998,0.375
Egypt,1999,0.25
Egypt,2000,0.25
Egypt,2001,0.125
Egypt,2002,0.125
Egypt,2003,0.625
Egypt,2004,0.25
Egypt,2005,0.5
Egypt,2006,0.375
Egypt,2007,0.5
Egypt,2008,0.75
Egypt,2009,0.625
Egypt,2010,0.75
Egypt,2011,1.0
Egypt,2012,1.0
Egypt,2013,1.0
Egypt,2014,0.5
Egypt,2015,0.375
Egypt,2016,0.5
Egypt,2017,0.5
Egypt,2018,0.125
Egypt,2019,0.125
Egypt,2020,0.375
Egypt,2021,0.125
Egypt,2022,0.625
Egypt,2023,0.875
Egypt,2024,0.5
Egypt,2025,0.25
Estonia,1900,0.0
Estonia,1901,0.0
Estonia,1902,0.0
Estonia,1903,0.0
Estonia,1904,0.0
Estonia,1905,0.0
Estonia,1906,0.0
Estonia,1907,0.0
Estonia,1908,0.0
Estonia,1909,0.0
Estonia,1910,0.0
Estonia,1911,0.0
Estonia,1912,0.0
Estonia,1913,0.0
Estonia,1914,0.25
Estonia,1915,0.875
Estonia,1916,0.875
Estonia,1917,0.5
Estonia,1918,0.875
Estonia,1919,0.125
Estonia,1920,0.0
Estonia,1921,0.0
Estonia,1922,0.0
Estonia,1923,0.0
Estonia,1924,0.0
Estonia,1925,0.0
Estonia,1926,0.0
Estonia,1927,0.0
Estonia,1928,0.0
Estonia,1929,0.0
Estonia,1930,0.0
Estonia,1931,0.0
Estonia,1932,0.0
Estonia,1933,0.125
Estonia,1934,0.125
Estonia,1935,0.25
Estonia,1936,0.625
Estonia,1937,1.0
Estonia,1938,1.0
Estonia,1939,1.0
Estonia,1940,1.0
Estonia,1941,1.0
Estonia,1942,1.0
Estonia,1943,1.0
Estonia,1944,0.25
Estonia,1945,0.125
Estonia,1946,0.125
Estonia,1947,0.125
Estonia,1948,0.125
Estonia,1949,0.125
Estonia,1950,0.125
Estonia,1951,0.125
Estonia,1952,0.125
Estonia,1953,0.125
Estonia,1954,0.125
Estonia,1955,0.125
Estonia,1956,0.125
Estonia,1957,0.125
Estonia,1958,0.125
Estonia,1959,0.125
Estonia,1960,0.125
Estonia,1961,0.125
Estonia,1962,0.125
Estonia,1963,0.125
Estonia,1964,0.125
Estonia,1965,0.125
Estonia,1966,0.125
Estonia,1967,0.125
Estonia,1968,0.125
Estonia,1969,0.125
Estonia,1970,0.125
Estonia,1971,0.125
Estonia,1972,0.125
Estonia,1973,0.125
Estonia,1974,0.125
Estonia,1975,0.125
Estonia,1976,0.125
Estonia,1977,0.125
Estonia,1978,0.125
Estonia,1979,0.125
Estonia,1980,0.125
Estonia,1981,0.125
Estonia,1982,0.125
Estonia,1983,0.125
Estonia,1984,0.125
Estonia,1985,0.125
Estonia,1986,0.125
Estonia,1987,0.125
Estonia,1988,0.0
Estonia,1989,0.0
Estonia,1990,0.0
Estonia,1991,0.0
Estonia,1992,0.0
Estonia,1993,0.0
Estonia,1994,0.0
Estonia,1995,0.0
Estonia,1996,0.0
Estonia,1997,0.0
Estonia,1998,0.0
Estonia,1999,0.0
Estonia,2000,0.0
Estonia,2001,0.0
Estonia,2002,0.0
Estonia,2003,0.0
Estonia,2004,0.0
Estonia,2005,0.0
Estonia,2006,0.0
Estonia,2007,0.0
Estonia,2008,0.0
Estonia,2009,0.0
Estonia,2010,0.0
Estonia,2011,0.0
Estonia,2012,0.0
Estonia,2013,0.0
Estonia,2014,0.0
Estonia,2015,0.0
Estonia,2016,0.0
Estonia,2017,0.0
Estonia,2018,0.0
Estonia,2019,0.0
Estonia,2020,0.0
Estonia,2021,0.0
Estonia,2022,0.0
Finland,1900,0.25
Finland,1901,0.25
Finland,1902,0.25
Finland,1903,0.25
Finland,1904,0.25
Finland,1905,0.0
Finland,1906,0.25
Finland,1907,0.25
Finland,1908,0.25
Finland,1909,0.0
Finland,1910,0.25
Finland,1911,0.25
Finland,1912,0.375
Finland,1913,0.0
Finland,1914,1.0
Finland,1915,1.0
Finland,1916,0.0
Finland,1917,0.0
Finland,1918,0.0
Finland,1919,0.0
Finland,1920,0.0
Finland,1921,0.0
Finland,1922,0.0
Finland,1923,0.0
Finland,1924,0.0
Finland,1925,0.0
Finland,1926,0.125
Finland,1927,0.125
Finland,1928,0.0
Finland,1929,0.0
Finland,1930,0.0
Finland,1931,0.0
Finland,1932,0.0
Finland,1933,0.0
Finland,1934,0.0
Finland,1935,0.0
Finland,1936,0.875
Finland,1937,0.0
Finland,1938,0.0
Finland,1939,0.0
Finland,1940,0.875
Finland,1941,1.0
Finland,1942,0.625
Finland,1943,0.0
Finland,1944,0.0
Finland,1945,0.0
Finland,1946,0.0
Finland,1947,0.0
Finland,1948,0.0
Finland,1949,0.0
Finland,1950,0.0
Finland,1951,0.0
Finland,1952,0.0
Finland,1953,0.0
Finland,1954,0.0
Finland,1955,0.0
Finland,1956,0.0
Finland,1957,0.0
Finland,1958,0.0
Finland,1959,0.0
Finland,1960,0.0
Finland,1961,0.0
Finland,1962,0.0
Finland,1963,0.0
Finland,1964,0.0
Finland,1965,0.0
Finland,1966,0.0
Finland,1967,0.0
Finland,1968,0.0
Finland,1969,0.0
Finland,1970,0.0
Finland,1971,0.0
Finland,1972,0.0
Finland,1973,0.0
Finland,1974,0.0
Finland,1975,0.0
Finland,1976,0.0
Finland,1977,0.0
Finland,1978,0.0
Finland,1979,0.0
Finland,1980,0.0
Finland,1981,0.0
Finland,1982,0.0
Finland,1983,0.0
Finland,1984,0.0
Finland,1985,0.0
Finland,1986,0.0
Finland,1987,0.75
Finland,1988,1.0
Finland,1989,1.0
Finland,1990,0.75
Finland,1991,0.0
Finland,1992,0.0
Finland,1993,0.0
Finland,1994,0.0
Finland,1995,0.0
Finland,1996,0.0
Finland,1997,0.0
Finland,1998,0.0
Finland,1999,0.0
Finland,2000,0.0
Finland,2001,0.0
Finland,2002,0.0
Finland,2003,0.0
Finland,2004,0.0
Finland,2005,0.75
Finland,2006,0.75
Finland,2007,0.75
Finland,2008,0.75
Finland,2009,0.75
Finland,2010,0.75
Finland,2011,0.0
Finland,2012,0.0
Finland,2013,0.0
Finland,2014,0.0
Finland,2015,0.0
Finland,2016,0.625
Finland,2017,0.0
Finland,2018,0.0
Finland,2019,0.0
Finland,2020,0.125
Finland,2021,0.125
France,1900,0.0
France,1901,0.0
France,1902,0.0
France,1903,0.0
France,1904,0.0
France,1905,0.0
France,1906,0.0
France,1907,0.0
France,1908,0.0
France,1909,0.0
France,1910,0.0
France,1911,0.0
France,1912,0.0
France,1913,0.0
France,1914,0.375
France,1915,0.375
France,1916,0.625
France,1917,0.625
France,1918,0.375
France,1919,0.0
France,1920,0.125
France,1921,0.0
France,1922,0.0
France,1923,0.125
France,1924,0.0
France,1925,0.0
France,1926,0.0
France,1927,0.0
France,1928,0.0
France,1929,0.0
France,1930,0.25
France,1931,0.375
France,1932,0.5
France,1933,0.5
France,1934,0.5
France,1935,0.375
France,1936,0.625
France,1937,0.25
France,1938,0.5
France,1939,0.75
France,1940,1.0
France,1941,1.0
France,1942,1.0
France,1943,1.0
France,1944,1.0
France,1945,0.125
France,1946,0.125
France,1947,0.125
France,1948,0.125
France,1949,0.125
France,1950,0.125
France,1951,0.125
France,1952,0.125
France,1953,0.25
France,1954,0.25
France,1955,0.25
France,1956,0.25
France,1957,0.25
France,1958,0.375
France,1959,0.0
France,1960,0.0
France,1961,0.125
France,1962,0.0
France,1963,0.0
France,1964,0.0
France,1965,0.0
France,1966,0.0
France,1967,0.0
France,1968,0.875
France,1969,0.0
France,1970,0.0
France,1971,0.0
France,1972,0.0
France,1973,0.0
France,1974,0.0
France,1975,0.25
France,1976,0.25
France,1977,0.0
France,1978,0.0
France,1979,0.0
France,1980,0.0
France,1981,0.0
France,1982,0.0
France,1983,0.0
France,1984,0.0
France,1985,0.0
France,1986,0.0
France,1987,0.0
France,1988,0.0
France,1989,0.0
France,1990,0.0
France,1991,0.0
France,1992,0.0
France,1993,0.0
France,1994,0.0
France,1995,0.0
France,1996,0.0
France,1997,0.0
France,1998,0.0
France,1999,0.0
France,2000,0.0
France,2001,0.0
France,2002,0.0
France,2003,0.0
France,2004,0.0
France,2005,0.0
France,2006,0.0
France,2007,0.0
France,2008,0.0
France,2009,0.0
France,2010,0.0
France,2011,0.125
France,2012,0.125
France,2013,0.125
France,2014,0.25
France,2015,0.25
France,2016,0.25
France,2017,0.25
France,2018,0.25
France,2019,0.25
France,2020,0.375
France,2021,0.375
France,2022,0.375
France,2023,0.375
France,2024,0.375
France,2025,0.375
Germany,1900,0.0
Germany,1901,0.0
Germany,1902,0.0
Germany,1903,0.0
Germany,1904,0.0
Germany,1905,0.0
Germany,1906,0.0
Germany,1907,0.0
Germany,1908,0.0
Germany,1909,0.0
Germany,1910,0.0
Germany,1911,0.0
Germany,1912,0.0
Germany,1913,0.0
Germany,1914,0.125
Germany,1915,0.625
Germany,1916,0.625
Germany,1917,1.0
Germany,1918,1.0
Germany,1919,1.0
Germany,1920,1.0
Germany,1921,1.0
Germany,1922,1.0
Germany,1923,1.0
Germany,1924,0.625
Germany,1925,0.625
Germany,1926,0.625
Germany,1927,0.375
Germany,1928,0.125
Germany,1929,0.125
Germany,1930,1.0
Germany,1931,1.0
Germany,1932,1.0
Germany,1933,1.0
Germany,1934,0.375
Germany,1935,0.375
Germany,1936,0.25
Germany,1937,0.25
Germany,1938,0.25
Germany,1939,0.25
Germany,1940,0.375
Germany,1941,0.5
Germany,1942,0.75
Germany,1943,1.0
Germany,1944,1.0
Germany,1945,1.0
Germany,1946,1.0
Germany,1947,1.0
Germany,1948,1.0
Germany,1949,0.875
Germany,1950,0.625
Germany,1951,0.375
Germany,1952,0.125
Germany,1953,0.125
Germany,1954,0.125
Germany,1955,0.0
Germany,1956,0.0
Germany,1957,0.0
Germany,1958,0.0
Germany,1959,0.0
Germany,1960,0.0
Germany,1961,0.0
Germany,1962,0.0
Germany,1963,0.0
Germany,1964,0.0
Germany,1965,0.0
Germany,1966,0.0
Germany,1967,0.0
Germany,1968,0.0
Germany,1969,0.0
Germany,1970,0.0
Germany,1971,0.0
Germany,1972,0.0
Germany,1973,0.0
Germany,1974,0.0
Germany,1975,0.0
Germany,1976,0.0
Germany,1977,0.0
Germany,1978,0.0
Germany,1979,0.0
Germany,1980,0.0
Germany,1981,0.0
Germany,1982,0.0
Germany,1983,0.0
Germany,1984,0.0
Germany,1985,0.0
Germany,1986,0.0
Germany,1987,0.0
Germany,1988,0.0
Germany,1989,0.0
Germany,1990,0.0
Germany,1991,0.0
Germany,1992,0.0
Germany,1993,0.125
Germany,1994,0.125
Germany,1995,0.125
Germany,1996,0.125
Germany,1997,0.0
Germany,1998,0.0
Germany,1999,0.0
Germany,2000,0.125
Germany,2001,0.125
Germany,2002,0.125
Germany,2003,0.125
Germany,2004,0.125
Germany,2005,0.125
Germany,2006,0.125
Germany,2007,0.125
Germany,2008,0.25
Germany,2009,0.0
Germany,2010,0.0
Germany,2011,0.0
Germany,2012,0.0
Germany,2013,0.0
Germany,2014,0.0
Germany,2015,0.0
Germany,2016,0.0
Germany,2017,0.0
Germany,2018,0.0
Germany,2019,0.0
Germany,2020,0.5
Germany,2021,0.5
Germany,2022,0.75
Germany,2023,0.75
Germany,2024,0.75
Germany,2025,0.75
Hong Kong,1900,0.125
Hong Kong,1901,0.125
Hong Kong,1902,0.0
Hong Kong,1903,0.0
Hong Kong,1904,0.0
Hong Kong,1905,0.0
Hong Kong,1906,0.0
Hong Kong,1907,0.0
Hong Kong,1908,0.0
Hong Kong,1909,0.0
Hong Kong,1910,0.0
Hong Kong,1911,0.125
Hong Kong,1912,0.125
Hong Kong,1913,0.0
Hong Kong,1914,0.0
Hong Kong,1915,0.125
Hong Kong,1916,0.125
Hong Kong,1917,0.125
Hong Kong,1918,0.125
Hong Kong,1919,0.125
Hong Kong,1920,0.0
Hong Kong,1921,0.0
Hong Kong,1922,0.125
Hong Kong,1923,0.125
Hong Kong,1924,0.125
Hong Kong,1925,0.0
Hong Kong,1926,0.0
Hong Kong,1927,0.125
Hong Kong,1928,0.125
Hong Kong,1929,0.125
Hong Kong,1930,0.125
Hong Kong,1931,0.25
Hong Kong,1932,0.25
Hong Kong,1933,0.25
Hong Kong,1934,0.25
Hong Kong,1935,0.125
Hong Kong,1936,0.125
Hong Kong,1937,0.125
Hong Kong,1938,0.125
Hong Kong,1939,0.125
Hong Kong,1940,0.875
Hong Kong,1941,1.0
Hong Kong,1942,1.0
Hong Kong,1943,1.0
Hong Kong,1944,1.0
Hong Kong,1945,1.0
Hong Kong,1946,1.0
Hong Kong,1947,0.25
Hong Kong,1948,0.125
Hong Kong,1949,0.125
Hong Kong,1950,0.0
Hong Kong,1951,0.0
Hong Kong,1952,0.0
Hong Kong,1953,0.0
Hong Kong,1954,0.0
Hong Kong,1955,0.0
Hong Kong,1956,0.0
Hong Kong,1957,0.0
Hong Kong,1958,0.0
Hong Kong,1959,0.0
Hong Kong,1960,0.0
Hong Kong,1961,0.0
Hong Kong,1962,0.0
Hong Kong,1963,0.0
Hong Kong,1964,0.0
Hong Kong,1965,0.0
Hong Kong,1966,0.25
Hong Kong,1967,1.0
Hong Kong,1968,0.25
Hong Kong,1969,0.0
Hong Kong,1970,0.0
Hong Kong,1971,0.0
Hong Kong,1972,0.0
Hong Kong,1973,0.0
Hong Kong,1974,0.0
Hong Kong,1975,0.0
Hong Kong,1976,0.0
Hong Kong,1977,0.0
Hong Kong,1978,0.0
Hong Kong,1979,0.0
Hong Kong,1980,0.0
Hong Kong,1981,0.0
Hong Kong,1982,0.0
Hong Kong,1983,0.0
Hong Kong,1984,0.0
Hong Kong,1985,0.0
Hong Kong,1986,0.0
Hong Kong,1987,0.0
Hong Kong,1988,0.0
Hong Kong,1989,0.0
Hong Kong,1990,0.0
Hong Kong,1991,0.0
Hong Kong,1992,0.0
Hong Kong,1993,0.0
Hong Kong,1994,0.0
Hong Kong,1995,0.0
Hong Kong,1996,0.0
Hong Kong,1997,0.0
Hong Kong,1998,0.125
Hong Kong,1999,0.125
Hong Kong,2000,0.0
Hong Kong,2001,0.0
Hong Kong,2002,0.0
Hong Kong,2003,0.125
Hong Kong,2004,0.125
Hong Kong,2005,0.0
Hong Kong,2006,0.0
Hong Kong,2007,0.0
Hong Kong,2008,0.125
Hong Kong,2009,0.125
Hong Kong,2010,0.0
Hong Kong,2011,0.0
Hong Kong,2012,0.0
Hong Kong,2013,0.0
Hong Kong,2014,0.0
Hong Kong,2015,0.0
India,1950,0.0
India,1951,0.0
India,1952,0.0
India,1953,0.0
India,1954,0.0
India,1955,0.0
India,1956,0.0
India,1957,0.0
India,1958,0.0
India,1959,0.0
India,1960,0.0
India,1961,0.0
India,1962,0.0
India,1963,0.0
India,1964,0.0
India,1965,0.0
India,1966,0.0
India,1967,0.0
India,1968,0.0
India,1969,0.0
India,1970,0.0
India,1971,0.0
India,1972,0.0
India,1973,0.0
India,1974,0.0
India,1975,0.0
India,1976,0.0
India,1977,0.0
India,1978,0.0
India,1979,0.0
India,1980,0.0
India,1981,0.0
India,1982,0.0
India,1983,0.0
India,1984,0.0
India,1985,0.0
India,1986,0.0
India,1987,0.0
India,1988,0.0
India,1989,0.0
India,1990,0.0
India,1991,0.0
India,1992,0.0
India,1993,0.0
India,1994,0.0
India,1995,0.0
India,1996,0.0
India,1997,0.0
India,1998,0.0
India,1999,0.0
India,2000,0.0
India,2001,0.0
India,2002,0.0
India,2003,0.0
India,2004,0.0
India,2005,0.0
India,2006,0.0
India,2007,0.0
India,2008,0.0
India,2009,0.0
India,2010,0.0
India,2011,0.0
India,2012,0.0
India,2013,0.0
India,2014,0.0
India,2015,0.0
India,2016,0.0
India,2017,0.0
India,2018,0.0
India,2019,0.0
India,2020,0.0
India,2021,0.0
India,2022,0.0
Indonesia,1941,0.625
Indonesia,1942,1.0
Indonesia,1943,1.0
Indonesia,1944,1.0
Indonesia,1945,1.0
Indonesia,1946,1.0
Indonesia,1947,0.875
Indonesia,1948,0.875
Indonesia,1949,0.875
Indonesia,1950,0.125
Indonesia,1951,0.125
Indonesia,1952,0.125
Indonesia,1953,0.125
Indonesia,1954,0.125
Indonesia,1955,0.125
Indonesia,1956,0.125
Indonesia,1957,0.125
Indonesia,1958,0.125
Indonesia,1959,0.125
Indonesia,1960,0.125
Indonesia,1961,0.125
Indonesia,1962,0.125
Indonesia,1963,0.125
Indonesia,1964,0.125
Indonesia,1965,0.875
Indonesia,1966,0.875
Indonesia,1967,0.875
Indonesia,1968,0.875
Indonesia,1969,0.875
Indonesia,1970,0.875
Indonesia,1971,0.875
Indonesia,1972,0.875
Indonesia,1973,0.875
Indonesia,1974,0.875
Indonesia,1975,0.875
Indonesia,1976,0.875
Indonesia,1977,0.875
Indonesia,1978,0.875
Indonesia,1979,0.875
Indonesia,1980,0.5
Indonesia,1981,0.5
Indonesia,1982,0.5
Indonesia,1983,0.5
Indonesia,1984,0.5
Indonesia,1985,0.5
Indonesia,1986,0.5
Indonesia,1987,0.5
Indonesia,1988,0.5
Indonesia,1989,0.5
Indonesia,1990,0.5
Indonesia,1991,0.5
Indonesia,1992,0.5
Indonesia,1993,0.5
Indonesia,1994,0.5
Indonesia,1995,0.5
Indonesia,1996,0.5
Indonesia,1997,0.875
Indonesia,1998,1.0
Indonesia,1999,0.875
Indonesia,2000,0.875
Indonesia,2001,0.875
Indonesia,2002,0.875
Indonesia,2003,0.875
Indonesia,2004,0.875
Indonesia,2005,0.875
Indonesia,2006,0.875
Indonesia,2007,0.875
Indonesia,2008,0.875
Indonesia,2009,0.875
Indonesia,2010,0.875
Indonesia,2011,0.875
Indonesia,2012,0.875
Indonesia,2013,0.875
Indonesia,2014,0.875
Indonesia,2015,0.875
Indonesia,2016,0.875
Indonesia,2017,0.875
Indonesia,2018,0.875
Indonesia,2019,0.875
Indonesia,2020,0.875
Indonesia,2021,0.875
Indonesia,2022,0.875
Indonesia,2023,0.875
Indonesia,2024,0.875
Indonesia,2025,0.875
Iran,1900,0.75
Iran,1901,0.75
Iran,1902,0.875
Iran,1903,0.75
Iran,1904,0.875
Iran,1905,1.0
Iran,1906,1.0
Iran,1907,1.0
Iran,1908,1.0
Iran,1909,1.0
Iran,1910,1.0
Iran,1911,1.0
Iran,1912,1.0
Iran,1913,1.0
Iran,1914,1.0
Iran,1915,1.0
Iran,1916,1.0
Iran,1917,1.0
Iran,1918,1.0
Iran,1919,1.0
Iran,1920,1.0
Iran,1921,1.0
Iran,1922,1.0
Iran,1923,1.0
Iran,1924,1.0
Iran,1925,0.5
Iran,1926,0.125
Iran,1927,0.125
Iran,1928,0.0
Iran,1929,0.125
Iran,1930,0.0
Iran,1931,0.125
Iran,1932,0.125
Iran,1933,0.0
Iran,1934,0.0
Iran,1935,0.0
Iran,1936,0.0
Iran,1937,0.125
Iran,1938,0.125
Iran,1939,0.0
Iran,1940,0.125
Iran,1941,1.0
Iran,1942,1.0
Iran,1943,1.0
Iran,1944,1.0
Iran,1945,1.0
Iran,1946,1.0
Iran,1947,1.0
Iran,1948,0.875
Iran,1949,0.875
Iran,1950,1.0
Iran,1951,1.0
Iran,1952,1.0
Iran,1953,1.0
Iran,1954,0.125
Iran,1955,0.125
Iran,1956,0.125
Iran,1957,0.125
Iran,1958,0.125
Iran,1959,0.125
Iran,1960,0.125
Iran,1961,0.25
Iran,1962,0.25
Iran,1963,0.5
Iran,1964,0.125
Iran,1965,0.125
Iran,1966,0.0
Iran,1967,0.0
Iran,1968,0.0
Iran,1969,0.0
Iran,1970,0.0
Iran,1971,0.0
Iran,1972,0.0
Iran,1973,0.0
Iran,1974,0.0
Iran,1975,0.0
Iran,1976,0.0
Iran,1977,0.625
Iran,1978,1.0
Iran,1979,1.0
Iran,1980,1.0
Iran,1981,1.0
Iran,1982,1.0
Iran,1983,1.0
Iran,1984,1.0
Iran,1985,1.0
Iran,1986,1.0
Iran,1987,1.0
Iran,1988,1.0
Iran,1989,0.75
Iran,1990,0.25
Iran,1991,0.25
Iran,1992,0.625
Iran,1993,0.25
Iran,1994,0.25
Iran,1995,0.5
Iran,1996,0.625
Iran,1997,0.375
Iran,1998,0.25
Iran,1999,0.375
Iran,2000,0.5
Iran,2001,0.625
Iran,2002,0.375
Iran,2003,0.375
Iran,2004,0.5
Iran,2005,0.625
Iran,2006,0.5
Iran,2007,0.875
Iran,2008,0.375
Iran,2009,0.875
Iran,2010,1.0
Iran,2011,1.0
Iran,2012,0.875
Iran,2013,0.625
Iran,2014,0.875
Iran,2015,0.625
Iran,2016,0.375
Iran,2017,0.25
Iran,2018,1.0
Iran,2019,1.0
Iran,2020,1.0
Iran,2021,1.0
Iran,2022,1.0
Iran,2023,1.0
Iran,2024,1.0
Iran,2025,0.875
Iraq,1900,0.625
Iraq,1901,0.625
Iraq,1902,0.625
Iraq,1903,0.625
Iraq,1904,0.625
Iraq,1905,0.625
Iraq,1906,0.625
Iraq,1907,0.625
Iraq,1908,0.625
Iraq,1909,0.625
Iraq,1910,0.625
Iraq,1911,0.625
Iraq,1912,0.625
Iraq,1913,0.625
Iraq,1914,1.0
Iraq,1915,1.0
Iraq,1916,1.0
Iraq,1917,1.0
Iraq,1918,1.0
Iraq,1919,1.0
Iraq,1920,1.0
Iraq,1921,1.0
Iraq,1922,1.0
Iraq,1923,1.0
Iraq,1924,1.0
Iraq,1925,1.0
Iraq,1926,1.0
Iraq,1927,1.0
Iraq,1928,1.0
Iraq,1929,1.0
Iraq,1930,1.0
Iraq,1931,1.0
Iraq,1932,1.0
Iraq,1933,1.0
Iraq,1934,1.0
Iraq,1935,1.0
Iraq,1936,1.0
Iraq,1937,1.0
Iraq,1938,1.0
Iraq,1939,1.0
Iraq,1940,1.0
Iraq,1941,1.0
Iraq,1942,1.0
Iraq,1943,1.0
Iraq,1944,1.0
Iraq,1945,1.0
Iraq,1946,1.0
Iraq,1947,1.0
Iraq,1948,1.0
Iraq,1949,1.0
Iraq,1950,1.0
Iraq,1951,1.0
Iraq,1952,1.0
Iraq,1953,1.0
Iraq,1954,1.0
Iraq,1955,1.0
Iraq,1956,1.0
Iraq,1957,1.0
Iraq,1958,1.0
Iraq,1959,1.0
Iraq,1960,1.0
Iraq,1961,1.0
Iraq,1962,1.0
Iraq,1963,1.0
Iraq,1964,1.0
Iraq,1965,1.0
Iraq,1966,1.0
Iraq,1967,1.0
Iraq,1968,1.0
Iraq,1969,1.0
Iraq,1970,1.0
Iraq,1971,0.125
Iraq,1972,0.125
Iraq,1973,0.125
Iraq,1974,0.125
Iraq,1975,0.125
Iraq,1976,0.125
Iraq,1977,0.125
Iraq,1978,0.125
Iraq,1979,1.0
Iraq,1980,1.0
Iraq,1981,1.0
Iraq,1982,1.0
Iraq,1983,1.0
Iraq,1984,1.0
Iraq,1985,1.0
Iraq,1986,1.0
Iraq,1987,0.625
Iraq,1988,0.625
Iraq,1989,1.0
Iraq,1990,1.0
Iraq,1991,1.0
Iraq,1992,1.0
Iraq,1993,1.0
Iraq,1994,1.0
Iraq,1995,1.0
Iraq,1996,1.0
Iraq,1997,1.0
Iraq,1998,1.0
Iraq,1999,1.0
Iraq,2000,1.0
Iraq,2001,1.0
Iraq,2002,1.0
Iraq,2003,1.0
Iraq,2004,1.0
Iraq,2005,1.0
Iraq,2006,1.0
Iraq,2007,1.0
Iraq,2008,1.0
Iraq,2009,1.0
Iraq,2010,1.0
Iraq,2011,1.0
Iraq,2012,1.0
Iraq,2013,1.0
Iraq,2014,1.0
Iraq,2015,1.0
Iraq,2016,1.0
Iraq,2017,1.0
Iraq,2018,1.0
Iraq,2019,1.0
Iraq,2020,0.625
Iraq,2021,0.625
Iraq,2022,0.625
Iraq,2023,0.625
Israel,1946,0.625
Israel,1947,0.625
Israel,1948,0.125
Israel,1949,0.0
Israel,1950,0.0
Israel,1951,0.0
Israel,1952,0.0
Israel,1953,0.0
Israel,1954,0.0
Israel,1955,0.0
Israel,1956,0.0
Israel,1957,0.0
Israel,1958,0.0
Israel,1959,0.0
Israel,1960,0.0
Israel,1961,0.0
Israel,1962,0.0
Israel,1963,0.0
Israel,1964,0.0
Israel,1965,0.0
Israel,1966,0.0
Israel,1967,0.0
Israel,1968,0.0
Israel,1969,0.0
Israel,1970,0.0
Israel,1971,0.0
Israel,1972,0.0
Israel,1973,1.0
Israel,1974,1.0
Israel,1975,1.0
Israel,1976,1.0
Israel,1977,1.0
Israel,1978,1.0
Israel,1979,1.0
Israel,1980,0.0
Israel,1981,0.0
Israel,1982,0.0
Israel,1983,0.0
Israel,1984,0.0
Israel,1985,0.0
Israel,1986,0.0
Israel,1987,0.0
Israel,1988,0.0
Israel,1989,0.0
Israel,1990,0.0
Israel,1991,0.0
Israel,1992,0.0
Israel,1993,0.0
Israel,1994,0.0
Israel,1995,0.0
Israel,1996,0.0
Israel,1997,0.0
Israel,1998,0.0
Israel,1999,0.0
Israel,2000,0.0
Israel,2001,0.0
Israel,2002,0.0
Israel,2003,0.0
Israel,2004,0.0
Israel,2005,0.0
Israel,2006,0.0
Israel,2007,0.0
Israel,2008,0.0
Israel,2009,0.0
Israel,2010,0.0
Israel,2011,0.0
Israel,2012,0.0
Israel,2013,0.0
Israel,2014,0.0
Israel,2015,0.0
Israel,2016,0.0
Israel,2017,0.0
Israel,2018,0.0
Israel,2019,0.0
Israel,2020,0.0
Israel,2021,0.0
Israel,2022,0.0
Israel,2023,0.0
Israel,2024,0.0
Israel,2025,0.0
Italy,1900,0.25
Italy,1901,0.125
Italy,1902,0.125
Italy,1903,0.0
Italy,1904,0.0
Italy,1905,0.0
Italy,1906,0.0
Italy,1907,0.0
Italy,1908,0.0
Italy,1909,0.0
Italy,1910,0.0
Italy,1911,0.0
Italy,1912,0.125
Italy,1913,0.375
Italy,1914,1.0
Italy,1915,1.0
Italy,1916,1.0
Italy,1917,1.0
Italy,1918,1.0
Italy,1919,0.375
Italy,1920,0.375
Italy,1921,0.0
Italy,1922,0.0
Italy,1923,0.0
Italy,1924,0.0
Italy,1925,0.0
Italy,1926,0.0
Italy,1927,0.0
Italy,1928,0.0
Italy,1929,0.0
Italy,1930,0.0
Italy,1931,0.0
Italy,1932,0.0
Italy,1933,0.0
Italy,1934,0.0
Italy,1935,0.0
Italy,1936,0.0
Italy,1937,0.0
Italy,1938,0.0
Italy,1939,0.875
Italy,1940,1.0
Italy,1941,1.0
Italy,1942,1.0
Italy,1943,1.0
Italy,1944,1.0
Italy,1945,1.0
Italy,1946,0.375
Italy,1947,0.125
Italy,1948,0.125
Italy,1949,0.0
Italy,1950,0.0
Italy,1951,0.0
Italy,1952,0.0
Italy,1953,0.0
Italy,1954,0.0
Italy,1955,0.0
Italy,1956,0.0
Italy,1957,0.0
Italy,1958,0.0
Italy,1959,0.0
Italy,1960,0.0
Italy,1961,0.0
Italy,1962,0.0
Italy,1963,0.0
Italy,1964,0.0
Italy,1965,0.0
Italy,1966,0.0
Italy,1967,0.0
Italy,1968,0.0
Italy,1969,0.0
Italy,1970,0.0
Italy,1971,0.0
Italy,1972,0.0
Italy,1973,0.0
Italy,1974,0.0
Italy,1975,0.0
Italy,1976,0.0
Italy,1977,0.0
Italy,1978,0.0
Italy,1979,0.0
Italy,1980,0.0
Italy,1981,0.0
Italy,1982,0.0
Italy,1983,0.0
Italy,1984,0.0
Italy,1985,0.0
Italy,1986,0.0
Italy,1987,0.0
Italy,1988,0.0
Italy,1989,0.0
Italy,1990,0.0
Italy,1991,0.0
Italy,1992,0.0
Italy,1993,0.0
Italy,1994,0.0
Italy,1995,0.0
Italy,1996,0.0
Italy,1997,0.0
Italy,1998,0.0
Italy,1999,0.0
Italy,2000,0.0
Italy,2001,0.0
Italy,2002,0.375
Italy,2003,0.375
Italy,2004,0.375
Italy,2005,0.375
Italy,2006,0.375
Italy,2007,0.375
Italy,2008,0.375
Italy,2009,0.375
Italy,2010,0.875
Italy,2011,0.875
Italy,2012,0.875
Italy,2013,0.875
Italy,2014,0.875
Italy,2015,0.875
Italy,2016,0.875
Italy,2017,0.875
Italy,2018,0.875
Italy,2019,0.875
Italy,2020,0.875
Italy,2021,0.875
Italy,2022,0.875
Italy,2023,0.875
Japan,1900,0.0
Japan,1901,0.0
Japan,1902,0.0
Japan,1903,0.0
Japan,1904,0.0
Japan,1905,0.0
Japan,1906,0.0
Japan,1907,0.0
Japan,1908,0.0
Japan,1909,0.0
Japan,1910,0.0
Japan,1911,0.0
Japan,1912,0.0
Japan,1913,0.0
Japan,1914,0.0
Japan,1915,0.0
Japan,1916,0.0
Japan,1917,0.0
Japan,1918,0.0
Japan,1919,0.0
Japan,1920,0.125
Japan,1921,0.125
Japan,1922,0.125
Japan,1923,0.25
Japan,1924,0.25
Japan,1925,0.25
Japan,1926,0.25
Japan,1927,0.25
Japan,1928,0.25
Japan,1929,0.25
Japan,1930,0.25
Japan,1931,0.25
Japan,1932,0.375
Japan,1933,0.5
Japan,1934,0.5
Japan,1935,0.5
Japan,1936,0.5
Japan,1937,0.25
Japan,1938,0.25
Japan,1939,0.25
Japan,1940,0.25
Japan,1941,0.5
Japan,1942,0.5
Japan,1943,0.5
Japan,1944,0.5
Japan,1945,1.0
Japan,1946,1.0
Japan,1947,1.0
Japan,1948,1.0
Japan,1949,0.625
Japan,1950,0.0
Japan,1951,0.0
Japan,1952,0.0
Japan,1953,0.0
Japan,1954,0.0
Japan,1955,0.0
Japan,1956,0.0
Japan,1957,0.0
Japan,1958,0.0
Japan,1959,0.0
Japan,1960,0.0
Japan,1961,0.0
Japan,1962,0.0
Japan,1963,0.0
Japan,1964,0.0
Japan,1965,0.0
Japan,1966,0.0
Japan,1967,0.0
Japan,1968,0.0
Japan,1969,0.0
Japan,1970,0.0
Japan,1971,0.0
Japan,1972,0.0
Japan,1973,0.0
Japan,1974,0.0
Japan,1975,0.0
Japan,1976,0.0
Japan,1977,0.0
Japan,1978,0.0
Japan,1979,0.0
Japan,1980,0.0
Japan,1981,0.0
Japan,1982,0.0
Japan,1983,0.0
Japan,1984,0.0
Japan,1985,0.0
Japan,1986,0.0
Japan,1987,0.0
Japan,1988,0.0
Japan,1989,0.0
Japan,1990,0.0
Japan,1991,0.0
Japan,1992,0.0
Japan,1993,0.5
Japan,1994,0.875
Japan,1995,0.875
Japan,1996,0.875
Japan,1997,0.875
Japan,1998,0.875
Japan,1999,0.875
Japan,2000,0.875
Japan,2001,0.875
Japan,2002,0.875
Japan,2003,0.875
Japan,2004,0.875
Japan,2005,0.875
Japan,2006,0.875
Japan,2007,0.875
Japan,2008,0.875
Japan,2009,0.875
Japan,2010,0.875
Japan,2011,0.875
Japan,2012,0.875
Japan,2013,0.875
Japan,2014,0.875
Japan,2015,0.875
Japan,2016,0.875
Japan,2017,0.875
Japan,2018,0.875
Japan,2019,0.875
Japan,2020,0.875
Japan,2021,0.875
Japan,2022,0.875
Japan,2023,0.875
Japan,2024,0.875
Japan,2025,0.875
Lebanon,1943,0.5
Lebanon,1944,0.25
Lebanon,1945,0.0
Lebanon,1946,0.0
Lebanon,1947,0.0
Lebanon,1948,0.25
Lebanon,1949,0.25
Lebanon,1950,0.25
Lebanon,1951,0.25
Lebanon,1952,0.25
Lebanon,1953,0.25
Lebanon,1954,0.25
Lebanon,1955,0.25
Lebanon,1956,0.25
Lebanon,1957,0.25
Lebanon,1958,0.625
Lebanon,1959,0.625
Lebanon,1960,0.625
Lebanon,1961,0.625
Lebanon,1962,0.625
Lebanon,1963,0.625
Lebanon,1964,0.625
Lebanon,1965,0.625
Lebanon,1966,0.625
Lebanon,1967,0.75
Lebanon,1968,0.75
Lebanon,1969,0.75
Lebanon,1970,0.75
Lebanon,1971,0.75
Lebanon,1972,0.75
Lebanon,1973,0.75
Lebanon,1974,0.75
Lebanon,1975,1.0
Lebanon,1976,1.0
Lebanon,1977,1.0
Lebanon,1978,1.0
Lebanon,1979,1.0
Lebanon,1980,1.0
Lebanon,1981,1.0
Lebanon,1982,1.0
Lebanon,1983,1.0
Lebanon,1984,1.0
Lebanon,1985,1.0
Lebanon,1986,1.0
Lebanon,1987,1.0
Lebanon,1988,1.0
Lebanon,1989,1.0
Lebanon,1990,1.0
Lebanon,1991,0.75
Lebanon,1992,0.0
Lebanon,1993,0.0
Lebanon,1994,0.0
Lebanon,1995,0.0
Lebanon,1996,0.0
Lebanon,1997,0.0
Lebanon,1998,0.0
Lebanon,1999,0.0
Lebanon,2000,0.0
Lebanon,2001,0.0
Lebanon,2002,0.0
Lebanon,2003,0.0
Lebanon,2004,0.0
Lebanon,2005,0.0
Lebanon,2006,0.0
Lebanon,2007,0.0
Lebanon,2008,0.0
Lebanon,2009,0.0
Lebanon,2010,0.0
Lebanon,2011,0.0
Lebanon,2012,0.0
Lebanon,2013,0.0
Lebanon,2014,0.0
Lebanon,2015,0.0
Lebanon,2016,0.0
Lebanon,2017,0.0
Lebanon,2018,0.0
Lebanon,2019,0.0
Lebanon,2020,0.25
Lebanon,2021,0.25
Lebanon,2022,0.25
Lebanon,2023,0.25
Lebanon,2024,0.25
Lebanon,2025,0.25
Netherlands,1900,0.0
Netherlands,1901,0.0
Netherlands,1902,0.0
Netherlands,1903,0.0
Netherlands,1904,0.0
Netherlands,1905,0.0
Netherlands,1906,0.0
Netherlands,1907,0.0
Netherlands,1908,0.0
Netherlands,1909,0.0
Netherlands,1910,0.0
Netherlands,1911,0.0
Netherlands,1912,0.0
Netherlands,1913,0.0
Netherlands,1914,0.0
Netherlands,1915,0.0
Netherlands,1916,0.0
Netherlands,1917,0.0
Netherlands,1918,0.0
Netherlands,1919,0.0
Netherlands,1920,0.0
Netherlands,1921,0.0
Netherlands,1922,0.0
Netherlands,1923,0.0
Netherlands,1924,0.0
Netherlands,1925,0.0
New Zealand,1900,0.0
New Zealand,1901,0.0
New Zealand,1902,0.0
New Zealand,1903,0.0
New Zealand,1904,0.0
New Zealand,1905,0.0
New Zealand,1906,0.0
New Zealand,1907,0.0
New Zealand,1908,0.0
New Zealand,1909,0.0
New Zealand,1910,0.0
New Zealand,1911,0.0
New Zealand,1912,0.0
New Zealand,1913,0.0
New Zealand,1914,0.0
New Zealand,1915,0.0
New Zealand,1916,0.0
New Zealand,1917,0.0
New Zealand,1918,0.0
New Zealand,1919,0.0
New Zealand,1920,0.0
New Zealand,1921,0.0
New Zealand,1922,0.0
New Zealand,1923,0.125
New Zealand,1924,0.25
New Zealand,1925,0.375
New Zealand,1926,0.625
New Zealand,1927,0.75
New Zealand,1928,0.875
New Zealand,1929,0.875
New Zealand,1930,0.875
New Zealand,1931,0.875
New Zealand,1932,0.75
New Zealand,1933,0.75
New Zealand,1934,0.625
New Zealand,1935,0.375
New Zealand,1936,0.125
New Zealand,1937,0.0
New Zealand,1938,0.0
New Zealand,1939,0.0
New Zealand,1940,0.0
New Zealand,1941,0.0
New Zealand,1942,0.0
New Zealand,1943,0.0
New Zealand,1944,0.0
New Zealand,1945,0.0
New Zealand,1946,0.0
New Zealand,1947,0.0
New Zealand,1948,0.0
New Zealand,1949,0.0
New Zealand,1950,0.0
New Zealand,1951,0.0
New Zealand,1952,0.0
New Zealand,1953,0.0
New Zealand,1954,0.0
New Zealand,1955,0.0
New Zealand,1956,0.0
New Zealand,1957,0.0
New Zealand,1958,0.0
New Zealand,1959,0.0
New Zealand,1960,0.0
New Zealand,1961,0.0
New Zealand,1962,0.0
New Zealand,1963,0.0
New Zealand,1964,0.0
New Zealand,1965,0.0
New Zealand,1966,0.0
New Zealand,1967,0.0
New Zealand,1968,0.0
New Zealand,1969,0.0
New Zealand,1970,0.0
New Zealand,1971,0.0
New Zealand,1972,0.0
New Zealand,1973,0.0
New Zealand,1974,0.0
New Zealand,1975,0.25
New Zealand,1976,0.25
New Zealand,1977,0.25
New Zealand,1978,0.625
New Zealand,1979,0.625
New Zealand,1980,0.625
New Zealand,1981,0.625
New Zealand,1982,0.625
New Zealand,1983,0.625
New Zealand,1984,0.625
New Zealand,1985,0.625
New Zealand,1986,0.625
New Zealand,1987,0.625
New Zealand,1988,0.75
New Zealand,1989,0.75
New Zealand,1990,0.75
New Zealand,1991,0.75
New Zealand,1992,0.5
New Zealand,1993,0.5
New Zealand,1994,0.375
New Zealand,1995,0.125
New Zealand,1996,0.125
New Zealand,1997,0.0
New Zealand,1998,0.0
New Zealand,1999,0.0
New Zealand,2000,0.0
New Zealand,2001,0.0
New Zealand,2002,0.0
New Zealand,2003,0.125
New Zealand,2004,0.25
New Zealand,2005,0.5
New Zealand,2006,0.5
New Zealand,2007,0.625
New Zealand,2008,0.625
New Zealand,2009,0.625
New Zealand,2010,0.5
New Zealand,2011,0.375
New Zealand,2012,0.0
New Zealand,2013,0.0
New Zealand,2014,0.0
New Zealand,2015,0.0
New Zealand,2016,0.0
New Zealand,2017,0.0
New Zealand,2018,0.125
New Zealand,2019,0.375
New Zealand,2020,0.5
New Zealand,2021,0.5
New Zealand,2022,0.5
New Zealand,2023,0.5
New Zealand,2024,0.625
New Zealand,2025,0.625
Nigeria,1950,0.0
Nigeria,1951,0.0
Nigeria,1952,0.0
Nigeria,1953,0.0
Nigeria,1954,0.0
Nigeria,1955,0.0
Nigeria,1956,0.0
Nigeria,1957,0.0
Nigeria,1958,0.0
Nigeria,1959,0.0
Nigeria,1960,0.0
Nigeria,1961,0.0
Nigeria,1962,0.0
Nigeria,1963,0.0
Nigeria,1964,0.125
Nigeria,1965,0.75
Nigeria,1966,1.0
Nigeria,1967,1.0
Nigeria,1968,1.0
Nigeria,1969,1.0
Nigeria,1970,1.0
Nigeria,1971,1.0
Nigeria,1972,1.0
Nigeria,1973,1.0
Nigeria,1974,1.0
Nigeria,1975,1.0
Nigeria,1976,1.0
Nigeria,1977,1.0
Nigeria,1978,1.0
Nigeria,1979,1.0
Nigeria,1980,1.0
Nigeria,1981,1.0
Nigeria,1982,1.0
Nigeria,1983,1.0
Nigeria,1984,1.0
Nigeria,1985,1.0
Nigeria,1986,1.0
Nigeria,1987,1.0
Nigeria,1988,1.0
Nigeria,1989,1.0
Nigeria,1990,1.0
Nigeria,1991,1.0
Nigeria,1992,1.0
Nigeria,1993,1.0
Nigeria,1994,1.0
Nigeria,1995,1.0
Nigeria,1996,1.0
Nigeria,1997,1.0
Nigeria,1998,1.0
Nigeria,1999,1.0
Nigeria,2000,1.0
Nigeria,2001,1.0
Nigeria,2002,1.0
Nigeria,2003,1.0
Nigeria,2004,1.0
Nigeria,2005,1.0
Nigeria,2006,1.0
Nigeria,2007,1.0
Nigeria,2008,1.0
Nigeria,2009,1.0
Nigeria,2010,1.0
Nigeria,2011,1.0
Nigeria,2012,1.0
Nigeria,2013,1.0
Nigeria,2014,1.0
Nigeria,2015,1.0
Nigeria,2016,1.0
Nigeria,2017,1.0
Nigeria,2018,1.0
Nigeria,2019,1.0
Nigeria,2020,1.0
Nigeria,2021,1.0
Nigeria,2022,1.0
Nigeria,2023,1.0
Nigeria,2024,1.0
Norway,1900,0.375
Norway,1901,0.25
Norway,1902,0.25
Norway,1903,0.25
Norway,1904,0.25
Norway,1905,0.0
Norway,1906,0.0
Norway,1907,0.0
Norway,1908,0.0
Norway,1909,0.0
Norway,1910,0.0
Norway,1911,0.0
Norway,1912,0.0
Norway,1913,0.0
Norway,1914,0.5
Norway,1915,0.5
Norway,1916,0.5
Norway,1917,0.5
Norway,1918,0.5
Norway,1919,0.375
Norway,1920,0.375
Norway,1921,0.5
Norway,1922,0.375
Norway,1923,0.125
Norway,1924,0.125
Norway,1925,0.125
Norway,1926,0.125
Norway,1927,0.125
Norway,1928,0.125
Norway,1929,0.875
Norway,1930,0.875
Norway,1931,0.875
Norway,1932,0.875
Norway,1933,0.875
Norway,1934,0.125
Norway,1935,0.125
Norway,1936,0.125
Norway,1937,0.125
Norway,1938,0.125
Norway,1939,0.125
Norway,1940,1.0
Norway,1941,0.75
Norway,1942,0.75
Norway,1943,0.75
Norway,1944,0.75
Norway,1945,0.0
Norway,1946,0.0
Norway,1947,0.0
Norway,1948,0.0
Norway,1949,0.0
Norway,1950,0.0
Norway,1951,0.0
Norway,1952,0.0
Norway,1953,0.0
Norway,1954,0.0
Norway,1955,0.0
Norway,1956,0.0
Norway,1957,0.0
Norway,1958,0.0
Norway,1959,0.0
Norway,1960,0.0
Norway,1961,0.0
Norway,1962,0.0
Norway,1963,0.0
Norway,1964,0.0
Norway,1965,0.0
Norway,1966,0.0
Norway,1967,0.0
Norway,1968,0.0
Norway,1969,0.0
Norway,1970,0.0
Norway,1971,0.0
Norway,1972,0.25
Norway,1973,0.125
Norway,1974,0.0
Norway,1975,0.0
Norway,1976,0.0
Norway,1977,0.0
Norway,1978,0.0
Norway,1979,0.0
Norway,1980,0.0
Norway,1981,0.0
Norway,1982,0.0
Norway,1983,0.0
Norway,1984,0.0
Norway,1985,0.0
Norway,1986,0.5
Norway,1987,0.375
Norway,1988,0.5
Norway,1989,0.375
Norway,1990,0.375
Norway,1991,0.5
Norway,1992,0.375
Norway,1993,0.0
Norway,1994,0.0
Norway,1995,0.0
Norway,1996,0.0
Norway,1997,0.0
Norway,1998,0.0
Norway,1999,0.0
Norway,2000,0.0
Norway,2001,0.125
Norway,2002,0.125
Norway,2003,0.125
Norway,2004,0.125
Norway,2005,0.125
Norway,2006,0.125
Norway,2007,0.125
Norway,2008,0.125
Norway,2009,0.125
Norway,2010,0.125
Norway,2011,0.125
Norway,2012,0.125
Norway,2013,0.125
Norway,2014,0.375
Norway,2015,0.375
Norway,2016,0.125
Norway,2017,0.125
Norway,2018,0.125
Norway,2019,0.125
Norway,2020,0.25
Norway,2021,0.125
Norway,2022,0.125
Norway,2023,0.125
Norway,2024,0.0
Norway,2025,0.125
Pakistan,1947,1.0
Pakistan,1948,0.875
Pakistan,1949,0.625
Pakistan,1950,0.125
Pakistan,1951,0.0
Pakistan,1952,0.0
Pakistan,1953,0.0
Pakistan,1954,0.0
Pakistan,1955,0.0
Pakistan,1956,0.0
Pakistan,1957,0.0
Pakistan,1958,0.0
Pakistan,1959,0.0
Pakistan,1960,0.0
Pakistan,1961,0.0
Pakistan,1962,0.0
Pakistan,1963,0.0
Pakistan,1964,0.0
Pakistan,1965,0.0
Pakistan,1966,0.0
Pakistan,1967,0.0
Pakistan,1968,0.0
Pakistan,1969,0.0
Pakistan,1970,0.0
Pakistan,1971,0.0
Pakistan,1972,1.0
Pakistan,1973,1.0
Pakistan,1974,1.0
Pakistan,1975,1.0
Pakistan,1976,0.0
Pakistan,1977,0.0
Pakistan,1978,0.0
Pakistan,1979,0.0
Pakistan,1980,0.0
Pakistan,1981,0.0
Pakistan,1982,0.0
Pakistan,1983,0.0
Pakistan,1984,0.0
Pakistan,1985,0.0
Pakistan,1986,0.0
Pakistan,1987,0.0
Pakistan,1988,0.0
Pakistan,1989,0.0
Pakistan,1990,0.0
Pakistan,1991,0.0
Pakistan,1992,0.0
Pakistan,1993,0.0
Pakistan,1994,0.0
Pakistan,1995,0.0
Pakistan,1996,0.0
Pakistan,1997,0.0
Pakistan,1998,0.0
Pakistan,1999,0.0
Pakistan,2000,0.0
Pakistan,2001,0.0
Pakistan,2002,0.0
Pakistan,2003,0.0
Pakistan,2004,0.0
Pakistan,2005,0.0
Pakistan,2006,0.0
Pakistan,2007,0.0
Pakistan,2008,0.0
Pakistan,2009,0.0
Pakistan,2010,0.0
Pakistan,2011,0.0
Pakistan,2012,0.0
Pakistan,2013,0.0
Pakistan,2014,0.0
Pakistan,2015,0.0
Pakistan,2016,0.0
Pakistan,2017,0.0
Pakistan,2018,0.0
Pakistan,2019,0.0
Pakistan,2020,0.0
Pakistan,2021,0.0
Pakistan,2022,0.0
Pakistan,2023,0.0
Pakistan,2024,0.0
Palestine,1945,1.0
Palestine,1946,1.0
Palestine,1947,0.5
Palestine,1948,0.125
Palestine,1949,0.0
Palestine,1950,0.0
Palestine,1951,0.0
Palestine,1952,0.0
Palestine,1953,0.0
Palestine,1954,0.0
Palestine,1955,0.0
Palestine,1956,0.0
Palestine,1957,0.0
Palestine,1958,0.0
Palestine,1959,0.0
Palestine,1960,0.0
Palestine,1961,0.0
Palestine,1962,0.0
Palestine,1963,0.0
Palestine,1964,0.0
Palestine,1965,0.0
Palestine,1966,0.0
Palestine,1967,0.0
Palestine,1968,0.0
Palestine,1969,0.0
Palestine,1970,0.0
Palestine,1971,0.0
Palestine,1972,0.0
Palestine,1973,0.625
Palestine,1974,0.625
Palestine,1975,0.625
Palestine,1976,1.0
Palestine,1977,1.0
Palestine,1978,1.0
Palestine,1979,1.0
Palestine,1980,1.0
Palestine,1981,1.0
Palestine,1982,1.0
Palestine,1983,1.0
Palestine,1984,1.0
Palestine,1985,1.0
Palestine,1986,1.0
Palestine,1987,1.0
Palestine,1988,1.0
Palestine,1989,1.0
Palestine,1990,1.0
Palestine,1991,1.0
Palestine,1992,1.0
Palestine,1993,1.0
Palestine,1994,1.0
Palestine,1995,1.0
Palestine,1996,1.0
Palestine,1997,1.0
Palestine,1998,1.0
Palestine,1999,1.0
Palestine,2000,1.0
Palestine,2001,1.0
Palestine,2002,1.0
Palestine,2003,1.0
Palestine,2004,1.0
Palestine,2005,1.0
Palestine,2006,1.0
Palestine,2007,1.0
Palestine,2008,1.0
Palestine,2009,1.0
Palestine,2010,1.0
Palestine,2011,1.0
Palestine,2012,1.0
Palestine,2013,1.0
Palestine,2014,1.0
Palestine,2015,1.0
Palestine,2016,1.0
Palestine,2017,1.0
Palestine,2018,1.0
Palestine,2019,1.0
Palestine,2020,1.0
Palestine,2021,1.0
Palestine,2022,1.0
Palestine,2023,1.0
Palestine,2024,1.0
Palestine,2025,1.0
Philippines,1900,1.0
Philippines,1901,0.875
Philippines,1902,0.375
Philippines,1903,0.375
Philippines,1904,0.125
Philippines,1905,0.125
Philippines,1906,0.125
Philippines,1907,0.0
Philippines,1908,0.0
Philippines,1909,0.0
Philippines,1910,0.0
Philippines,1911,0.0
Philippines,1912,0.0
Philippines,1913,0.0
Philippines,1914,0.125
Philippines,1915,0.125
Philippines,1916,0.0
Philippines,1917,0.0
Philippines,1918,0.125
Philippines,1919,0.125
Philippines,1920,0.5
Philippines,1921,0.5
Philippines,1922,0.375
Philippines,1923,0.25
Philippines,1924,0.125
Philippines,1925,0.125
Philippines,1926,0.125
Philippines,1927,0.125
Philippines,1928,0.125
Philippines,1929,0.125
Philippines,1930,0.25
Philippines,1931,0.375
Philippines,1932,0.375
Philippines,1933,0.25
Philippines,1934,0.125
Philippines,1935,0.125
Philippines,1936,0.25
Philippines,1937,0.125
Philippines,1938,0.125
Philippines,1939,0.125
Philippines,1940,0.25
Philippines,1941,0.875
Philippines,1942,1.0
Philippines,1943,1.0
Philippines,1944,1.0
Philippines,1945,0.875
Philippines,1946,1.0
Philippines,1947,0.625
Philippines,1948,0.625
Philippines,1949,0.875
Philippines,1950,0.75
Philippines,1951,0.5
Philippines,1952,0.25
Philippines,1953,0.125
Philippines,1954,0.0
Philippines,1955,0.0
Philippines,1956,0.0
Philippines,1957,0.0
Philippines,1958,0.125
Philippines,1959,0.25
Philippines,1960,0.25
Philippines,1961,0.25
Philippines,1962,0.25
Philippines,1963,0.125
Philippines,1964,0.125
Philippines,1965,0.125
Philippines,1966,0.125
Philippines,1967,0.125
Philippines,1968,0.125
Philippines,1969,0.25
Philippines,1970,0.375
Philippines,1971,0.75
Philippines,1972,0.875
Philippines,1973,0.25
Philippines,1974,0.375
Philippines,1975,0.375
Philippines,1976,0.125
Philippines,1977,0.125
Philippines,1978,0.125
Philippines,1979,0.125
Philippines,1980,0.25
Philippines,1981,0.375
Philippines,1982,0.375
Philippines,1983,0.75
Philippines,1984,0.75
Philippines,1985,0.75
Philippines,1986,0.875
Philippines,1987,0.75
Philippines,1988,0.25
Philippines,1989,0.625
Philippines,1990,0.5
Philippines,1991,0.875
Philippines,1992,0.875
Philippines,1993,0.375
Philippines,1994,0.125
Philippines,1995,0.125
Philippines,1996,0.125
Philippines,1997,0.375
Philippines,1998,0.5
Philippines,1999,0.5
Philippines,2000,0.75
Philippines,2001,0.875
Philippines,2002,0.5
Philippines,2003,0.625
Philippines,2004,0.5
Philippines,2005,0.875
Philippines,2006,0.5
Philippines,2007,0.5
Philippines,2008,0.625
Philippines,2009,0.625
Philippines,2010,0.25
Philippines,2011,0.125
Philippines,2012,0.125
Philippines,2013,0.125
Philippines,2014,0.125
Philippines,2015,0.375
Philippines,2016,0.25
Poland,1900,0.625
Poland,1901,0.625
Poland,1902,0.625
Poland,1903,0.625
Poland,1904,0.625
Poland,1905,1.0
Poland,1906,0.875
Poland,1907,0.875
Poland,1908,0.875
Poland,1909,0.875
Poland,1910,0.875
Poland,1911,0.875
Poland,1912,0.875
Poland,1913,0.875
Poland,1914,1.0
Poland,1915,1.0
Poland,1916,1.0
Poland,1917,1.0
Poland,1918,1.0
Poland,1919,1.0
Poland,1920,1.0
Poland,1921,0.625
Poland,1922,0.375
Poland,1923,0.5
Poland,1924,0.25
Poland,1925,0.125
Poland,1926,0.25
Poland,1927,0.125
Poland,1928,0.0
Poland,1929,0.375
Poland,1930,0.625
Poland,1931,0.625
Poland,1932,0.625
Poland,1933,0.625
Poland,1934,0.375
Poland,1935,0.25
Poland,1936,0.5
Poland,1937,0.625
Poland,1938,0.875
Poland,1939,1.0
Poland,1940,1.0
Poland,1941,1.0
Poland,1942,1.0
Poland,1943,1.0
Poland,1944,1.0
Poland,1945,1.0
Poland,1946,1.0
Poland,1947,1.0
Poland,1948,1.0
Poland,1949,0.625
Poland,1950,0.125
Poland,1951,0.125
Poland,1952,0.125
Poland,1953,0.125
Poland,1954,0.125
Poland,1955,0.0
Poland,1956,0.875
Poland,1957,0.0
Poland,1958,0.0
Poland,1959,0.0
Poland,1960,0.0
Poland,1961,0.0
Poland,1962,0.0
Poland,1963,0.0
Poland,1964,0.0
Poland,1965,0.0
Poland,1966,0.0
Poland,1967,0.0
Poland,1968,0.5
Poland,1969,0.0
Poland,1970,0.5
Poland,1971,0.0
Poland,1972,0.0
Poland,1973,0.0
Poland,1974,0.0
Poland,1975,0.0
Poland,1976,0.5
Poland,1977,0.0
Poland,1978,0.0
Poland,1979,0.375
Poland,1980,0.625
Poland,1981,1.0
Poland,1982,0.875
Poland,1983,0.875
Poland,1984,0.625
Poland,1985,0.625
Poland,1986,0.625
Poland,1987,1.0
Poland,1988,1.0
Poland,1989,0.875
Poland,1990,1.0
Poland,1991,1.0
Poland,1992,1.0
Poland,1993,0.625
Poland,1994,0.5
Poland,1995,0.125
Poland,1996,0.0
Poland,1997,0.0
Poland,1998,0.0
Poland,1999,0.0
Poland,2000,0.0
Poland,2001,0.0
Poland,2002,0.0
Poland,2003,0.0
Poland,2004,0.0
Poland,2005,0.0
Poland,2006,0.0
Poland,2007,0.0
Poland,2008,0.0
Poland,2009,0.0
Poland,2010,0.0
Poland,2011,0.0
Poland,2012,0.0
Poland,2013,0.0
Poland,2014,0.0
Poland,2015,0.0
Poland,2016,0.0
Poland,2017,0.0
Poland,2018,0.0
Poland,2019,0.0
Poland,2020,0.25
Poland,2021,0.0
Poland,2022,0.125
Poland,2023,0.0
Poland,2024,0.0
Poland,2025,0.0
Russia,1900,0.25
Russia,1901,0.375
Russia,1902,0.375
Russia,1903,0.375
Russia,1904,0.5
Russia,1905,0.875
Russia,1906,0.625
Russia,1907,0.625
Russia,1908,0.625
Russia,1909,0.625
Russia,1910,0.5
Russia,1911,0.5
Russia,1912,0.375
Russia,1913,0.375
Russia,1914,0.375
Russia,1915,0.75
Russia,1916,0.75
Russia,1917,1.0
Russia,1918,1.0
Russia,1919,1.0
Russia,1920,0.875
Russia,1921,0.75
Russia,1922,0.625
Russia,1923,0.5
Russia,1924,0.5
Russia,1925,0.5
Russia,1926,0.5
Russia,1927,0.625
Russia,1928,0.625
Russia,1929,0.875
Russia,1930,0.875
Russia,1931,0.875
Russia,1932,0.875
Russia,1933,0.875
Russia,1934,0.875
Russia,1935,0.875
Russia,1936,0.875
Russia,1937,0.875
Russia,1938,0.875
Russia,1939,0.875
Russia,1940,0.875
Russia,1941,1.0
Russia,1942,1.0
Russia,1943,0.875
Russia,1944,0.875
Russia,1945,0.75
Russia,1946,0.75
Russia,1947,0.75
Russia,1948,0.75
Russia,1949,0.75
Russia,1950,0.75
Russia,1951,0.75
Russia,1952,0.75
Russia,1953,0.75
Russia,1954,0.75
Russia,1955,0.75
Russia,1956,0.75
Russia,1957,0.75
Russia,1958,0.75
Russia,1959,0.75
Russia,1960,0.75
Russia,1961,0.75
Russia,1962,0.75
Russia,1963,0.875
Russia,1964,0.875
Russia,1965,0.75
Russia,1966,0.75
Russia,1967,0.75
Russia,1968,0.875
Russia,1969,0.875
Russia,1970,0.875
Russia,1971,0.875
Russia,1972,0.875
Russia,1973,0.875
Russia,1974,0.875
Russia,1975,0.875
Russia,1976,0.875
Russia,1977,0.875
Russia,1978,0.875
Russia,1979,0.875
Russia,1980,0.875
Russia,1981,0.875
Russia,1982,0.875
Russia,1983,0.875
Russia,1984,0.875
Russia,1985,0.875
Russia,1986,0.875
Russia,1987,0.875
Russia,1988,0.875
Russia,1989,0.875
Russia,1990,0.875
Russia,1991,0.875
Russia,1992,0.875
Russia,1993,0.875
Russia,1994,0.875
Russia,1995,0.875
Russia,1996,0.875
Russia,1997,0.875
Russia,1998,0.875
Russia,1999,0.875
Russia,2000,0.875
Russia,2001,0.875
Russia,2002,0.875
Russia,2003,0.875
Russia,2004,0.875
Russia,2005,0.875
Russia,2006,0.875
Russia,2007,0.875
Russia,2008,0.875
Russia,2009,0.875
Russia,2010,0.875
Russia,2011,0.875
Russia,2012,0.875
Russia,2013,0.875
Russia,2014,0.75
Russia,2015,0.75
Russia,2016,0.625
Russia,2017,0.625
Russia,2018,0.625
Russia,2019,0.625
Russia,2020,0.625
Russia,2021,0.625
Russia,2022,0.75
Russia,2023,0.75
Russia,2024,0.75
Russia,2025,0.75
Saudi Arabia,1900,0.75
Saudi Arabia,1901,0.75
Saudi Arabia,1902,0.75
Saudi Arabia,1903,0.75
Saudi Arabia,1904,0.875
Saudi Arabia,1905,0.75
Saudi Arabia,1906,0.5
Saudi Arabia,1907,0.5
Saudi Arabia,1908,0.5
Saudi Arabia,1909,0.5
Saudi Arabia,1910,0.5
Saudi Arabia,1911,0.5
Saudi Arabia,1912,0.5
Saudi Arabia,1913,0.25
Saudi Arabia,1914,0.5
Saudi Arabia,1915,0.5
Saudi Arabia,1916,0.5
Saudi Arabia,1917,0.25
Saudi Arabia,1918,0.25
Saudi Arabia,1919,0.25
Saudi Arabia,1920,0.25
Saudi Arabia,1921,0.25
Saudi Arabia,1922,0.25
Saudi Arabia,1923,0.25
Saudi Arabia,1924,0.25
Saudi Arabia,1925,0.25
Saudi Arabia,1926,0.25
Saudi Arabia,1927,0.25
Saudi Arabia,1928,0.375
Saudi Arabia,1929,0.375
Saudi Arabia,1930,0.25
Saudi Arabia,1931,0.25
Saudi Arabia,1932,0.125
Saudi Arabia,1933,0.125
Saudi Arabia,1934,0.125
Saudi Arabia,1935,0.125
Saudi Arabia,1936,0.125
Saudi Arabia,1937,0.125
Saudi Arabia,1938,0.0
Saudi Arabia,1939,0.0
Saudi Arabia,1940,0.0
Saudi Arabia,1941,0.0
Saudi Arabia,1942,0.0
Saudi Arabia,1943,0.0
Saudi Arabia,1944,0.0
Saudi Arabia,1945,0.0
Saudi Arabia,1946,0.0
Saudi Arabia,1947,0.0
Saudi Arabia,1948,0.0
Saudi Arabia,1949,0.0
Saudi Arabia,1950,0.0
Saudi Arabia,1951,0.0
Saudi Arabia,1952,0.0
Saudi Arabia,1953,0.0
Saudi Arabia,1954,0.0
Saudi Arabia,1955,0.0
Saudi Arabia,1956,0.0
Saudi Arabia,1957,0.0
Saudi Arabia,1958,0.125
Saudi Arabia,1959,0.125
Saudi Arabia,1960,0.125
Saudi Arabia,1961,0.125
Saudi Arabia,1962,0.125
Saudi Arabia,1963,0.125
Saudi Arabia,1964,0.0
Saudi Arabia,1965,0.0
Saudi Arabia,1966,0.0
Saudi Arabia,1967,0.0
Saudi Arabia,1968,0.0
Saudi Arabia,1969,0.0
Saudi Arabia,1970,0.0
Saudi Arabia,1971,0.0
Saudi Arabia,1972,0.0
Saudi Arabia,1973,0.0
Saudi Arabia,1974,0.0
Saudi Arabia,1975,0.0
Saudi Arabia,1976,0.0
Saudi Arabia,1977,0.0
Saudi Arabia,1978,0.0
Saudi Arabia,1979,0.125
Saudi Arabia,1980,0.0
Saudi Arabia,1981,0.0
Saudi Arabia,1982,0.0
Saudi Arabia,1983,0.0
Saudi Arabia,1984,0.0
Saudi Arabia,1985,0.0
Saudi Arabia,1986,0.0
Saudi Arabia,1987,0.0
Saudi Arabia,1988,0.0
Saudi Arabia,1989,0.0
Saudi Arabia,1990,0.0
Saudi Arabia,1991,0.0
Saudi Arabia,1992,0.125
Saudi Arabia,1993,0.125
Saudi Arabia,1994,0.125
Saudi Arabia,1995,0.125
Saudi Arabia,1996,0.125
Saudi Arabia,1997,0.125
Saudi Arabia,1998,0.0
Saudi Arabia,1999,0.0
Saudi Arabia,2000,0.125
Saudi Arabia,2001,0.125
Saudi Arabia,2002,0.25
Saudi Arabia,2003,0.25
Saudi Arabia,2004,0.125
Saudi Arabia,2005,0.125
Saudi Arabia,2006,0.0
Saudi Arabia,2007,0.0
Saudi Arabia,2008,0.0
Saudi Arabia,2009,0.0
Saudi Arabia,2010,0.125
Saudi Arabia,2011,0.125
Saudi Arabia,2012,0.125
Saudi Arabia,2013,0.125
Saudi Arabia,2014,0.125
Saudi Arabia,2015,0.125
Saudi Arabia,2016,0.125
Saudi Arabia,2017,0.125
Saudi Arabia,2018,0.125
Saudi Arabia,2019,0.125
Saudi Arabia,2020,0.0
Saudi Arabia,2021,0.0
Saudi Arabia,2022,0.0
Saudi Arabia,2023,0.0
Saudi Arabia,2024,0.0
Singapore,1930,0.25
Singapore,1931,0.625
Singapore,1932,0.625
Singapore,1933,0.5
Singapore,1934,0.125
Singapore,1935,0.125
Singapore,1936,0.125
Singapore,1937,0.25
Singapore,1938,0.0
Singapore,1939,0.0
Singapore,1940,0.25
Singapore,1941,0.625
Singapore,1942,1.0
Singapore,1943,0.75
Singapore,1944,1.0
Singapore,1945,1.0
Singapore,1946,1.0
Singapore,1947,0.875
Singapore,1948,0.875
Singapore,1949,0.125
Singapore,1950,0.375
Singapore,1951,0.0
Singapore,1952,0.0
Singapore,1953,0.0
Singapore,1954,0.0
Singapore,1955,0.5
Singapore,1956,0.625
Singapore,1957,0.5
Singapore,1958,0.25
Singapore,1959,0.5
Singapore,1960,0.0
Singapore,1961,0.25
Singapore,1962,0.0
Singapore,1963,0.625
Singapore,1964,0.75
Singapore,1965,0.875
Singapore,1966,0.25
Singapore,1967,0.0
Singapore,1968,0.0
Singapore,1969,0.0
Singapore,1970,0.0
Singapore,1971,0.0
Singapore,1972,0.0
Singapore,1973,0.0
Singapore,1974,0.375
Singapore,1975,0.0
Singapore,1976,0.0
Singapore,1977,0.0
Singapore,1978,0.0
Singapore,1979,0.0
Singapore,1980,0.0
Singapore,1981,0.0
Singapore,1982,0.0
Singapore,1983,0.0
Singapore,1984,0.0
Singapore,1985,0.125
Singapore,1986,0.0
Singapore,1987,0.0
Singapore,1988,0.0
Singapore,1989,0.0
Singapore,1990,0.0
Singapore,1991,0.0
Singapore,1992,0.0
Singapore,1993,0.0
Singapore,1994,0.0
Singapore,1995,0.0
Singapore,1996,0.0
Singapore,1997,0.0
Singapore,1998,0.375
Singapore,1999,0.0
Singapore,2000,0.0
Singapore,2001,0.0
Singapore,2002,0.0
Singapore,2003,0.125
Singapore,2004,0.0
Singapore,2005,0.0
Singapore,2006,0.0
Singapore,2007,0.0
Singapore,2008,0.0
Singapore,2009,0.0
Singapore,2010,0.0
Singapore,2011,0.125
Singapore,2012,0.125
Singapore,2013,0.25
Singapore,2014,0.0
Singapore,2015,0.0
Singapore,2016,0.0
Singapore,2017,0.125
Singapore,2018,0.0
Singapore,2019,0.0
Singapore,2020,0.25
Singapore,2021,0.25
Singapore,2022,0.0
Singapore,2023,0.0
Singapore,2024,0.0
Singapore,2025,0.0
South Africa,1900,0.875
South Africa,1901,0.75
South Africa,1902,0.125
South Africa,1903,0.125
South Africa,1904,0.125
South Africa,1905,0.125
South Africa,1906,0.125
South Africa,1907,0.125
South Africa,1908,0.0
South Africa,1909,0.0
South Africa,1910,0.125
South Africa,1911,0.125
South Africa,1912,0.125
South Africa,1913,0.125
South Africa,1914,0.25
South Africa,1915,0.125
South Africa,1916,0.125
South Africa,1917,0.125
South Africa,1918,0.125
South Africa,1919,0.125
South Africa,1920,0.125
South Africa,1921,0.25
South Africa,1922,0.75
South Africa,1923,0.125
South Africa,1924,0.0
South Africa,1925,0.0
South Africa,1926,0.0
South Africa,1927,0.0
South Africa,1928,0.0
South Africa,1929,0.0
South Africa,1930,0.375
South Africa,1931,0.75
South Africa,1932,0.75
South Africa,1933,0.125
South Africa,1934,0.125
South Africa,1935,0.125
South Africa,1936,0.125
South Africa,1937,0.125
South Africa,1938,0.125
South Africa,1939,0.125
South Africa,1940,0.125
South Africa,1941,0.125
South Africa,1942,0.125
South Africa,1943,0.125
South Africa,1944,0.125
South Africa,1945,0.125
South Africa,1946,0.125
South Africa,1947,0.125
South Africa,1948,0.25
South Africa,1949,0.125
South Africa,1950,0.125
South Africa,1951,0.125
South Africa,1952,0.125
South Africa,1953,0.125
South Africa,1954,0.125
South Africa,1955,0.125
South Africa,1956,0.125
South Africa,1957,0.125
South Africa,1958,0.125
South Africa,1959,0.125
South Africa,1960,0.75
South Africa,1961,0.25
South Africa,1962,0.125
South Africa,1963,0.125
South Africa,1964,0.125
South Africa,1965,0.125
South Africa,1966,0.125
South Africa,1967,0.125
South Africa,1968,0.125
South Africa,1969,0.125
South Africa,1970,0.125
South Africa,1971,0.125
South Africa,1972,0.125
South Africa,1973,0.125
South Africa,1974,0.125
South Africa,1975,0.125
South Africa,1976,0.875
South Africa,1977,0.25
South Africa,1978,0.25
South Africa,1979,0.25
South Africa,1980,0.25
South Africa,1981,0.25
South Africa,1982,0.25
South Africa,1983,0.25
South Africa,1984,0.875
South Africa,1985,0.875
South Africa,1986,0.875
South Africa,1987,0.875
South Africa,1988,0.875
South Africa,1989,0.5
South Africa,1990,0.625
South Africa,1991,0.75
South Africa,1992,0.625
South Africa,1993,0.5
South Africa,1994,0.0
South Africa,1995,0.0
South Africa,1996,0.0
South Africa,1997,0.0
South Africa,1998,0.0
South Africa,1999,0.0
South Africa,2000,0.0
South Africa,2001,0.0
South Africa,2002,0.0
South Africa,2003,0.0
South Africa,2004,0.0
South Africa,2005,0.0
South Africa,2006,0.0
South Africa,2007,0.125
South Africa,2008,0.75
South Africa,2009,0.375
South Africa,2010,0.0
South Africa,2011,0.0
South Africa,2012,1.0
South Africa,2013,1.0
South Africa,2014,1.0
South Africa,2015,1.0
South Africa,2016,1.0
South Africa,2017,1.0
South Africa,2018,1.0
South Africa,2019,0.375
South Africa,2020,0.875
South Africa,2021,1.0
South Africa,2022,1.0
South Africa,2023,1.0
South Africa,2024,1.0
South Africa,2025,1.0
Sweden,1900,0.0
Sweden,1901,0.0
Sweden,1902,0.125
Sweden,1903,0.0
Sweden,1904,0.0
Sweden,1905,0.0
Sweden,1906,0.0
Sweden,1907,0.0
Sweden,1908,0.0
Sweden,1909,0.5
Sweden,1910,0.0
Sweden,1911,0.0
Sweden,1912,0.0
Sweden,1913,0.0
Sweden,1914,0.0
Sweden,1915,0.25
Sweden,1916,0.25
Sweden,1917,0.5
Sweden,1918,0.5
Sweden,1919,0.25
Sweden,1920,0.0
Sweden,1921,0.0
Sweden,1922,0.0
Sweden,1923,0.0
Sweden,1924,0.0
Sweden,1925,0.0
Sweden,1926,0.0
Sweden,1927,0.0
Sweden,1928,0.0
Sweden,1929,0.0
Sweden,1930,0.0
Sweden,1931,0.125
Sweden,1932,0.375
Sweden,1933,0.125
Sweden,1934,0.0
Sweden,1935,0.0
Sweden,1936,0.0
Sweden,1937,0.0
Sweden,1938,0.0
Sweden,1939,0.0
Sweden,1940,0.125
Sweden,1941,0.125
Sweden,1942,0.125
Sweden,1943,0.125
Sweden,1944,0.0
Sweden,1945,0.0
Sweden,1946,0.0
Sweden,1947,0.0
Sweden,1948,0.0
Sweden,1949,0.0
Sweden,1950,0.0
Sweden,1951,0.0
Sweden,1952,0.0
Sweden,1953,0.0
Sweden,1954,0.0
Sweden,1955,0.0
Sweden,1956,0.0
Sweden,1957,0.0
Sweden,1958,0.0
Sweden,1959,0.0
Sweden,1960,0.0
Sweden,1961,0.0
Sweden,1962,0.0
Sweden,1963,0.0
Sweden,1964,0.0
Sweden,1965,0.0
Sweden,1966,0.0
Sweden,1967,0.0
Sweden,1968,0.0
Sweden,1969,0.0
Sweden,1970,0.0
Sweden,1971,0.0
Sweden,1972,0.125
Sweden,1973,0.125
Sweden,1974,0.125
Sweden,1975,0.125
Sweden,1976,0.5
Sweden,1977,0.25
Sweden,1978,0.5
Sweden,1979,0.125
Sweden,1980,0.125
Sweden,1981,0.0
Sweden,1982,0.0
Sweden,1983,0.0
Sweden,1984,0.0
Sweden,1985,0.25
Sweden,1986,0.0
Sweden,1987,0.0
Sweden,1988,0.0
Sweden,1989,0.625
Sweden,1990,0.625
Sweden,1991,0.625
Sweden,1992,0.5
Sweden,1993,0.0
Sweden,1994,0.0
Sweden,1995,0.0
Sweden,1996,0.0
Sweden,1997,0.0
Sweden,1998,0.0
Sweden,1999,0.0
Sweden,2000,0.0
Sweden,2001,0.0
Sweden,2002,0.0
Sweden,2003,0.0
Sweden,2004,0.0
Sweden,2005,0.0
Sweden,2006,0.0
Sweden,2007,0.0
Sweden,2008,0.125
Sweden,2009,0.0
Sweden,2010,0.0
Sweden,2011,0.125
Sweden,2012,0.125
Sweden,2013,0.125
Sweden,2014,0.25
Sweden,2015,0.125
Sweden,2016,0.125
Sweden,2017,0.25
Sweden,2018,0.125
Sweden,2019,0.125
Sweden,2020,0.0
Sweden,2021,0.125
Sweden,2022,0.125
Sweden,2023,0.0
Sweden,2024,0.0
Syria,1900,0.5
Syria,1901,0.5
Syria,1902,0.5
Syria,1903,0.5
Syria,1904,0.5
Syria,1905,0.5
Syria,1906,0.5
Syria,1907,0.5
Syria,1908,0.5
Syria,1909,0.5
Syria,1910,0.875
Syria,1911,0.875
Syria,1912,0.875
Syria,1913,0.875
Syria,1914,0.875
Syria,1915,1.0
Syria,1916,0.875
Syria,1917,0.875
Syria,1918,0.875
Syria,1919,0.875
Syria,1920,0.875
Syria,1921,0.875
Syria,1922,0.875
Syria,1923,0.875
Syria,1924,0.875
Syria,1925,0.25
Syria,1926,0.25
Syria,1927,0.25
Syria,1928,0.875
Syria,1929,0.875
Syria,1930,0.875
Syria,1931,0.25
Syria,1932,0.25
Syria,1933,0.875
Syria,1934,0.875
Syria,1935,0.875
Syria,1936,1.0
Syria,1937,1.0
Syria,1938,1.0
Syria,1939,1.0
Syria,1940,1.0
Syria,1941,1.0
Syria,1942,0.875
Syria,1943,0.875
Syria,1944,0.875
Syria,1945,0.875
Syria,1946,1.0
Syria,1947,1.0
Syria,1948,1.0
Syria,1949,1.0
Syria,1950,1.0
Syria,1951,1.0
Syria,1952,1.0
Syria,1953,1.0
Syria,1954,1.0
Syria,1955,1.0
Syria,1956,1.0
Syria,1957,1.0
Syria,1958,1.0
Syria,1959,1.0
Syria,1960,1.0
Syria,1961,1.0
Syria,1962,1.0
Syria,1963,1.0
Syria,1964,1.0
Syria,1965,1.0
Syria,1966,1.0
Syria,1967,1.0
Syria,1968,1.0
Syria,1969,1.0
Syria,1970,1.0
Syria,1971,1.0
Syria,1972,1.0
Syria,1973,0.875
Syria,1974,0.875
Syria,1975,0.875
Syria,1976,0.875
Syria,1977,0.875
Syria,1978,0.875
Syria,1979,0.875
Syria,1980,0.875
Syria,1981,0.875
Syria,1982,0.875
Syria,1983,0.875
Syria,1984,0.875
Syria,1985,0.875
Syria,1986,0.875
Syria,1987,1.0
Syria,1988,1.0
Syria,1989,1.0
Syria,1990,1.0
Syria,1991,1.0
Syria,1992,1.0
Syria,1993,1.0
Syria,1994,1.0
Syria,1995,1.0
Syria,1996,1.0
Syria,1997,1.0
Syria,1998,1.0
Syria,1999,1.0
Syria,2000,1.0
Syria,2001,1.0
Syria,2002,1.0
Syria,2003,1.0
Syria,2004,1.0
Syria,2005,1.0
Syria,2006,1.0
Syria,2007,1.0
Syria,2008,1.0
Syria,2009,1.0
Syria,2010,1.0
Syria,2011,1.0
Thailand,1900,0.0
Thailand,1901,0.0
Thailand,1902,0.0
Thailand,1903,0.0
Thailand,1904,0.0
Thailand,1905,0.0
Thailand,1906,0.0
Thailand,1907,0.0
Thailand,1908,0.0
Thailand,1909,0.0
Thailand,1910,0.0
Thailand,1911,0.0
Thailand,1912,0.0
Thailand,1913,0.0
Thailand,1914,0.0
Thailand,1915,0.0
Thailand,1916,0.0
Thailand,1917,0.0
Thailand,1918,0.0
Thailand,1919,0.0
Thailand,1920,0.0
Thailand,1921,0.0
Thailand,1922,0.0
Thailand,1923,0.0
Thailand,1924,0.0
Thailand,1925,0.0
Thailand,1926,0.0
Thailand,1927,0.0
Thailand,1928,0.0
Thailand,1929,0.0
Thailand,1930,0.0
Thailand,1931,0.0
Thailand,1932,0.0
Thailand,1933,0.0
Thailand,1934,0.0
Thailand,1935,0.0
Thailand,1936,0.0
Thailand,1937,0.0
Thailand,1938,0.0
Thailand,1939,0.0
Thailand,1940,0.0
Thailand,1941,1.0
Thailand,1942,1.0
Thailand,1943,1.0
Thailand,1944,1.0
Thailand,1945,1.0
Thailand,1946,0.0
Thailand,1947,0.0
Thailand,1948,0.0
Thailand,1949,0.0
Thailand,1950,0.0
Thailand,1951,0.0
Thailand,1952,0.0
Thailand,1953,0.0
Thailand,1954,0.0
Thailand,1955,0.0
Thailand,1956,0.0
Thailand,1957,0.0
Thailand,1958,0.0
Thailand,1959,0.0
Thailand,1960,0.0
Thailand,1961,0.0
Thailand,1962,0.0
Thailand,1963,0.0
Thailand,1964,0.0
Thailand,1965,0.0
Thailand,1966,0.0
Thailand,1967,0.0
Thailand,1968,0.0
Thailand,1969,0.0
Thailand,1970,0.0
Thailand,1971,0.0
Thailand,1972,0.0
Thailand,1973,0.0
Thailand,1974,0.0
Thailand,1975,0.0
Thailand,1976,0.0
Thailand,1977,0.0
Thailand,1978,0.0
Thailand,1979,0.0
Thailand,1980,0.0
Thailand,1981,0.0
Thailand,1982,0.0
Thailand,1983,0.0
Thailand,1984,0.0
Thailand,1985,0.0
Thailand,1986,0.0
Thailand,1987,0.0
Thailand,1988,0.0
Thailand,1989,0.0
Thailand,1990,0.0
Thailand,1991,0.0
Thailand,1992,0.0
Thailand,1993,0.0
Thailand,1994,0.0
Thailand,1995,0.0
Thailand,1996,0.0
Thailand,1997,0.0
Thailand,1998,0.0
Thailand,1999,0.0
Thailand,2000,0.0
Thailand,2001,0.0
Thailand,2002,0.0
Thailand,2003,0.0
Thailand,2004,0.0
Thailand,2005,0.0
Thailand,2006,0.0
Thailand,2007,0.0
Thailand,2008,0.0
Thailand,2009,0.0
Thailand,2010,0.0
Thailand,2011,0.0
Thailand,2012,0.0
Thailand,2013,0.0
Thailand,2014,0.0
Thailand,2015,0.0
Thailand,2016,0.0
Thailand,2017,0.0
Thailand,2018,0.0
Thailand,2019,0.0
Thailand,2020,0.0
Thailand,2021,0.0
Thailand,2022,0.0
Thailand,2023,0.0
Türkiye,1900,0.75
Türkiye,1901,0.875
Türkiye,1902,0.75
Türkiye,1903,1.0
Türkiye,1904,1.0
Türkiye,1905,0.75
Türkiye,1906,0.625
Türkiye,1907,0.25
Türkiye,1908,0.5
Türkiye,1909,0.25
Türkiye,1910,0.125
Türkiye,1911,0.5
Türkiye,1912,0.75
Türkiye,1913,0.125
Türkiye,1914,0.625
Türkiye,1915,0.75
Türkiye,1916,0.75
Türkiye,1917,0.375
Türkiye,1918,0.75
Türkiye,1919,0.75
Türkiye,1920,0.75
Türkiye,1921,0.25
Türkiye,1922,0.25
Türkiye,1923,0.5
Türkiye,1924,0.625
UAE,1970,0.5
UAE,1971,0.5
UAE,1972,0.0
UAE,1973,0.0
UAE,1974,0.0
UAE,1975,0.0
UAE,1976,0.0
UAE,1977,0.0
UAE,1978,0.0
UAE,1979,0.0
UAE,1980,0.0
UAE,1981,0.0
UAE,1982,0.0
UAE,1983,0.0
UAE,1984,0.0
UAE,1985,0.0
UAE,1986,0.0
UAE,1987,0.0
UAE,1988,0.0
UAE,1989,0.0
UAE,1990,0.0
UAE,1991,0.0
UAE,1992,0.0
UAE,1993,0.0
UAE,1994,0.0
UAE,1995,0.0
UAE,1996,0.0
UAE,1997,0.0
UAE,1998,0.0
UAE,1999,0.0
UAE,2000,0.0
UAE,2001,0.0
UAE,2002,0.0
UAE,2003,0.0
UAE,2004,0.0
UAE,2005,0.0
UAE,2006,0.0
UAE,2007,0.0
UAE,2008,0.0
UAE,2009,0.0
UAE,2010,0.0
UAE,2011,0.0
UAE,2012,0.0
UAE,2013,0.0
UAE,2014,0.0
UAE,2015,0.0
UAE,2016,0.0
UAE,2017,0.0
UAE,2018,0.0
UAE,2019,0.0
USA,1900,0.0
USA,1901,0.0
USA,1902,0.0
USA,1903,0.0
USA,1904,0.0
USA,1905,0.0
USA,1906,0.0
USA,1907,0.125
USA,1908,0.0
USA,1909,0.0
USA,1910,0.0
USA,1911,0.0
USA,1912,0.0
USA,1913,0.0
USA,1914,0.0
USA,1915,0.0
USA,1916,0.0
USA,1917,0.0
USA,1918,0.0
USA,1919,0.0
USA,1920,0.0
USA,1921,0.125
USA,1922,0.0
USA,1923,0.0
USA,1924,0.0
USA,1925,0.0
USA,1926,0.0
USA,1927,0.0
USA,1928,0.0
USA,1929,0.25
USA,1930,0.625
USA,1931,0.875
USA,1932,0.875
USA,1933,0.75
USA,1934,0.5
USA,1935,0.375
USA,1936,0.375
USA,1937,0.375
USA,1938,0.375
USA,1939,0.0
USA,1940,0.0
USA,1941,0.0
USA,1942,0.0
USA,1943,0.0
USA,1944,0.0
USA,1945,0.0
USA,1946,0.0
USA,1947,0.0
USA,1948,0.0
USA,1949,0.0
USA,1950,0.0
USA,1951,0.0
USA,1952,0.0
USA,1953,0.0
USA,1954,0.0
USA,1955,0.0
USA,1956,0.0
USA,1957,0.0
USA,1958,0.0
USA,1959,0.0
USA,1960,0.0
USA,1961,0.0
USA,1962,0.0
USA,1963,0.0
USA,1964,0.0
USA,1965,0.0
USA,1966,0.0
USA,1967,0.125
USA,1968,0.375
USA,1969,0.25
USA,1970,0.25
USA,1971,0.25
USA,1972,0.25
USA,1973,0.5
USA,1974,0.625
USA,1975,0.0
USA,1976,0.0
USA,1977,0.0
USA,1978,0.0
USA,1979,0.5
USA,1980,0.5
USA,1981,0.375
USA,1982,0.375
USA,1983,0.125
USA,1984,0.0
USA,1985,0.0
USA,1986,0.0
USA,1987,0.0
USA,1988,0.0
USA,1989,0.0
USA,1990,0.0
USA,1991,0.0
USA,1992,0.0
USA,1993,0.0
USA,1994,0.0
USA,1995,0.0
USA,1996,0.0
USA,1997,0.0
USA,1998,0.0
USA,1999,0.0
USA,2000,0.0
USA,2001,0.0
USA,2002,0.0
USA,2003,0.0
USA,2004,0.0
USA,2005,0.0
USA,2006,0.0
USA,2007,0.0
USA,2008,0.625
USA,2009,0.5
USA,2010,0.25
USA,2011,0.25
USA,2012,0.0
USA,2013,0.0
USA,2014,0.0
USA,2015,0.0
USA,2016,0.125
USA,2017,0.25
USA,2018,0.25
USA,2019,0.25
USA,2020,0.75
USA,2021,0.75
USA,2022,0.75
USA,2023,0.75
USA,2024,0.625
USA,2025,0.875
Ukraine,1931,0.625
Ukraine,1932,0.75
Ukraine,1933,0.5
Ukraine,1934,0.375
Ukraine,1935,0.125
Ukraine,1936,0.125
Ukraine,1937,0.875
Ukraine,1938,0.5
Ukraine,1939,0.375
Ukraine,1940,0.375
Ukraine,1941,0.875
Ukraine,1942,0.875
Ukraine,1943,1.0
Ukraine,1944,0.875
Ukraine,1945,0.75
Ukraine,1946,0.75
Ukraine,1947,0.625
Ukraine,1948,0.375
Ukraine,1949,0.25
Ukraine,1950,0.125
Ukraine,1951,0.25
Ukraine,1952,0.25
Ukraine,1953,0.125
Ukraine,1954,0.125
Ukraine,1955,0.125
Ukraine,1956,0.125
Ukraine,1957,0.125
Ukraine,1958,0.125
Ukraine,1959,0.125
Ukraine,1960,0.125
Ukraine,1961,0.375
Ukraine,1962,0.375
Ukraine,1963,0.5
Ukraine,1964,0.125
Ukraine,1965,0.0
Ukraine,1966,0.125
Ukraine,1967,0.125
Ukraine,1968,0.25
Ukraine,1969,0.25
Ukraine,1970,0.25
Ukraine,1971,0.375
Ukraine,1972,0.375
Ukraine,1973,0.375
Ukraine,1974,0.375
Ukraine,1975,0.625
Ukraine,1976,0.5
Ukraine,1977,0.5
Ukraine,1978,0.75
Ukraine,1979,0.875
Ukraine,1980,0.875
Ukraine,1981,1.0
Ukraine,1982,1.0
Ukraine,1983,1.0
Ukraine,1984,0.875
Ukraine,1985,0.5
Ukraine,1986,0.5
Ukraine,1987,0.625
Ukraine,1988,0.5
Ukraine,1989,0.25
Ukraine,1990,0.125
Ukraine,1991,0.125
Ukraine,1992,0.375
Ukraine,1993,0.625
Ukraine,1994,0.25
Ukraine,1995,0.125
Ukraine,1996,0.25
Ukraine,1997,0.75
Ukraine,1998,0.875
Ukraine,1999,0.125
Ukraine,2000,0.25
Ukraine,2001,0.25
Ukraine,2002,0.5
Ukraine,2003,0.75
Ukraine,2004,0.625
Ukraine,2005,0.375
Ukraine,2006,0.0
Ukraine,2007,0.0
Ukraine,2008,0.0
Ukraine,2009,0.625
Ukraine,2010,0.125
Ukraine,2011,0.375
Ukraine,2012,0.375
Ukraine,2013,0.375
Ukraine,2014,0.5
United Kingdom,1900,0.0
United Kingdom,1901,0.0
United Kingdom,1902,0.0
United Kingdom,1903,0.0
United Kingdom,1904,0.0
United Kingdom,1905,0.0
United Kingdom,1906,0.0
United Kingdom,1907,0.0
United Kingdom,1908,0.125
United Kingdom,1909,0.125
United Kingdom,1910,0.125
United Kingdom,1911,0.125
United Kingdom,1912,0.125
United Kingdom,1913,0.0
United Kingdom,1914,0.0
United Kingdom,1915,0.0
United Kingdom,1916,0.125
United Kingdom,1917,0.375
United Kingdom,1918,0.0
United Kingdom,1919,0.125
United Kingdom,1920,0.125
United Kingdom,1921,0.125
United Kingdom,1922,0.125
United Kingdom,1923,0.125
United Kingdom,1924,0.125
United Kingdom,1925,0.125
United Kingdom,1926,0.25
United Kingdom,1927,0.125
United Kingdom,1928,0.125
United Kingdom,1929,0.125
United Kingdom,1930,0.125
United Kingdom,1931,0.5
United Kingdom,1932,0.25
United Kingdom,1933,0.125
United Kingdom,1934,0.125
United Kingdom,1935,0.125
United Kingdom,1936,0.125
United Kingdom,1937,0.125
United Kingdom,1938,0.0
United Kingdom,1939,0.0
United Kingdom,1940,0.125
United Kingdom,1941,0.0
United Kingdom,1942,0.0
United Kingdom,1943,0.0
United Kingdom,1944,0.0
United Kingdom,1945,0.0
United Kingdom,1946,0.0
United Kingdom,1947,0.0
United Kingdom,1948,0.0
United Kingdom,1949,0.0
United Kingdom,1950,0.0
United Kingdom,1951,0.0
United Kingdom,1952,0.0
United Kingdom,1953,0.0
United Kingdom,1954,0.0
United Kingdom,1955,0.0
United Kingdom,1956,0.0
United Kingdom,1957,0.0
United Kingdom,1958,0.0
United Kingdom,1959,0.0
United Kingdom,1960,0.0
United Kingdom,1961,0.0
United Kingdom,1962,0.0
United Kingdom,1963,0.0
United Kingdom,1964,0.0
United Kingdom,1965,0.0
United Kingdom,1966,0.0
United Kingdom,1967,0.0
United Kingdom,1968,0.0
United Kingdom,1969,0.0
United Kingdom,1970,0.125
United Kingdom,1971,0.125
United Kingdom,1972,0.125
United Kingdom,1973,0.125
United Kingdom,1974,0.5
United Kingdom,1975,0.5
United Kingdom,1976,0.5
United Kingdom,1977,0.5
United Kingdom,1978,0.5
United Kingdom,1979,0.375
United Kingdom,1980,0.375
United Kingdom,1981,0.375
United Kingdom,1982,0.125
United Kingdom,1983,0.125
United Kingdom,1984,0.25
United Kingdom,1985,0.125
United Kingdom,1986,0.125
United Kingdom,1987,0.125
United Kingdom,1988,0.0
United Kingdom,1989,0.0
United Kingdom,1990,0.125
United Kingdom,1991,0.125
United Kingdom,1992,0.25
United Kingdom,1993,0.125
United Kingdom,1994,0.125
United Kingdom,1995,0.125
United Kingdom,1996,0.125
United Kingdom,1997,0.0
United Kingdom,1998,0.0
United Kingdom,1999,0.0
United Kingdom,2000,0.0
United Kingdom,2001,0.0
United Kingdom,2002,0.0
United Kingdom,2003,0.0
United Kingdom,2004,0.0
United Kingdom,2005,0.0
United Kingdom,2006,0.0
United Kingdom,2007,0.0
United Kingdom,2008,0.25
United Kingdom,2009,0.375
United Kingdom,2010,0.125
United Kingdom,2011,0.125
United Kingdom,2012,0.125
United Kingdom,2013,0.125
United Kingdom,2014,0.0
United Kingdom,2015,0.0
United Kingdom,2016,0.125
United Kingdom,2017,0.25
United Kingdom,2018,0.25
United Kingdom,2019,0.375
United Kingdom,2020,0.625
United Kingdom,2021,0.25
United Kingdom,2022,0.375
United Kingdom,2023,0.375
United Kingdom,2024,0.125
United Kingdom,2025,0.0
Venezuela,1970,0.0
Venezuela,1971,0.0
Venezuela,1972,0.0
Venezuela,1973,0.0
Venezuela,1974,0.0
Venezuela,1975,0.0
Venezuela,1976,0.0
Venezuela,1977,0.125
Venezuela,1978,0.125
Venezuela,1979,0.125
Venezuela,1980,0.125
Venezuela,1981,0.125
Venezuela,1982,0.625
Venezuela,1983,0.75
Venezuela,1984,0.5
Venezuela,1985,0.25
Venezuela,1986,0.75
Venezuela,1987,0.875
Venezuela,1988,0.75
Venezuela,1989,1.0
Venezuela,1990,0.25
Venezuela,1991,0.5
Venezuela,1992,1.0
Venezuela,1993,0.875
Venezuela,1994,0.875
Venezuela,1995,0.875
Venezuela,1996,0.625
Venezuela,1997,0.375
Venezuela,1998,0.75
Venezuela,1999,0.625
Venezuela,2000,0.5
Venezuela,2001,0.625
Venezuela,2002,1.0
Venezuela,2003,1.0
Venezuela,2004,0.25
Venezuela,2005,0.25
Venezuela,2006,0.25
Venezuela,2007,0.375
Venezuela,2008,0.375
Venezuela,2009,0.625
Venezuela,2010,0.625
Venezuela,2011,0.5
Venezuela,2012,0.25
Venezuela,2013,0.875
Venezuela,2014,0.875
Venezuela,2015,0.875
Venezuela,2016,1.0
Venezuela,2017,1.0
Venezuela,2018,1.0
Venezuela,2019,1.0
Venezuela,2020,1.0
Venezuela,2021,1.0
Venezuela,2022,1.0
Venezuela,2023,1.0
Venezuela,2024,1.0
Venezuela,2025,1.0
